,season,raceId,driverId,lap,stop,duration
0,2011,1,alguersuari,1,1,26.898
1,2011,1,michael_schumacher,1,1,25.021
2,2011,1,webber,11,1,23.426
3,2011,1,alonso,12,1,23.251
4,2011,1,massa,13,1,23.842
5,2011,1,barrichello,13,1,23.643
6,2011,1,vettel,14,1,22.603
7,2011,1,resta,14,1,24.863
8,2011,1,ambrosio,14,1,25.259
9,2011,1,buemi,15,1,25.342
10,2011,1,heidfeld,15,1,22.994
11,2011,1,hamilton,16,1,23.227
12,2011,1,petrov,16,1,24.535
13,2011,1,rosberg,16,1,23.716
14,2011,1,kobayashi,16,1,24.064
15,2011,1,sutil,16,1,25.978
16,2011,1,trulli,16,1,24.899
17,2011,1,button,17,1,16.867
18,2011,1,alguersuari,17,2,24.463
19,2011,1,kovalainen,17,1,24.865
20,2011,1,michael_schumacher,17,2,23.988
21,2011,1,glock,18,1,23.792
22,2011,1,button,19,2,23.303
23,2011,1,perez,23,1,23.438
24,2011,1,barrichello,23,2,37.856
25,2011,1,webber,26,2,22.520
26,2011,1,alonso,27,2,24.733
27,2011,1,barrichello,28,3,16.892
28,2011,1,buemi,29,2,23.100
29,2011,1,heidfeld,30,2,25.098
30,2011,2,sutil,3,1,31.694
31,2011,2,barrichello,3,1,32.978
32,2011,2,webber,10,1,22.572
33,2011,2,resta,11,1,22.773
34,2011,2,hamilton,12,1,22.552
35,2011,2,vettel,13,1,23.019
36,2011,2,heidfeld,13,1,23.900
37,2011,2,button,13,1,22.400
38,2011,2,massa,13,1,29.224
39,2011,2,trulli,13,1,25.516
40,2011,2,alonso,14,1,23.152
41,2011,2,michael_schumacher,14,1,22.576
42,2011,2,petrov,15,1,23.182
43,2011,2,buemi,15,1,23.280
44,2011,2,rosberg,15,1,24.967
45,2011,2,kovalainen,15,1,29.084
46,2011,2,alguersuari,16,1,23.584
47,2011,2,sutil,16,2,22.046
48,2011,2,kobayashi,17,1,23.280
49,2011,2,perez,17,1,23.597
50,2011,2,glock,17,1,24.617
51,2011,2,ambrosio,17,1,26.252
52,2011,2,liuzzi,17,1,27.815
53,2011,2,barrichello,17,2,24.502
54,2011,2,buemi,20,2,29.843
55,2011,2,webber,22,2,21.991
56,2011,2,button,23,2,22.471
57,2011,2,hamilton,24,2,22.611
58,2011,2,resta,24,2,22.419
59,2011,2,vettel,25,2,21.893
60,2011,3,alguersuari,9,1,22.419
61,2011,3,liuzzi,9,1,14.160
62,2011,3,michael_schumacher,10,1,20.522
63,2011,3,webber,10,1,23.442
64,2011,3,maldonado,10,1,23.160
65,2011,3,resta,11,1,21.989
66,2011,3,rosberg,12,1,20.771
67,2011,3,buemi,12,1,22.010
68,2011,3,button,14,1,23.779
69,2011,3,vettel,14,1,21.995
70,2011,3,kobayashi,14,1,21.855
71,2011,3,massa,15,1,21.624
72,2011,3,hamilton,15,1,20.878
73,2011,3,sutil,15,1,20.989
74,2011,3,alonso,16,1,22.524
75,2011,3,perez,16,1,21.473
76,2011,3,barrichello,16,1,21.709
77,2011,3,buemi,16,2,24.722
78,2011,3,glock,16,1,22.683
79,2011,3,petrov,17,1,21.981
80,2011,3,heidfeld,18,1,22.216
81,2011,3,kovalainen,19,1,22.485
82,2011,3,trulli,20,1,23.029
83,2011,3,ambrosio,20,1,22.901
84,2011,3,liuzzi,21,2,24.467
85,2011,3,karthikeyan,23,1,26.049
86,2011,3,button,24,2,20.758
87,2011,3,rosberg,25,2,22.005
88,2011,3,hamilton,25,2,20.533
89,2011,3,webber,25,2,21.132
90,2011,4,perez,1,1,29.270
91,2011,4,michael_schumacher,2,1,30.182
92,2011,4,petrov,8,1,21.422
93,2011,4,massa,9,1,22.022
94,2011,4,hamilton,9,1,20.833
95,2011,4,buemi,9,1,21.769
96,2011,4,webber,10,1,21.050
97,2011,4,alonso,10,1,21.308
98,2011,4,rosberg,10,1,22.573
99,2011,4,heidfeld,10,1,22.300
100,2011,4,barrichello,10,1,22.717
101,2011,4,sutil,10,1,21.649
102,2011,4,vettel,11,1,20.623
103,2011,4,resta,11,1,20.775
104,2011,4,maldonado,11,1,23.881
105,2011,4,button,13,1,21.368
106,2011,4,kobayashi,13,1,21.820
107,2011,4,alguersuari,13,1,22.713
108,2011,4,trulli,13,1,23.066
109,2011,4,michael_schumacher,14,2,20.907
110,2011,4,karthikeyan,14,1,27.353
111,2011,4,kovalainen,15,1,22.854
112,2011,4,liuzzi,15,1,24.634
113,2011,4,perez,16,2,22.895
114,2011,4,ambrosio,16,1,22.779
115,2011,4,liuzzi,16,2,56.611
116,2011,4,petrov,19,2,21.323
117,2011,4,hamilton,20,2,21.075
118,2011,4,webber,21,2,20.421
119,2011,4,rosberg,22,2,20.927
120,2011,5,kobayashi,1,1,24.871
121,2011,5,perez,7,1,23.592
122,2011,5,maldonado,8,1,22.689
123,2011,5,vettel,9,1,20.253
124,2011,5,buemi,9,1,20.818
125,2011,5,alonso,10,1,20.567
126,2011,5,webber,10,1,20.881
127,2011,5,michael_schumacher,10,1,20.084
128,2011,5,hamilton,11,1,19.761
129,2011,5,petrov,11,1,21.856
130,2011,5,rosberg,11,1,20.647
131,2011,5,massa,11,1,20.800
132,2011,5,alguersuari,11,1,20.741
133,2011,5,barrichello,11,1,29.936
134,2011,5,sutil,13,1,20.773
135,2011,5,button,14,1,20.015
136,2011,5,karthikeyan,14,1,24.843
137,2011,5,resta,15,1,20.070
138,2011,5,trulli,15,1,22.364
139,2011,5,kovalainen,16,1,21.019
140,2011,5,liuzzi,16,1,23.157
141,2011,5,glock,16,1,22.744
142,2011,5,ambrosio,17,1,23.176
143,2011,5,vettel,18,2,19.887
144,2011,5,alonso,19,2,20.238
145,2011,5,webber,19,2,20.079
146,2011,5,maldonado,20,2,24.821
147,2011,5,massa,21,2,21.635
148,2011,5,heidfeld,21,1,21.322
149,2011,5,hamilton,23,2,20.235
150,2011,6,michael_schumacher,12,1,35.084
151,2011,6,button,15,1,25.280
152,2011,6,rosberg,15,1,25.189
153,2011,6,vettel,16,1,28.536
154,2011,6,webber,16,1,37.735
155,2011,6,alonso,17,1,25.352
156,2011,6,kovalainen,19,1,26.477
157,2011,6,resta,20,1,24.970
158,2011,6,hamilton,22,1,31.445
159,2011,6,glock,22,1,26.827
160,2011,6,trulli,24,1,25.595
161,2011,6,maldonado,25,1,26.468
162,2011,6,massa,26,1,26.615
163,2011,6,karthikeyan,25,1,28.325
164,2011,6,resta,27,2,19.360
165,2011,6,petrov,28,1,28.856
166,2011,6,alguersuari,29,1,25.907
167,2011,6,barrichello,32,1,25.921
168,2011,6,button,33,2,26.421
169,2011,6,resta,32,3,47.226
170,2011,6,heidfeld,33,1,25.851
171,2011,6,buemi,33,1,26.073
172,2011,6,alonso,34,2,31.382
173,2011,6,rosberg,33,2,25.310
174,2011,6,liuzzi,32,1,28.298
175,2011,6,ambrosio,33,1,27.577
176,2011,6,kobayashi,34,1,28.642
177,2011,6,sutil,34,1,25.037
178,2011,6,karthikeyan,33,2,39.917
179,2011,6,hamilton,43,2,19.347
180,2011,7,button,8,1,23.650
181,2011,7,liuzzi,9,1,27.202
182,2011,7,button,13,2,14.501
183,2011,7,barrichello,15,1,23.305
184,2011,7,sutil,16,1,24.052
185,2011,7,alonso,17,1,23.893
186,2011,7,rosberg,17,1,23.105
187,2011,7,maldonado,17,1,23.571
188,2011,7,buemi,17,1,23.949
189,2011,7,ambrosio,17,1,24.143
190,2011,7,michael_schumacher,18,1,24.472
191,2011,7,alonso,19,2,26.348
192,2011,7,button,19,3,23.868
193,2011,7,rosberg,19,2,22.986
194,2011,7,alguersuari,19,1,26.045
195,2011,7,barrichello,19,2,25.066
196,2011,7,kovalainen,19,1,44.037
197,2011,7,trulli,19,1,51.684
198,2011,7,maldonado,19,2,24.943
199,2011,7,vettel,20,1,23.872
200,2011,7,webber,20,1,29.546
201,2011,7,buemi,20,2,24.649
202,2011,7,massa,21,1,24.886
203,2011,7,michael_schumacher,21,2,24.196
204,2011,7,ambrosio,23,2,30.497
205,2011,7,ambrosio,33,3,24.655
206,2011,7,michael_schumacher,34,3,22.832
207,2011,7,sutil,34,2,22.923
208,2011,7,glock,34,1,24.425
209,2011,7,barrichello,34,3,24.684
210,2011,8,maldonado,10,1,21.301
211,2011,8,heidfeld,11,1,22.114
212,2011,8,barrichello,11,1,21.163
213,2011,8,kobayashi,11,1,23.492
214,2011,8,hamilton,12,1,20.340
215,2011,8,rosberg,12,1,21.054
216,2011,8,sutil,12,1,20.676
217,2011,8,webber,13,1,20.465
218,2011,8,vettel,14,1,21.006
219,2011,8,alonso,14,1,21.477
220,2011,8,button,14,1,20.997
221,2011,8,michael_schumacher,14,1,21.201
222,2011,8,resta,14,1,20.567
223,2011,8,buemi,14,1,21.321
224,2011,8,kovalainen,14,1,23.241
225,2011,8,karthikeyan,14,1,28.030
226,2011,8,massa,15,1,20.718
227,2011,8,petrov,15,1,22.104
228,2011,8,michael_schumacher,15,2,30.665
229,2011,8,liuzzi,15,1,24.459
230,2011,8,glock,17,1,21.900
231,2011,8,trulli,18,1,23.327
232,2011,8,ambrosio,18,1,21.943
233,2011,8,alguersuari,19,1,21.391
234,2011,8,hamilton,24,2,21.035
235,2011,8,perez,25,1,21.939
236,2011,8,buemi,26,2,20.460
237,2011,8,kovalainen,26,2,21.126
238,2011,8,heidfeld,27,2,22.285
239,2011,8,resta,27,2,20.818
240,2011,9,michael_schumacher,9,1,30.242
241,2011,9,heidfeld,10,1,24.716
242,2011,9,button,11,1,25.070
243,2011,9,sutil,11,1,25.737
244,2011,9,kobayashi,11,1,28.448
245,2011,9,maldonado,11,1,26.238
246,2011,9,buemi,11,1,26.279
247,2011,9,petrov,11,1,24.880
248,2011,9,barrichello,11,1,25.860
249,2011,9,glock,11,1,25.416
250,2011,9,liuzzi,11,1,26.643
251,2011,9,ambrosio,11,1,28.742
252,2011,9,webber,12,1,23.973
253,2011,9,alonso,12,1,26.566
254,2011,9,hamilton,12,1,25.100
255,2011,9,resta,12,1,26.612
256,2011,9,rosberg,12,1,24.722
257,2011,9,perez,12,1,25.386
258,2011,9,alguersuari,12,1,24.719
259,2011,9,ricciardo,12,1,25.872
260,2011,9,vettel,13,1,24.818
261,2011,9,massa,13,1,24.159
262,2011,9,michael_schumacher,16,2,31.751
263,2011,9,kobayashi,20,2,31.551
264,2011,9,hamilton,24,2,24.065
265,2011,9,resta,24,2,45.291
266,2011,9,maldonado,24,2,24.272
267,2011,9,sutil,25,2,24.077
268,2011,9,buemi,25,2,24.620
269,2011,9,webber,26,2,25.490
270,2011,10,perez,8,1,27.247
271,2011,10,buemi,10,1,27.301
272,2011,10,chandhok,10,1,31.879
273,2011,10,webber,14,1,20.440
274,2011,10,rosberg,14,1,20.348
275,2011,10,michael_schumacher,15,1,20.768
276,2011,10,maldonado,15,1,21.601
277,2011,10,hamilton,16,1,20.982
278,2011,10,alonso,16,1,20.430
279,2011,10,vettel,16,1,20.394
280,2011,10,massa,17,1,20.344
281,2011,10,kobayashi,20,1,20.882
282,2011,10,liuzzi,20,1,22.048
283,2011,10,ricciardo,21,1,22.319
284,2011,10,sutil,22,1,20.839
285,2011,10,glock,22,1,22.252
286,2011,10,petrov,23,1,21.449
287,2011,10,alguersuari,23,1,21.062
288,2011,10,resta,23,1,23.676
289,2011,10,button,24,1,20.952
290,2011,10,ambrosio,24,1,20.762
291,2011,10,kovalainen,26,1,22.088
292,2011,10,webber,30,2,21.299
293,2011,10,chandhok,28,2,22.331
294,2011,10,hamilton,31,2,20.496
295,2011,10,alonso,32,2,20.035
296,2011,10,maldonado,35,2,21.057
297,2011,10,rosberg,36,2,20.975
298,2011,10,buemi,36,2,20.954
299,2011,10,michael_schumacher,37,2,20.299
300,2011,11,webber,10,1,20.854
301,2011,11,massa,10,1,22.293
302,2011,11,petrov,10,1,25.532
303,2011,11,barrichello,10,1,22.640
304,2011,11,button,11,1,21.786
305,2011,11,resta,11,1,22.262
306,2011,11,maldonado,11,1,23.397
307,2011,11,heidfeld,11,1,21.371
308,2011,11,glock,11,1,22.222
309,2011,11,ambrosio,11,1,25.337
310,2011,11,hamilton,12,1,21.880
311,2011,11,vettel,12,1,20.690
312,2011,11,alonso,12,1,22.886
313,2011,11,rosberg,12,1,20.767
314,2011,11,kobayashi,12,1,23.725
315,2011,11,buemi,12,1,22.349
316,2011,11,kovalainen,12,1,22.772
317,2011,11,sutil,12,1,21.902
318,2011,11,perez,12,1,22.215
319,2011,11,liuzzi,12,1,23.633
320,2011,11,michael_schumacher,13,1,21.948
321,2011,11,alguersuari,13,1,23.734
322,2011,11,trulli,13,1,23.118
323,2011,11,ricciardo,13,1,22.844
324,2011,11,maldonado,16,2,13.186
325,2011,11,heidfeld,23,2,25.434
326,2011,11,barrichello,24,2,22.217
327,2011,11,alguersuari,24,2,22.552
328,2011,11,kovalainen,24,2,22.147
329,2011,11,perez,24,2,20.570
330,2011,12,glock,1,1,35.092
331,2011,12,bruno_senna,1,1,30.795
332,2011,12,kovalainen,1,1,28.539
333,2011,12,webber,3,1,21.015
334,2011,12,button,3,1,26.046
335,2011,12,michael_schumacher,4,1,20.153
336,2011,12,vettel,5,1,20.898
337,2011,12,perez,5,1,26.092
338,2011,12,glock,6,2,13.914
339,2011,12,alonso,8,1,20.994
340,2011,12,bruno_senna,8,2,13.968
341,2011,12,massa,9,1,22.267
342,2011,12,hamilton,10,1,21.895
343,2011,12,rosberg,11,1,23.090
344,2011,12,liuzzi,11,1,21.766
345,2011,12,petrov,12,1,21.395
346,2011,12,maldonado,12,1,21.421
347,2011,12,vettel,13,2,21.411
348,2011,12,sutil,13,1,22.773
349,2011,12,barrichello,13,1,21.818
350,2011,12,michael_schumacher,13,2,20.226
351,2011,12,button,13,2,21.756
352,2011,12,ricciardo,13,1,23.780
353,2011,12,trulli,13,1,22.159
354,2011,12,ambrosio,13,1,22.939
355,2011,12,kovalainen,13,2,22.009
356,2011,12,kobayashi,14,1,24.161
357,2011,12,resta,14,1,21.334
358,2011,12,glock,14,3,24.204
359,2011,12,bruno_senna,21,3,20.756
360,2011,13,kobayashi,1,1,27.550
361,2011,13,barrichello,1,1,29.157
362,2011,13,bruno_senna,2,1,22.534
363,2011,13,ricciardo,1,1,16:44.718
364,2011,13,trulli,5,1,30.391
365,2011,13,resta,13,1,21.870
366,2011,13,michael_schumacher,16,1,22.709
367,2011,13,buemi,16,1,24.234
368,2011,13,button,17,1,21.660
369,2011,13,hamilton,18,1,22.083
370,2011,13,kobayashi,18,2,22.939
371,2011,13,alonso,19,1,22.539
372,2011,13,maldonado,19,1,23.063
373,2011,13,bruno_senna,19,2,23.145
374,2011,13,vettel,20,1,22.124
375,2011,13,alguersuari,20,1,21.988
376,2011,13,glock,20,1,25.147
377,2011,13,massa,21,1,21.821
378,2011,13,kovalainen,21,1,23.298
379,2011,13,trulli,24,2,23.420
380,2011,13,resta,31,2,23.069
381,2011,13,barrichello,32,2,23.414
382,2011,13,button,33,2,22.095
383,2011,13,ricciardo,20,2,30.777
384,2011,13,alonso,34,2,21.989
385,2011,13,hamilton,34,2,21.876
386,2011,13,vettel,35,2,21.378
387,2011,13,kovalainen,35,2,22.611
388,2011,13,michael_schumacher,37,2,22.014
389,2011,13,maldonado,37,2,22.614
390,2011,14,ricciardo,1,1,44.170
391,2011,14,rosberg,9,1,29.549
392,2011,14,alonso,10,1,30.621
393,2011,14,michael_schumacher,10,1,29.610
394,2011,14,bruno_senna,10,1,35.398
395,2011,14,massa,11,1,30.290
396,2011,14,hamilton,11,1,30.142
397,2011,14,sutil,11,1,30.718
398,2011,14,maldonado,11,1,30.888
399,2011,14,buemi,11,1,32.827
400,2011,14,kovalainen,11,1,32.202
401,2011,14,bruno_senna,11,2,36.856
402,2011,14,webber,12,1,30.462
403,2011,14,barrichello,12,1,30.456
404,2011,14,massa,12,2,32.351
405,2011,14,hamilton,13,2,33.456
406,2011,14,liuzzi,13,1,34.329
407,2011,14,vettel,14,1,30.023
408,2011,14,button,14,1,30.169
409,2011,14,perez,15,1,30.810
410,2011,14,hamilton,15,3,24.342
411,2011,14,kobayashi,16,1,30.464
412,2011,14,trulli,16,1,31.048
413,2011,14,petrov,16,1,30.807
414,2011,14,ricciardo,15,2,34.782
415,2011,14,ambrosio,16,1,31.763
416,2011,14,alguersuari,17,1,30.948
417,2011,14,resta,19,1,30.704
418,2011,14,trulli,19,2,33.317
419,2011,14,rosberg,22,2,29.417
420,2011,15,hamilton,8,1,21.091
421,2011,15,sutil,8,1,21.511
422,2011,15,liuzzi,8,1,28.244
423,2011,15,vettel,9,1,22.374
424,2011,15,michael_schumacher,9,1,20.667
425,2011,15,button,10,1,21.094
426,2011,15,alonso,10,1,21.147
427,2011,15,webber,10,1,21.820
428,2011,15,resta,10,1,21.964
429,2011,15,kobayashi,10,1,24.263
430,2011,15,kovalainen,10,1,21.412
431,2011,15,massa,11,1,21.313
432,2011,15,buemi,11,1,21.849
433,2011,15,trulli,11,1,21.636
434,2011,15,ricciardo,11,1,23.723
435,2011,15,barrichello,12,1,22.130
436,2011,15,rosberg,12,1,20.575
437,2011,15,glock,12,1,25.563
438,2011,15,ambrosio,13,1,23.013
439,2011,15,bruno_senna,15,1,25.927
440,2011,15,maldonado,16,1,21.339
441,2011,15,alguersuari,17,1,21.792
442,2011,15,petrov,18,1,21.304
443,2011,15,vettel,19,2,21.596
444,2011,15,webber,19,2,21.369
445,2011,15,button,20,2,20.713
446,2011,15,glock,19,2,21.726
447,2011,15,perez,20,1,21.655
448,2011,15,alonso,21,2,21.319
449,2011,15,hamilton,21,2,22.821
450,2011,16,liuzzi,1,1,26.379
451,2011,16,kobayashi,10,1,21.623
452,2011,16,barrichello,10,1,21.722
453,2011,16,resta,11,1,22.075
454,2011,16,trulli,12,1,22.441
455,2011,16,button,13,1,20.766
456,2011,16,rosberg,13,1,20.091
457,2011,16,bruno_senna,13,1,21.163
458,2011,16,kovalainen,13,1,21.951
459,2011,16,webber,14,1,20.828
460,2011,16,massa,14,1,23.642
461,2011,16,petrov,14,1,21.478
462,2011,16,michael_schumacher,14,1,20.238
463,2011,16,buemi,14,1,22.098
464,2011,16,hamilton,15,1,20.846
465,2011,16,alonso,15,1,20.978
466,2011,16,vettel,16,1,19.985
467,2011,16,sutil,16,1,24.820
468,2011,16,maldonado,16,1,21.569
469,2011,16,perez,16,1,21.225
470,2011,16,glock,16,1,22.533
471,2011,16,ricciardo,16,1,23.196
472,2011,16,ambrosio,16,1,26.905
473,2011,16,alguersuari,17,1,22.301
474,2011,16,liuzzi,16,2,23.544
475,2011,16,maldonado,22,2,13.984
476,2011,16,kobayashi,24,2,25.578
477,2011,16,rosberg,27,2,20.772
478,2011,16,maldonado,28,3,22.035
479,2011,16,bruno_senna,30,2,21.893
480,2011,17,perez,1,1,22.676
481,2011,17,glock,1,1,27.378
482,2011,17,barrichello,1,1,33.650
483,2011,17,trulli,1,1,40.734
484,2011,17,resta,2,1,21.525
485,2011,17,petrov,3,1,27.137
486,2011,17,sutil,15,1,21.424
487,2011,17,webber,16,1,21.392
488,2011,17,alonso,16,1,21.873
489,2011,17,hamilton,16,1,22.530
490,2011,17,alguersuari,16,1,22.856
491,2011,17,massa,17,1,21.848
492,2011,17,rosberg,17,1,21.149
493,2011,17,button,18,1,21.092
494,2011,17,michael_schumacher,18,1,20.893
495,2011,17,buemi,18,1,22.579
496,2011,17,vettel,19,1,21.415
497,2011,17,resta,19,2,24.150
498,2011,17,kovalainen,21,1,22.226
499,2011,17,bruno_senna,22,1,22.144
500,2011,17,karthikeyan,22,1,24.046
501,2011,17,ambrosio,22,1,22.687
502,2011,17,hamilton,24,2,27.193
503,2011,17,ricciardo,25,1,25.074
504,2011,17,trulli,27,2,22.894
505,2011,17,massa,30,2,14.919
506,2011,17,massa,31,3,27.619
507,2011,17,ricciardo,32,2,42.529
508,2011,17,petrov,33,2,22.519
509,2011,17,perez,34,2,24.789
510,2011,18,bruno_senna,1,1,20.882
511,2011,18,perez,2,1,24.654
512,2011,18,kobayashi,5,1,19.833
513,2011,18,massa,15,1,20.471
514,2011,18,alguersuari,15,1,43.574
515,2011,18,hamilton,16,1,19.439
516,2011,18,alonso,16,1,20.211
517,2011,18,button,16,1,20.908
518,2011,18,sutil,16,1,20.356
519,2011,18,michael_schumacher,16,1,19.660
520,2011,18,kovalainen,16,1,21.146
521,2011,18,webber,17,1,25.182
522,2011,18,rosberg,17,1,19.785
523,2011,18,trulli,17,1,20.824
524,2011,18,petrov,18,1,20.738
525,2011,18,barrichello,18,1,24.219
526,2011,18,ricciardo,18,1,21.693
527,2011,18,bruno_senna,20,2,20.330
528,2011,18,liuzzi,24,1,21.247
529,2011,18,maldonado,25,1,20.201
530,2011,18,glock,25,1,21.792
531,2011,18,resta,27,1,20.216
532,2011,18,perez,27,2,19.979
533,2011,18,maldonado,30,2,12.897
534,2011,18,kobayashi,33,2,23.108
535,2011,18,barrichello,34,2,20.534
536,2011,18,webber,35,2,
537,2011,18,alguersuari,34,2,21.363
538,2011,18,button,36,2,20.301
539,2011,18,sutil,36,2,20.614
540,2011,19,michael_schumacher,10,1,25.481
541,2011,19,bruno_senna,12,1,21.900
542,2011,19,petrov,13,1,21.169
543,2011,19,sutil,14,1,21.097
544,2011,19,button,15,1,22.005
545,2011,19,alonso,16,1,20.773
546,2011,19,hamilton,16,1,21.099
547,2011,19,rosberg,16,1,20.773
548,2011,19,barrichello,16,1,21.537
549,2011,19,vettel,17,1,20.927
550,2011,19,resta,17,1,20.745
551,2011,19,maldonado,17,1,21.561
552,2011,19,kovalainen,17,1,22.854
553,2011,19,webber,18,1,20.755
554,2011,19,bruno_senna,18,2,14.029
555,2011,19,buemi,19,1,22.417
556,2011,19,perez,20,1,22.221
557,2011,19,ambrosio,20,1,21.859
558,2011,19,ricciardo,20,1,23.473
559,2011,19,massa,21,1,21.696
560,2011,19,kobayashi,21,1,25.117
561,2011,19,alguersuari,21,1,22.773
562,2011,19,liuzzi,21,1,22.666
563,2011,19,glock,21,1,22.452
564,2011,19,trulli,22,1,22.616
565,2011,19,bruno_senna,28,3,23.289
566,2011,19,petrov,30,2,23.102
567,2011,19,button,31,2,21.038
568,2011,19,sutil,31,2,20.900
569,2011,19,kovalainen,31,2,22.013
570,2012,1,bruno_senna,1,1,24.599
571,2012,1,ricciardo,1,1,32.319
572,2012,1,massa,11,1,22.313
573,2012,1,rosberg,12,1,23.203
574,2012,1,alonso,13,1,22.035
575,2012,1,kobayashi,13,1,25.346
576,2012,1,resta,13,1,24.933
577,2012,1,webber,14,1,23.302
578,2012,1,kovalainen,14,1,24.397
579,2012,1,button,16,1,23.275
580,2012,1,vettel,16,1,24.256
581,2012,1,maldonado,16,1,23.427
582,2012,1,hamilton,17,1,22.862
583,2012,1,petrov,18,1,24.579
584,2012,1,raikkonen,19,1,24.881
585,2012,1,vergne,19,1,23.203
586,2012,1,glock,20,1,26.322
587,2012,1,pic,21,1,25.303
588,2012,1,ricciardo,22,2,23.257
589,2012,1,perez,24,1,23.882
590,2012,1,massa,28,2,22.528
591,2012,1,bruno_senna,30,2,23.777
592,2012,1,rosberg,31,2,23.017
593,2012,1,resta,33,2,24.579
594,2012,1,alonso,34,2,21.910
595,2012,1,kovalainen,34,2,24.580
596,2012,1,button,36,2,22.837
597,2012,1,hamilton,36,2,23.464
598,2012,1,kobayashi,36,2,24.162
599,2012,1,pic,35,2,48.984
600,2012,2,perez,1,1,25.671
601,2012,2,bruno_senna,1,1,31.006
602,2012,2,resta,2,1,23.988
603,2012,2,massa,3,1,24.034
604,2012,2,glock,3,1,25.096
605,2012,2,pic,3,1,29.317
606,2012,2,button,4,1,24.305
607,2012,2,alonso,4,1,24.653
608,2012,2,hulkenberg,4,1,23.856
609,2012,2,ricciardo,4,1,25.470
610,2012,2,petrov,4,1,24.718
611,2012,2,kovalainen,4,1,32.670
612,2012,2,hamilton,5,1,24.271
613,2012,2,webber,5,1,24.569
614,2012,2,vettel,5,1,25.658
615,2012,2,rosberg,5,1,25.600
616,2012,2,maldonado,5,1,25.535
617,2012,2,raikkonen,5,1,27.602
618,2012,2,kobayashi,5,1,28.122
619,2012,2,michael_schumacher,5,1,24.831
620,2012,2,bruno_senna,7,2,26.269
621,2012,2,button,13,2,25.922
622,2012,2,rosberg,13,2,25.199
623,2012,2,raikkonen,13,2,24.927
624,2012,2,kobayashi,13,2,26.255
625,2012,2,rosa,13,1,15.684
626,2012,2,petrov,13,2,29.359
627,2012,2,glock,13,2,25.660
628,2012,2,bruno_senna,13,3,24.980
629,2012,2,hamilton,14,2,27.961
630,2012,3,webber,6,1,20.474
631,2012,3,kobayashi,9,1,21.551
632,2012,3,vettel,9,1,21.449
633,2012,3,hulkenberg,9,1,32.407
634,2012,3,raikkonen,10,1,21.433
635,2012,3,hamilton,10,1,20.903
636,2012,3,petrov,10,1,21.851
637,2012,3,button,11,1,20.563
638,2012,3,grosjean,11,1,21.184
639,2012,3,resta,11,1,20.387
640,2012,3,maldonado,11,1,21.569
641,2012,3,vergne,11,1,22.835
642,2012,3,michael_schumacher,12,1,21.746
643,2012,3,alonso,12,1,20.296
644,2012,3,bruno_senna,12,1,21.184
645,2012,3,kovalainen,12,1,22.713
646,2012,3,rosberg,13,1,21.113
647,2012,3,perez,16,1,23.009
648,2012,3,karthikeyan,16,1,24.937
649,2012,3,ricciardo,17,1,21.884
650,2012,3,rosa,17,1,23.634
651,2012,3,massa,18,1,20.250
652,2012,3,glock,18,1,21.327
653,2012,3,pic,19,1,22.306
654,2012,3,webber,21,2,20.377
655,2012,3,hamilton,22,2,20.691
656,2012,3,button,24,2,20.474
657,2012,3,kobayashi,25,2,21.012
658,2012,3,alonso,27,2,20.136
659,2012,3,raikkonen,28,2,21.494
660,2012,4,kovalainen,1,1,25.047
661,2012,4,ricciardo,7,1,25.829
662,2012,4,button,8,1,23.016
663,2012,4,massa,8,1,23.557
664,2012,4,rosberg,8,1,22.228
665,2012,4,hamilton,9,1,28.341
666,2012,4,webber,9,1,22.236
667,2012,4,alonso,9,1,22.094
668,2012,4,perez,9,1,23.408
669,2012,4,bruno_senna,9,1,23.405
670,2012,4,michael_schumacher,9,1,21.979
671,2012,4,hulkenberg,9,1,22.413
672,2012,4,rosa,9,1,24.241
673,2012,4,grosjean,10,1,23.246
674,2012,4,vergne,10,1,22.763
675,2012,4,petrov,10,1,23.411
676,2012,4,glock,10,1,23.423
677,2012,4,karthikeyan,10,1,25.896
678,2012,4,vettel,11,1,22.017
679,2012,4,raikkonen,11,1,22.412
680,2012,4,maldonado,11,1,22.868
681,2012,4,pic,12,1,24.020
682,2012,4,kovalainen,13,2,23.323
683,2012,4,resta,14,1,22.069
684,2012,4,kobayashi,14,1,22.758
685,2012,4,hulkenberg,19,2,22.446
686,2012,4,perez,21,2,23.428
687,2012,4,karthikeyan,21,2,25.204
688,2012,4,button,22,2,22.270
689,2012,4,rosberg,22,2,22.903
690,2012,5,perez,1,1,21.864
691,2012,5,webber,6,1,20.119
692,2012,5,vettel,7,1,19.745
693,2012,5,kobayashi,8,1,22.260
694,2012,5,rosberg,9,1,20.502
695,2012,5,button,9,1,20.333
696,2012,5,resta,9,1,19.987
697,2012,5,alonso,10,1,19.456
698,2012,5,grosjean,10,1,20.223
699,2012,5,michael_schumacher,10,1,20.113
700,2012,5,vergne,10,1,20.388
701,2012,5,massa,10,1,20.130
702,2012,5,hulkenberg,10,1,20.521
703,2012,5,petrov,10,1,24.856
704,2012,5,rosa,10,1,22.275
705,2012,5,maldonado,11,1,20.620
706,2012,5,raikkonen,11,1,19.777
707,2012,5,ricciardo,11,1,21.101
708,2012,5,karthikeyan,11,1,21.518
709,2012,5,kovalainen,13,1,21.290
710,2012,5,hamilton,14,1,21.963
711,2012,5,glock,14,1,21.082
712,2012,5,pic,15,1,20.936
713,2012,5,webber,17,2,24.864
714,2012,5,perez,17,2,21.055
715,2012,5,hulkenberg,19,2,20.558
716,2012,5,rosa,19,2,22.135
717,2012,5,rosberg,22,2,20.059
718,2012,5,karthikeyan,22,2,22.515
719,2012,5,resta,23,2,21.680
720,2012,6,kobayashi,1,1,28.390
721,2012,6,petrov,3,1,39.391
722,2012,6,vergne,17,1,26.063
723,2012,6,rosberg,27,1,24.874
724,2012,6,webber,29,1,25.566
725,2012,6,hamilton,29,1,25.748
726,2012,6,raikkonen,29,1,26.380
727,2012,6,hulkenberg,29,1,26.447
728,2012,6,bruno_senna,29,1,26.410
729,2012,6,karthikeyan,29,1,27.306
730,2012,6,alonso,30,1,25.220
731,2012,6,kovalainen,30,1,26.066
732,2012,6,glock,30,1,25.567
733,2012,6,massa,31,1,24.993
734,2012,6,pic,33,1,27.186
735,2012,6,michael_schumacher,34,1,25.117
736,2012,6,perez,34,1,25.666
737,2012,6,resta,35,1,25.642
738,2012,6,button,38,1,25.219
739,2012,6,perez,39,2,19.677
740,2012,6,ricciardo,40,1,25.335
741,2012,6,vettel,46,1,25.079
742,2012,6,glock,54,2,36.503
743,2012,6,vergne,70,2,26.157
744,2012,6,kovalainen,73,2,31.293
745,2012,6,karthikeyan,74,2,26.973
746,2012,7,massa,12,1,21.128
747,2012,7,resta,13,1,21.489
748,2012,7,michael_schumacher,13,1,21.807
749,2012,7,button,15,1,21.748
750,2012,7,vettel,16,1,21.639
751,2012,7,vergne,16,1,22.278
752,2012,7,hamilton,17,1,21.375
753,2012,7,webber,17,1,21.199
754,2012,7,ricciardo,17,1,21.689
755,2012,7,kovalainen,17,1,21.733
756,2012,7,petrov,18,1,21.888
757,2012,7,alonso,19,1,21.133
758,2012,7,rosberg,19,1,21.222
759,2012,7,grosjean,21,1,21.830
760,2012,7,hulkenberg,21,1,24.583
761,2012,7,bruno_senna,23,1,22.781
762,2012,7,kobayashi,24,1,21.453
763,2012,7,glock,24,1,25.520
764,2012,7,pic,28,1,23.291
765,2012,7,maldonado,29,1,22.704
766,2012,7,button,33,2,21.845
767,2012,7,rosberg,38,2,21.179
768,2012,7,raikkonen,40,1,21.534
769,2012,7,perez,41,1,21.407
770,2012,7,hulkenberg,42,2,23.660
771,2012,7,kovalainen,42,2,21.704
772,2012,7,michael_schumacher,43,2,22.524
773,2012,7,vergne,43,2,23.163
774,2012,7,petrov,43,2,21.403
775,2012,7,resta,44,2,21.734
776,2012,8,button,10,1,20.246
777,2012,8,perez,10,1,21.032
778,2012,8,massa,11,1,20.498
779,2012,8,pic,11,1,31.636
780,2012,8,kovalainen,12,1,21.040
781,2012,8,hamilton,13,1,19.355
782,2012,8,petrov,13,1,20.726
783,2012,8,kobayashi,14,1,23.071
784,2012,8,raikkonen,14,1,21.879
785,2012,8,maldonado,14,1,21.342
786,2012,8,hulkenberg,14,1,21.198
787,2012,8,ricciardo,14,1,21.209
788,2012,8,rosa,14,1,23.127
789,2012,8,alonso,15,1,19.789
790,2012,8,karthikeyan,15,1,22.930
791,2012,8,vettel,16,1,20.357
792,2012,8,grosjean,16,1,20.479
793,2012,8,vergne,17,1,21.303
794,2012,8,michael_schumacher,19,1,20.477
795,2012,8,webber,19,1,20.246
796,2012,8,rosberg,20,1,20.625
797,2012,8,kobayashi,20,2,25.719
798,2012,8,bruno_senna,20,1,28.440
799,2012,8,resta,23,1,20.295
800,2012,8,bruno_senna,24,2,14.659
801,2012,8,perez,25,2,20.904
802,2012,8,petrov,25,2,21.224
803,2012,8,button,26,2,19.640
804,2012,8,massa,27,2,20.126
805,2012,8,kovalainen,27,2,24.445
806,2012,9,resta,1,1,32.790
807,2012,9,grosjean,2,1,34.201
808,2012,9,vettel,10,1,25.829
809,2012,9,maldonado,11,1,25.630
810,2012,9,perez,11,1,25.192
811,2012,9,michael_schumacher,12,1,25.938
812,2012,9,kovalainen,12,1,26.196
813,2012,9,maldonado,12,2,33.068
814,2012,9,massa,13,1,25.325
815,2012,9,raikkonen,13,1,25.581
816,2012,9,pic,13,1,26.313
817,2012,9,webber,14,1,25.854
818,2012,9,bruno_senna,14,1,25.983
819,2012,9,vergne,14,1,26.489
820,2012,9,alonso,15,1,25.372
821,2012,9,rosberg,15,1,25.189
822,2012,9,kobayashi,16,1,26.845
823,2012,9,hulkenberg,16,1,26.060
824,2012,9,button,16,1,25.138
825,2012,9,ricciardo,16,1,25.626
826,2012,9,karthikeyan,16,1,29.908
827,2012,9,glock,18,1,26.165
828,2012,9,hamilton,21,1,24.498
829,2012,9,grosjean,26,2,25.388
830,2012,9,rosa,27,1,27.715
831,2012,9,hamilton,28,2,25.003
832,2012,9,ricciardo,29,2,25.613
833,2012,9,kovalainen,29,2,26.434
834,2012,9,bruno_senna,30,2,26.573
835,2012,9,vettel,31,2,25.319
836,2012,10,massa,1,1,23.049
837,2012,10,bruno_senna,1,1,47.942
838,2012,10,grosjean,1,1,32.766
839,2012,10,hamilton,3,1,21.012
840,2012,10,vergne,6,1,18.901
841,2012,10,resta,10,1,17.899
842,2012,10,raikkonen,11,1,18.002
843,2012,10,hulkenberg,12,1,18.442
844,2012,10,webber,12,1,18.253
845,2012,10,rosberg,12,1,18.395
846,2012,10,maldonado,13,1,19.646
847,2012,10,kovalainen,13,1,19.385
848,2012,10,michael_schumacher,14,1,18.497
849,2012,10,petrov,14,1,19.802
850,2012,10,perez,17,1,18.143
851,2012,10,alonso,18,1,17.570
852,2012,10,button,19,1,17.867
853,2012,10,ricciardo,19,1,18.374
854,2012,10,glock,19,1,21.399
855,2012,10,vettel,20,1,17.512
856,2012,10,rosa,20,1,19.850
857,2012,10,pic,21,1,17.821
858,2012,10,kobayashi,22,1,18.904
859,2012,10,karthikeyan,22,1,19.535
860,2012,10,massa,24,2,19.137
861,2012,10,grosjean,24,2,20.388
862,2012,10,bruno_senna,25,2,18.822
863,2012,10,vergne,27,2,18.425
864,2012,10,hulkenberg,31,2,18.286
865,2012,10,kovalainen,31,2,18.801
866,2012,11,michael_schumacher,1,1,21.336
867,2012,11,michael_schumacher,4,2,13.199
868,2012,11,kobayashi,8,1,20.234
869,2012,11,vergne,12,1,20.363
870,2012,11,ricciardo,14,1,20.510
871,2012,11,button,15,1,19.408
872,2012,11,hulkenberg,15,1,20.736
873,2012,11,maldonado,15,1,20.304
874,2012,11,bruno_senna,16,1,20.213
875,2012,11,rosberg,16,1,20.352
876,2012,11,resta,16,1,20.460
877,2012,11,vettel,17,1,19.380
878,2012,11,alonso,17,1,19.669
879,2012,11,kovalainen,17,1,20.780
880,2012,11,hamilton,18,1,20.436
881,2012,11,massa,18,1,19.981
882,2012,11,petrov,18,1,21.070
883,2012,11,grosjean,19,1,22.151
884,2012,11,karthikeyan,18,1,21.259
885,2012,11,glock,18,1,21.337
886,2012,11,raikkonen,20,1,20.087
887,2012,11,webber,20,1,19.611
888,2012,11,pic,20,1,20.915
889,2012,11,perez,21,1,20.320
890,2012,11,rosa,22,1,22.332
891,2012,11,vergne,30,2,19.858
892,2012,11,michael_schumacher,32,3,20.503
893,2012,11,button,34,2,19.083
894,2012,11,ricciardo,34,2,19.630
895,2012,11,petrov,35,2,20.592
896,2012,12,rosa,1,1,29.107
897,2012,12,kobayashi,1,1,27.248
898,2012,12,maldonado,1,1,21.842
899,2012,12,kobayashi,7,2,21.669
900,2012,12,resta,10,1,21.402
901,2012,12,raikkonen,11,1,20.383
902,2012,12,webber,11,1,20.908
903,2012,12,glock,11,1,22.463
904,2012,12,ricciardo,12,1,20.287
905,2012,12,massa,12,1,20.306
906,2012,12,petrov,12,1,25.972
907,2012,12,hulkenberg,13,1,22.152
908,2012,12,kovalainen,14,1,52.206
909,2012,12,karthikeyan,14,1,23.953
910,2012,12,vergne,15,1,20.660
911,2012,12,rosa,15,2,25.027
912,2012,12,bruno_senna,16,1,21.690
913,2012,12,pic,18,1,21.611
914,2012,12,michael_schumacher,19,1,21.664
915,2012,12,button,20,1,19.668
916,2012,12,rosberg,20,1,21.062
917,2012,12,vettel,21,1,20.811
918,2012,12,kobayashi,24,3,22.106
919,2012,12,glock,25,2,20.660
920,2012,12,resta,26,2,21.115
921,2012,12,petrov,26,2,21.180
922,2012,12,hulkenberg,27,2,20.696
923,2012,12,webber,27,2,20.385
924,2012,12,massa,27,2,21.049
925,2012,12,rosa,27,3,22.064
926,2012,13,glock,7,1,28.747
927,2012,13,maldonado,13,1,22.970
928,2012,13,rosberg,14,1,22.346
929,2012,13,michael_schumacher,15,1,22.247
930,2012,13,raikkonen,17,1,21.730
931,2012,13,kovalainen,17,1,22.737
932,2012,13,pic,18,1,24.039
933,2012,13,massa,19,1,22.161
934,2012,13,petrov,19,1,22.182
935,2012,13,vettel,20,1,22.303
936,2012,13,alonso,20,1,21.515
937,2012,13,kobayashi,20,1,22.874
938,2012,13,webber,21,1,21.556
939,2012,13,resta,21,1,22.190
940,2012,13,button,22,1,23.375
941,2012,13,rosa,22,1,23.488
942,2012,13,hamilton,23,1,20.736
943,2012,13,karthikeyan,23,1,31.745
944,2012,13,ricciardo,24,1,21.720
945,2012,13,bruno_senna,24,1,22.985
946,2012,13,hulkenberg,27,1,22.746
947,2012,13,ambrosio,27,1,21.962
948,2012,13,perez,29,1,22.472
949,2012,13,glock,32,2,22.581
950,2012,13,vettel,34,2,15.008
951,2012,13,maldonado,35,2,21.814
952,2012,13,pic,35,2,22.046
953,2012,13,michael_schumacher,37,2,22.310
954,2012,13,rosberg,38,2,21.854
955,2012,13,kovalainen,39,2,21.910
956,2012,14,petrov,1,1,36.148
957,2012,14,massa,1,1,31.958
958,2012,14,webber,8,1,29.333
959,2012,14,vettel,10,1,29.117
960,2012,14,bruno_senna,10,1,30.317
961,2012,14,alonso,11,1,29.557
962,2012,14,michael_schumacher,11,1,30.879
963,2012,14,ricciardo,11,1,30.992
964,2012,14,hamilton,12,1,29.124
965,2012,14,resta,12,1,31.026
966,2012,14,rosberg,12,1,29.546
967,2012,14,vergne,12,1,30.499
968,2012,14,kovalainen,12,1,30.440
969,2012,14,maldonado,13,1,30.234
970,2012,14,raikkonen,13,1,29.669
971,2012,14,glock,13,1,30.977
972,2012,14,button,14,1,30.019
973,2012,14,grosjean,14,1,32.080
974,2012,14,kobayashi,14,1,30.693
975,2012,14,pic,16,1,30.647
976,2012,14,hulkenberg,18,1,30.363
977,2012,14,perez,18,1,30.043
978,2012,14,rosa,18,1,33.042
979,2012,14,petrov,18,2,30.341
980,2012,14,massa,19,2,29.403
981,2012,14,karthikeyan,19,1,32.436
982,2012,14,vergne,24,2,29.898
983,2012,14,bruno_senna,25,2,30.828
984,2012,14,glock,25,2,32.015
985,2012,14,kovalainen,26,2,30.099
986,2012,15,grosjean,1,1,32.329
987,2012,15,bruno_senna,1,1,27.098
988,2012,15,webber,1,1,32.462
989,2012,15,grosjean,7,2,29.793
990,2012,15,button,13,1,20.233
991,2012,15,raikkonen,13,1,20.901
992,2012,15,hulkenberg,13,1,21.007
993,2012,15,resta,13,1,21.063
994,2012,15,kobayashi,14,1,20.783
995,2012,15,pic,14,1,21.343
996,2012,15,perez,15,1,21.273
997,2012,15,karthikeyan,15,1,23.227
998,2012,15,hamilton,16,1,21.148
999,2012,15,maldonado,16,1,21.361
1000,2012,15,bruno_senna,16,2,21.538
1001,2012,15,vettel,17,1,20.508
1002,2012,15,massa,17,1,20.936
1003,2012,15,ricciardo,17,1,21.944
1004,2012,15,michael_schumacher,17,1,20.643
1005,2012,15,rosa,17,1,26.287
1006,2012,15,kovalainen,18,1,22.816
1007,2012,15,vergne,18,1,22.528
1008,2012,15,petrov,19,1,21.368
1009,2012,15,glock,20,1,20.662
1010,2012,15,bruno_senna,21,3,14.608
1011,2012,15,grosjean,22,3,21.143
1012,2012,15,webber,26,2,20.691
1013,2012,15,raikkonen,30,2,21.222
1014,2012,15,kobayashi,31,2,20.762
1015,2012,15,hamilton,31,2,19.794
1016,2012,16,kobayashi,1,1,33.003
1017,2012,16,kobayashi,7,2,13.986
1018,2012,16,hamilton,13,1,19.638
1019,2012,16,hulkenberg,13,1,22.125
1020,2012,16,grosjean,13,1,21.681
1021,2012,16,michael_schumacher,13,1,20.087
1022,2012,16,vergne,13,1,20.865
1023,2012,16,kovalainen,13,1,21.896
1024,2012,16,webber,14,1,19.811
1025,2012,16,massa,14,1,20.607
1026,2012,16,raikkonen,14,1,20.211
1027,2012,16,ricciardo,14,1,20.151
1028,2012,16,bruno_senna,14,1,21.886
1029,2012,16,petrov,14,1,22.278
1030,2012,16,glock,14,1,22.334
1031,2012,16,vettel,15,1,19.830
1032,2012,16,alonso,15,1,19.930
1033,2012,16,resta,15,1,20.805
1034,2012,16,pic,17,1,21.302
1035,2012,16,perez,18,1,24.408
1036,2012,16,karthikeyan,18,1,22.749
1037,2012,16,maldonado,21,1,21.137
1038,2012,16,hamilton,26,2,20.777
1039,2012,16,resta,28,2,20.218
1040,2012,16,grosjean,31,2,20.935
1041,2012,16,glock,31,2,20.494
1042,2012,16,webber,32,2,19.616
1043,2012,16,hulkenberg,32,2,20.982
1044,2012,16,michael_schumacher,32,2,20.276
1045,2012,16,bruno_senna,32,2,22.813
1046,2012,17,vergne,1,1,25.097
1047,2012,17,michael_schumacher,1,1,25.036
1048,2012,17,perez,14,1,21.336
1049,2012,17,perez,19,2,24.508
1050,2012,17,button,25,1,21.509
1051,2012,17,bruno_senna,26,1,22.047
1052,2012,17,karthikeyan,26,1,24.544
1053,2012,17,raikkonen,27,1,21.404
1054,2012,17,rosberg,27,1,21.490
1055,2012,17,maldonado,27,1,22.003
1056,2012,17,ricciardo,27,1,22.637
1057,2012,17,massa,28,1,21.100
1058,2012,17,hulkenberg,28,1,21.654
1059,2012,17,resta,28,1,23.948
1060,2012,17,pic,28,1,22.692
1061,2012,17,alonso,29,1,20.800
1062,2012,17,webber,30,1,20.808
1063,2012,17,maldonado,30,2,28.053
1064,2012,17,petrov,31,1,22.445
1065,2012,17,glock,31,1,27.303
1066,2012,17,hamilton,32,1,20.852
1067,2012,17,kovalainen,32,1,22.967
1068,2012,17,vettel,33,1,20.707
1069,2012,17,rosa,32,1,23.830
1070,2012,17,vergne,33,2,21.658
1071,2012,17,michael_schumacher,33,2,21.322
1072,2012,17,grosjean,36,1,20.976
1073,2012,17,kobayashi,36,1,22.726
1074,2012,18,rosberg,1,1,29.277
1075,2012,18,grosjean,1,1,26.057
1076,2012,18,resta,1,1,26.670
1077,2012,18,vergne,9,1,20.319
1078,2012,18,grosjean,9,2,21.017
1079,2012,18,resta,9,2,19.829
1080,2012,18,vettel,13,1,24.962
1081,2012,18,kobayashi,25,1,19.529
1082,2012,18,massa,26,1,19.585
1083,2012,18,ricciardo,26,1,20.122
1084,2012,18,pic,26,1,21.941
1085,2012,18,michael_schumacher,27,1,19.701
1086,2012,18,glock,27,1,19.884
1087,2012,18,petrov,27,1,20.769
1088,2012,18,alonso,28,1,19.368
1089,2012,18,kovalainen,28,1,23.032
1090,2012,18,rosa,28,1,22.272
1091,2012,18,button,29,1,19.455
1092,2012,18,maldonado,29,1,20.723
1093,2012,18,perez,30,1,19.486
1094,2012,18,webber,30,1,19.066
1095,2012,18,raikkonen,31,1,20.278
1096,2012,18,bruno_senna,32,1,22.587
1097,2012,18,vergne,33,2,19.885
1098,2012,18,vettel,37,2,19.918
1099,2012,18,perez,38,2,33.431
1100,2012,18,ricciardo,38,2,21.231
1101,2012,18,resta,39,3,20.265
1102,2012,18,michael_schumacher,41,2,21.270
1103,2012,18,perez,44,3,26.858
1104,2012,19,grosjean,9,1,21.190
1105,2012,19,kobayashi,13,1,24.079
1106,2012,19,michael_schumacher,14,1,22.263
1107,2012,19,hulkenberg,17,1,22.099
1108,2012,19,hamilton,20,1,20.814
1109,2012,19,alonso,20,1,24.439
1110,2012,19,bruno_senna,20,1,22.143
1111,2012,19,vettel,21,1,20.904
1112,2012,19,resta,21,1,22.498
1113,2012,19,maldonado,21,1,22.342
1114,2012,19,kovalainen,21,1,22.713
1115,2012,19,glock,21,1,23.092
1116,2012,19,perez,22,1,22.079
1117,2012,19,petrov,23,1,22.762
1118,2012,19,raikkonen,24,1,24.840
1119,2012,19,rosa,24,1,24.798
1120,2012,19,karthikeyan,25,1,24.497
1121,2012,19,massa,26,1,21.520
1122,2012,19,pic,26,1,22.379
1123,2012,19,ricciardo,30,1,22.651
1124,2012,19,resta,30,2,22.444
1125,2012,19,rosberg,34,1,21.346
1126,2012,19,button,35,1,21.445
1127,2012,19,michael_schumacher,39,2,21.297
1128,2012,20,raikkonen,5,1,21.541
1129,2012,20,michael_schumacher,5,1,25.980
1130,2012,20,kobayashi,8,1,27.266
1131,2012,20,michael_schumacher,8,2,22.486
1132,2012,20,rosberg,9,1,23.018
1133,2012,20,ricciardo,9,1,22.838
1134,2012,20,webber,9,1,23.127
1135,2012,20,hamilton,10,1,24.410
1136,2012,20,alonso,10,1,22.472
1137,2012,20,vettel,10,1,20.997
1138,2012,20,resta,10,1,28.336
1139,2012,20,karthikeyan,13,1,27.113
1140,2012,20,pic,13,1,24.427
1141,2012,20,glock,14,1,23.251
1142,2012,20,petrov,14,1,23.031
1143,2012,20,rosa,14,1,25.787
1144,2012,20,massa,15,1,22.596
1145,2012,20,vergne,15,1,22.362
1146,2012,20,kovalainen,15,1,23.429
1147,2012,20,michael_schumacher,17,3,22.243
1148,2012,20,hamilton,18,2,21.606
1149,2012,20,alonso,18,2,
1150,2012,20,kobayashi,18,2,24.254
1151,2012,20,rosberg,18,2,21.806
1152,2012,20,resta,18,2,21.364
1153,2012,20,vettel,19,2,22.016
1154,2012,20,webber,19,2,21.232
1155,2012,20,ricciardo,19,2,21.182
1156,2012,20,raikkonen,19,2,22.731
1157,2012,20,massa,19,2,21.680
1158,2013,1,button,4,1,22.282
1159,2013,1,webber,5,1,24.240
1160,2013,1,grosjean,5,1,22.239
1161,2013,1,gutierrez,5,1,22.316
1162,2013,1,bottas,6,1,23.528
1163,2013,1,chilton,6,1,36.564
1164,2013,1,vettel,7,1,21.807
1165,2013,1,garde,7,1,24.104
1166,2013,1,massa,8,1,21.754
1167,2013,1,resta,8,1,23.010
1168,2013,1,pic,8,1,23.394
1169,2013,1,alonso,9,1,21.792
1170,2013,1,raikkonen,9,1,22.709
1171,2013,1,vergne,9,1,23.074
1172,2013,1,jules_bianchi,9,1,23.371
1173,2013,1,maldonado,10,1,23.099
1174,2013,1,hamilton,13,1,22.155
1175,2013,1,rosberg,14,1,22.274
1176,2013,1,ricciardo,15,1,23.435
1177,2013,1,perez,16,1,23.677
1178,2013,1,garde,16,2,23.834
1179,2013,1,webber,18,2,21.717
1180,2013,1,grosjean,19,2,22.133
1181,2013,1,chilton,19,2,30.838
1182,2013,1,alonso,20,2,21.606
1183,2013,1,button,20,2,23.571
1184,2013,1,sutil,21,1,22.693
1185,2013,1,vettel,21,2,22.704
1186,2013,1,massa,23,2,21.511
1187,2013,1,perez,23,2,22.004
1188,2013,2,vettel,5,1,21.135
1189,2013,2,massa,5,1,22.403
1190,2013,2,sutil,6,1,37.833
1191,2013,2,ricciardo,6,1,22.416
1192,2013,2,raikkonen,6,1,25.905
1193,2013,2,resta,6,1,43.713
1194,2013,2,maldonado,6,1,24.737
1195,2013,2,garde,6,1,23.252
1196,2013,2,jules_bianchi,6,1,26.546
1197,2013,2,bottas,6,1,24.960
1198,2013,2,chilton,6,1,30.365
1199,2013,2,webber,7,1,21.010
1200,2013,2,hamilton,7,1,24.933
1201,2013,2,button,7,1,22.448
1202,2013,2,hulkenberg,7,1,22.996
1203,2013,2,perez,7,1,21.583
1204,2013,2,grosjean,7,1,22.105
1205,2013,2,gutierrez,7,1,24.397
1206,2013,2,vergne,7,1,49.216
1207,2013,2,pic,7,1,44.428
1208,2013,2,rosberg,8,1,22.028
1209,2013,2,maldonado,13,2,32.561
1210,2013,2,jules_bianchi,17,2,23.755
1211,2013,2,garde,18,2,22.706
1212,2013,2,webber,19,2,20.736
1213,2013,2,ricciardo,19,2,22.388
1214,2013,2,chilton,19,2,22.668
1215,2013,2,massa,20,2,21.635
1216,2013,2,grosjean,20,2,21.812
1217,2013,2,resta,20,2,2:03.124
1218,2013,3,webber,1,1,21.287
1219,2013,3,ricciardo,4,1,24.946
1220,2013,3,hamilton,5,1,20.379
1221,2013,3,rosberg,5,1,22.299
1222,2013,3,pic,5,1,21.265
1223,2013,3,alonso,6,1,19.719
1224,2013,3,raikkonen,6,1,20.753
1225,2013,3,jules_bianchi,6,1,21.097
1226,2013,3,garde,6,1,20.905
1227,2013,3,massa,7,1,20.753
1228,2013,3,grosjean,7,1,20.083
1229,2013,3,maldonado,7,1,20.794
1230,2013,3,chilton,7,1,21.063
1231,2013,3,vettel,14,1,19.323
1232,2013,3,hulkenberg,14,1,22.838
1233,2013,3,resta,14,1,20.598
1234,2013,3,webber,15,2,26.956
1235,2013,3,vergne,15,1,20.977
1236,2013,3,bottas,16,1,21.614
1237,2013,3,jules_bianchi,16,2,24.834
1238,2013,3,pic,17,2,22.183
1239,2013,3,massa,19,2,20.027
1240,2013,3,rosberg,19,2,19.894
1241,2013,3,rosberg,20,3,22.727
1242,2013,3,garde,20,2,20.743
1243,2013,3,hamilton,21,2,20.584
1244,2013,3,raikkonen,21,2,20.759
1245,2013,3,chilton,21,2,25.091
1246,2013,3,alonso,23,2,20.521
1247,2013,3,button,23,1,19.898
1248,2013,4,gutierrez,1,1,28.102
1249,2013,4,sutil,1,1,26.495
1250,2013,4,garde,2,1,28.344
1251,2013,4,vergne,2,1,41.485
1252,2013,4,alonso,7,1,23.055
1253,2013,4,webber,8,1,21.798
1254,2013,4,grosjean,8,1,24.605
1255,2013,4,alonso,8,2,21.436
1256,2013,4,rosberg,9,1,22.237
1257,2013,4,button,9,1,23.093
1258,2013,4,ricciardo,9,1,22.529
1259,2013,4,jules_bianchi,9,1,24.325
1260,2013,4,vettel,10,1,21.660
1261,2013,4,massa,10,1,21.665
1262,2013,4,perez,10,1,21.471
1263,2013,4,hamilton,10,1,22.072
1264,2013,4,maldonado,10,1,23.173
1265,2013,4,chilton,10,1,22.745
1266,2013,4,pic,11,1,22.912
1267,2013,4,hulkenberg,12,1,21.656
1268,2013,4,bottas,13,1,22.729
1269,2013,4,resta,14,1,22.009
1270,2013,4,garde,14,2,22.950
1271,2013,4,raikkonen,16,1,22.715
1272,2013,4,gutierrez,16,2,21.997
1273,2013,4,massa,17,2,21.722
1274,2013,4,sutil,18,2,22.199
1275,2013,4,rosberg,20,2,21.331
1276,2013,4,perez,20,2,21.161
1277,2013,4,webber,21,2,21.221
1278,2013,5,jules_bianchi,2,1,29.994
1279,2013,5,webber,7,1,19.668
1280,2013,5,massa,8,1,19.490
1281,2013,5,sutil,8,1,1:14.026
1282,2013,5,hulkenberg,8,1,19.993
1283,2013,5,maldonado,8,1,20.205
1284,2013,5,pic,8,1,20.734
1285,2013,5,alonso,9,1,18.909
1286,2013,5,hamilton,9,1,22.018
1287,2013,5,resta,9,1,20.615
1288,2013,5,vergne,9,1,19.772
1289,2013,5,garde,9,1,21.686
1290,2013,5,bottas,9,1,21.171
1291,2013,5,rosberg,10,1,19.414
1292,2013,5,vettel,10,1,18.606
1293,2013,5,raikkonen,10,1,19.978
1294,2013,5,perez,10,1,19.250
1295,2013,5,ricciardo,10,1,19.795
1296,2013,5,button,11,1,18.810
1297,2013,5,gutierrez,13,1,22.144
1298,2013,5,maldonado,13,2,13.266
1299,2013,5,chilton,15,1,25.294
1300,2013,5,jules_bianchi,16,2,20.656
1301,2013,5,resta,19,2,19.792
1302,2013,5,massa,20,2,19.373
1303,2013,5,webber,20,2,19.151
1304,2013,5,vergne,20,2,20.671
1305,2013,5,maldonado,20,3,23.139
1306,2013,5,garde,20,2,22.029
1307,2013,5,alonso,21,2,19.952
1308,2013,6,maldonado,1,1,40.507
1309,2013,6,garde,1,1,35.100
1310,2013,6,resta,9,1,25.643
1311,2013,6,ricciardo,22,1,25.225
1312,2013,6,jules_bianchi,22,1,25.098
1313,2013,6,chilton,23,1,25.337
1314,2013,6,garde,24,2,25.676
1315,2013,6,webber,25,1,24.316
1316,2013,6,raikkonen,26,1,24.420
1317,2013,6,button,26,1,24.585
1318,2013,6,massa,26,1,25.331
1319,2013,6,hulkenberg,27,1,24.974
1320,2013,6,alonso,28,1,24.489
1321,2013,6,gutierrez,28,1,25.364
1322,2013,6,perez,29,1,24.672
1323,2013,6,vergne,29,1,24.827
1324,2013,6,vettel,30,1,24.375
1325,2013,6,sutil,30,1,25.274
1326,2013,6,bottas,30,1,29.063
1327,2013,6,grosjean,30,1,24.565
1328,2013,6,maldonado,30,2,26.146
1329,2013,6,rosberg,31,1,25.200
1330,2013,6,hamilton,31,1,24.801
1331,2013,6,jules_bianchi,35,2,25.215
1332,2013,6,garde,35,3,25.862
1333,2013,6,chilton,48,2,19.553
1334,2013,6,grosjean,62,2,39.980
1335,2013,6,gutierrez,63,2,25.926
1336,2013,6,chilton,63,3,26.198
1337,2013,6,raikkonen,70,2,25.125
1338,2013,7,garde,8,1,22.323
1339,2013,7,sutil,9,1,22.789
1340,2013,7,pic,11,1,22.184
1341,2013,7,ricciardo,12,1,21.223
1342,2013,7,hulkenberg,12,1,21.623
1343,2013,7,maldonado,12,1,24.557
1344,2013,7,webber,13,1,20.716
1345,2013,7,vergne,13,1,21.900
1346,2013,7,perez,13,1,20.427
1347,2013,7,rosberg,14,1,21.125
1348,2013,7,bottas,14,1,22.242
1349,2013,7,vettel,16,1,20.835
1350,2013,7,alonso,16,1,20.512
1351,2013,7,massa,17,1,20.473
1352,2013,7,maldonado,17,2,14.446
1353,2013,7,hamilton,19,1,20.879
1354,2013,7,gutierrez,21,1,22.017
1355,2013,7,raikkonen,22,1,25.182
1356,2013,7,button,27,1,20.212
1357,2013,7,rosberg,31,2,20.832
1358,2013,7,garde,32,2,22.039
1359,2013,7,pic,36,2,22.033
1360,2013,7,sutil,37,2,
1361,2013,7,hulkenberg,38,2,21.014
1362,2013,7,chilton,38,1,21.374
1363,2013,7,ricciardo,39,2,21.315
1364,2013,7,garde,38,3,29.056
1365,2013,7,bottas,40,2,24.418
1366,2013,7,massa,41,2,20.372
1367,2013,7,jules_bianchi,41,1,21.378
1368,2013,8,hamilton,8,1,29.026
1369,2013,8,grosjean,9,1,24.725
1370,2013,8,resta,9,1,25.004
1371,2013,8,alonso,10,1,24.572
1372,2013,8,webber,10,1,31.448
1373,2013,8,gutierrez,10,1,25.330
1374,2013,8,garde,10,1,26.515
1375,2013,8,massa,10,1,35.210
1376,2013,8,raikkonen,11,1,24.992
1377,2013,8,ricciardo,11,1,29.446
1378,2013,8,button,11,1,24.745
1379,2013,8,jules_bianchi,11,1,25.729
1380,2013,8,rosberg,12,1,24.990
1381,2013,8,sutil,12,1,24.807
1382,2013,8,hulkenberg,12,1,29.684
1383,2013,8,chilton,12,1,26.031
1384,2013,8,vettel,13,1,24.159
1385,2013,8,perez,13,1,24.596
1386,2013,8,vergne,14,1,29.418
1387,2013,8,maldonado,15,1,25.244
1388,2013,8,bottas,15,1,30.231
1389,2013,8,pic,15,1,26.191
1390,2013,8,massa,16,2,24.680
1391,2013,8,hulkenberg,25,2,26.256
1392,2013,8,vergne,25,2,26.317
1393,2013,8,gutierrez,27,2,26.040
1394,2013,8,garde,28,2,25.814
1395,2013,8,raikkonen,29,2,24.428
1396,2013,8,gutierrez,29,3,31.937
1397,2013,8,alonso,30,2,24.789
1398,2013,9,resta,4,1,20.547
1399,2013,9,vergne,4,1,23.147
1400,2013,9,pic,4,1,22.699
1401,2013,9,ricciardo,5,1,19.846
1402,2013,9,sutil,5,1,19.910
1403,2013,9,garde,5,1,21.900
1404,2013,9,jules_bianchi,5,1,20.840
1405,2013,9,hamilton,6,1,19.487
1406,2013,9,gutierrez,6,1,19.816
1407,2013,9,vettel,7,1,18.979
1408,2013,9,perez,7,1,20.432
1409,2013,9,webber,8,1,2:42.042
1410,2013,9,raikkonen,8,1,19.378
1411,2013,9,chilton,8,1,21.021
1412,2013,9,alonso,12,1,20.199
1413,2013,9,grosjean,13,1,20.273
1414,2013,9,rosberg,16,1,19.690
1415,2013,9,hulkenberg,17,1,21.226
1416,2013,9,ricciardo,18,2,19.952
1417,2013,9,jules_bianchi,18,2,20.371
1418,2013,9,garde,19,2,20.974
1419,2013,9,chilton,20,2,19.953
1420,2013,9,button,21,1,20.812
1421,2013,9,maldonado,21,1,20.331
1422,2013,9,hamilton,22,2,19.321
1423,2013,9,bottas,22,1,33.796
1424,2013,9,gutierrez,22,2,19.869
1425,2013,9,vettel,24,2,20.039
1426,2013,9,grosjean,24,2,20.007
1427,2013,9,raikkonen,24,2,20.528
1428,2013,10,vergne,8,1,22.745
1429,2013,10,garde,8,1,23.200
1430,2013,10,hamilton,9,1,21.840
1431,2013,10,maldonado,9,1,22.103
1432,2013,10,resta,9,1,22.754
1433,2013,10,ricciardo,10,1,24.033
1434,2013,10,rosberg,10,1,22.015
1435,2013,10,bottas,10,1,22.023
1436,2013,10,vettel,11,1,21.343
1437,2013,10,massa,11,1,23.012
1438,2013,10,hulkenberg,11,1,22.303
1439,2013,10,alonso,12,1,21.599
1440,2013,10,grosjean,13,1,22.054
1441,2013,10,raikkonen,13,1,22.161
1442,2013,10,pic,13,1,22.465
1443,2013,10,jules_bianchi,20,1,22.159
1444,2013,10,chilton,21,1,22.323
1445,2013,10,webber,23,1,21.762
1446,2013,10,perez,23,1,22.323
1447,2013,10,gutierrez,23,1,22.425
1448,2013,10,button,24,1,22.107
1449,2013,10,grosjean,25,2,22.267
1450,2013,10,resta,26,2,22.723
1451,2013,10,garde,27,2,22.831
1452,2013,10,maldonado,28,2,21.880
1453,2013,10,rosberg,29,2,22.628
1454,2013,10,vergne,30,2,22.282
1455,2013,10,hamilton,31,2,21.454
1456,2013,10,massa,31,2,21.753
1457,2013,10,bottas,33,2,22.612
1458,2013,11,hulkenberg,9,1,24.219
1459,2013,11,massa,9,1,22.872
1460,2013,11,resta,10,1,23.475
1461,2013,11,vergne,10,1,24.070
1462,2013,11,hamilton,11,1,23.397
1463,2013,11,sutil,11,1,23.327
1464,2013,11,maldonado,11,1,27.059
1465,2013,11,rosberg,12,1,22.893
1466,2013,11,alonso,13,1,22.631
1467,2013,11,webber,13,1,23.004
1468,2013,11,perez,13,1,17.378
1469,2013,11,vettel,14,1,22.685
1470,2013,11,raikkonen,14,1,23.744
1471,2013,11,bottas,14,1,23.411
1472,2013,11,jules_bianchi,14,1,24.083
1473,2013,11,garde,15,1,24.968
1474,2013,11,chilton,15,1,24.013
1475,2013,11,ricciardo,16,1,23.144
1476,2013,11,button,17,1,22.465
1477,2013,11,perez,18,2,22.597
1478,2013,11,gutierrez,19,1,22.761
1479,2013,11,grosjean,22,1,23.445
1480,2013,11,hulkenberg,24,2,23.334
1481,2013,11,vergne,24,2,24.539
1482,2013,11,rosberg,25,2,23.723
1483,2013,11,resta,25,2,23.540
1484,2013,11,hamilton,26,2,22.682
1485,2013,11,massa,26,2,22.634
1486,2013,11,sutil,26,2,23.655
1487,2013,11,maldonado,27,2,35.228
1488,2013,12,raikkonen,1,1,30.975
1489,2013,12,hamilton,13,1,24.460
1490,2013,12,pic,17,1,25.569
1491,2013,12,garde,18,1,26.302
1492,2013,12,grosjean,20,1,27.040
1493,2013,12,button,21,1,24.450
1494,2013,12,ricciardo,22,1,24.319
1495,2013,12,perez,22,1,25.933
1496,2013,12,jules_bianchi,22,1,25.541
1497,2013,12,vettel,23,1,24.305
1498,2013,12,webber,23,1,24.205
1499,2013,12,chilton,23,1,26.146
1500,2013,12,massa,24,1,24.692
1501,2013,12,hulkenberg,24,1,25.633
1502,2013,12,sutil,24,1,26.873
1503,2013,12,maldonado,24,1,25.397
1504,2013,12,bottas,25,1,24.665
1505,2013,12,rosberg,26,1,24.079
1506,2013,12,alonso,27,1,24.208
1507,2013,12,gutierrez,27,1,24.668
1508,2013,12,raikkonen,30,2,24.764
1509,2013,12,hamilton,38,2,24.315
1510,2013,12,pic,38,2,26.363
1511,2013,12,garde,39,2,33.200
1512,2013,13,raikkonen,10,1,29.469
1513,2013,13,jules_bianchi,10,1,29.573
1514,2013,13,gutierrez,11,1,29.364
1515,2013,13,vergne,11,1,29.736
1516,2013,13,pic,11,1,31.841
1517,2013,13,chilton,11,1,30.497
1518,2013,13,jules_bianchi,11,2,32.243
1519,2013,13,massa,12,1,29.040
1520,2013,13,sutil,12,1,29.678
1521,2013,13,webber,13,1,29.031
1522,2013,13,button,13,1,29.284
1523,2013,13,hulkenberg,13,1,29.910
1524,2013,13,garde,13,1,30.161
1525,2013,13,bottas,13,1,31.792
1526,2013,13,alonso,14,1,29.436
1527,2013,13,perez,14,1,28.709
1528,2013,13,rosberg,15,1,29.212
1529,2013,13,grosjean,15,1,29.702
1530,2013,13,hamilton,15,1,29.032
1531,2013,13,ricciardo,15,1,32.097
1532,2013,13,maldonado,16,1,29.966
1533,2013,13,vettel,17,1,28.787
1534,2013,13,resta,20,1,29.667
1535,2013,13,jules_bianchi,23,3,29.823
1536,2013,13,vergne,24,2,30.714
1537,2013,13,bottas,24,2,30.790
1538,2013,13,chilton,24,2,31.173
1539,2013,13,alonso,25,2,29.176
1540,2013,13,grosjean,25,2,30.293
1541,2013,13,massa,25,2,29.136
1542,2013,14,sutil,3,1,29.829
1543,2013,14,button,4,1,26.948
1544,2013,14,massa,6,1,22.474
1545,2013,14,maldonado,7,1,23.470
1546,2013,14,resta,7,1,23.814
1547,2013,14,gutierrez,7,1,23.096
1548,2013,14,bottas,8,1,23.912
1549,2013,14,hamilton,9,1,22.270
1550,2013,14,alonso,9,1,22.208
1551,2013,14,pic,9,1,24.320
1552,2013,14,grosjean,10,1,22.519
1553,2013,14,rosberg,10,1,23.412
1554,2013,14,hulkenberg,10,1,23.654
1555,2013,14,perez,10,1,22.901
1556,2013,14,garde,10,1,17.513
1557,2013,14,jules_bianchi,10,1,23.097
1558,2013,14,vettel,11,1,22.662
1559,2013,14,raikkonen,11,1,22.924
1560,2013,14,garde,11,2,23.987
1561,2013,14,webber,12,1,22.587
1562,2013,14,vergne,12,1,24.477
1563,2013,14,chilton,12,1,23.761
1564,2013,14,ricciardo,18,1,23.892
1565,2013,14,button,22,2,25.946
1566,2013,14,maldonado,23,2,23.642
1567,2013,14,resta,23,2,23.854
1568,2013,14,vergne,24,2,23.845
1569,2013,14,raikkonen,25,2,23.236
1570,2013,14,hulkenberg,26,2,24.112
1571,2013,14,rosberg,28,2,42.432
1572,2013,15,pic,1,1,17.935
1573,2013,15,hamilton,1,1,25.297
1574,2013,15,vergne,7,1,25.816
1575,2013,15,button,8,1,23.462
1576,2013,15,bottas,8,1,23.421
1577,2013,15,sutil,8,1,23.803
1578,2013,15,gutierrez,9,1,23.887
1579,2013,15,maldonado,9,1,23.524
1580,2013,15,hulkenberg,10,1,23.383
1581,2013,15,resta,10,1,23.476
1582,2013,15,webber,11,1,23.617
1583,2013,15,massa,11,1,22.946
1584,2013,15,raikkonen,11,1,23.313
1585,2013,15,chilton,11,1,23.648
1586,2013,15,grosjean,12,1,23.282
1587,2013,15,rosberg,12,1,22.812
1588,2013,15,perez,12,1,26.423
1589,2013,15,alonso,13,1,22.645
1590,2013,15,vettel,14,1,22.916
1591,2013,15,rosberg,16,2,17.806
1592,2013,15,pic,17,2,24.380
1593,2013,15,ricciardo,21,1,24.608
1594,2013,15,vergne,21,2,24.087
1595,2013,15,button,23,2,26.263
1596,2013,15,rosberg,24,3,22.771
1597,2013,15,webber,25,2,22.774
1598,2013,15,resta,26,2,23.858
1599,2013,15,bottas,27,2,23.483
1600,2013,15,sutil,27,2,23.484
1601,2013,15,massa,28,2,22.871
1602,2013,16,resta,1,1,23.662
1603,2013,16,vergne,1,1,24.232
1604,2013,16,pic,1,1,29.082
1605,2013,16,vettel,2,1,
1606,2013,16,alonso,2,1,29.800
1607,2013,16,hulkenberg,5,1,24.096
1608,2013,16,jules_bianchi,5,1,33.937
1609,2013,16,button,6,1,23.517
1610,2013,16,rosberg,7,1,23.685
1611,2013,16,raikkonen,7,1,26.989
1612,2013,16,massa,8,1,23.579
1613,2013,16,hamilton,8,1,23.546
1614,2013,16,maldonado,8,1,25.530
1615,2013,16,button,12,2,23.774
1616,2013,16,grosjean,13,1,23.648
1617,2013,16,gutierrez,16,1,18.423
1618,2013,16,pic,16,2,26.970
1619,2013,16,gutierrez,26,2,25.660
1620,2013,16,vergne,26,2,24.128
1621,2013,16,rosberg,27,2,23.895
1622,2013,16,webber,28,1,23.487
1623,2013,16,perez,28,1,23.541
1624,2013,16,chilton,29,1,24.757
1625,2013,16,massa,30,2,23.332
1626,2013,16,hamilton,30,2,23.574
1627,2013,16,resta,30,2,24.024
1628,2013,16,alonso,30,2,23.595
1629,2013,16,vettel,31,2,23.568
1630,2013,16,bottas,31,1,27.619
1631,2013,16,webber,32,2,23.459
1632,2013,17,button,2,1,27.176
1633,2013,17,maldonado,5,1,22.886
1634,2013,17,jules_bianchi,5,1,24.064
1635,2013,17,perez,6,1,21.503
1636,2013,17,chilton,6,1,23.490
1637,2013,17,hamilton,7,1,21.372
1638,2013,17,ricciardo,7,1,22.194
1639,2013,17,garde,7,1,22.834
1640,2013,17,webber,8,1,21.175
1641,2013,17,grosjean,8,1,21.627
1642,2013,17,pic,8,1,22.498
1643,2013,17,hulkenberg,9,1,22.363
1644,2013,17,rosberg,10,1,21.653
1645,2013,17,button,11,2,21.516
1646,2013,17,vettel,14,1,22.275
1647,2013,17,alonso,16,1,21.530
1648,2013,17,vergne,17,1,21.930
1649,2013,17,massa,18,1,21.485
1650,2013,17,gutierrez,18,1,22.685
1651,2013,17,resta,20,1,22.270
1652,2013,17,bottas,24,1,23.361
1653,2013,17,maldonado,25,2,23.410
1654,2013,17,hulkenberg,27,2,22.863
1655,2013,17,perez,27,2,21.370
1656,2013,17,sutil,28,1,22.048
1657,2013,17,ricciardo,28,2,22.946
1658,2013,17,hamilton,29,2,21.609
1659,2013,17,gutierrez,30,2,22.070
1660,2013,17,jules_bianchi,31,2,23.576
1661,2013,17,pic,32,2,24.005
1662,2013,18,gutierrez,1,1,24.859
1663,2013,18,chilton,5,1,18.737
1664,2013,18,maldonado,8,1,32.794
1665,2013,18,kovalainen,17,1,25.323
1666,2013,18,button,20,1,24.589
1667,2013,18,pic,20,1,27.568
1668,2013,18,massa,21,1,23.936
1669,2013,18,jules_bianchi,21,1,26.205
1670,2013,18,garde,21,1,25.268
1671,2013,18,perez,22,1,23.808
1672,2013,18,resta,22,1,24.444
1673,2013,18,rosberg,22,1,23.806
1674,2013,18,ricciardo,22,1,24.226
1675,2013,18,bottas,23,1,25.014
1676,2013,18,hamilton,25,1,23.904
1677,2013,18,alonso,26,1,23.817
1678,2013,18,vettel,27,1,24.086
1679,2013,18,chilton,26,2,24.293
1680,2013,18,hulkenberg,27,1,24.030
1681,2013,18,vergne,27,1,24.381
1682,2013,18,webber,28,1,23.537
1683,2013,18,grosjean,29,1,23.876
1684,2013,18,kovalainen,31,2,36.333
1685,2013,18,gutierrez,36,2,25.027
1686,2013,18,massa,38,2,24.116
1687,2013,18,resta,49,2,24.914
1688,2013,18,pic,50,2,18.692
1689,2013,19,vergne,10,1,23.455
1690,2013,19,ricciardo,14,1,22.721
1691,2013,19,kovalainen,15,1,23.019
1692,2013,19,bottas,17,1,24.166
1693,2013,19,sutil,17,1,23.161
1694,2013,19,massa,19,1,22.342
1695,2013,19,perez,19,1,22.591
1696,2013,19,button,20,1,22.746
1697,2013,19,hulkenberg,20,1,23.887
1698,2013,19,resta,20,1,23.237
1699,2013,19,alonso,21,1,22.755
1700,2013,19,hamilton,21,1,22.655
1701,2013,19,jules_bianchi,21,1,24.657
1702,2013,19,rosberg,22,1,23.328
1703,2013,19,gutierrez,22,1,23.857
1704,2013,19,webber,23,1,25.012
1705,2013,19,maldonado,23,1,23.600
1706,2013,19,vettel,24,1,22.510
1707,2013,19,garde,24,1,23.732
1708,2013,19,pic,25,1,24.099
1709,2013,19,chilton,26,1,25.060
1710,2013,19,vergne,28,2,24.183
1711,2013,19,massa,34,2,17.367
1712,2013,19,kovalainen,34,2,22.646
1713,2013,19,sutil,37,2,24.001
1714,2013,19,bottas,41,2,23.695
1715,2013,19,ricciardo,42,2,23.340
1716,2013,19,button,43,2,23.788
1717,2013,19,massa,43,3,22.655
1718,2013,19,maldonado,43,2,26.734
1719,2014,1,grosjean,1,1,17.255
1720,2014,1,gutierrez,1,1,32.657
1721,2014,1,perez,1,1,25.541
1722,2014,1,bottas,10,1,34.921
1723,2014,1,button,11,1,22.411
1724,2014,1,perez,11,2,22.497
1725,2014,1,rosberg,12,1,24.331
1726,2014,1,ricciardo,12,1,22.994
1727,2014,1,kevin_magnussen,12,1,23.150
1728,2014,1,hulkenberg,12,1,22.615
1729,2014,1,alonso,12,1,22.887
1730,2014,1,raikkonen,12,1,25.543
1731,2014,1,vergne,12,1,23.124
1732,2014,1,kvyat,12,1,30.514
1733,2014,1,ericsson,23,1,23.238
1734,2014,1,chilton,24,1,24.209
1735,2014,1,jules_bianchi,20,1,23.821
1736,2014,1,grosjean,28,2,22.264
1737,2014,1,maldonado,29,1,22.847
1738,2014,1,gutierrez,30,2,23.797
1739,2014,1,button,32,2,22.399
1740,2014,1,perez,32,3,22.526
1741,2014,1,hulkenberg,33,2,22.933
1742,2014,1,vergne,33,2,22.978
1743,2014,1,alonso,35,2,21.978
1744,2014,1,sutil,35,1,24.305
1745,2014,1,ricciardo,36,2,22.427
1746,2014,1,bottas,36,2,23.117
1747,2014,1,raikkonen,36,2,21.825
1748,2014,1,kvyat,36,2,23.920
1749,2014,2,jules_bianchi,1,1,52.836
1750,2014,2,vergne,2,1,45.629
1751,2014,2,raikkonen,2,1,26.399
1752,2014,2,kevin_magnussen,9,1,37.116
1753,2014,2,kvyat,10,1,25.109
1754,2014,2,gutierrez,10,1,29.420
1755,2014,2,chilton,10,1,25.639
1756,2014,2,alonso,11,1,24.466
1757,2014,2,sutil,11,1,25.998
1758,2014,2,ericsson,11,1,30.040
1759,2014,2,ricciardo,12,1,24.709
1760,2014,2,massa,12,1,24.637
1761,2014,2,grosjean,12,1,25.046
1762,2014,2,vettel,13,1,24.432
1763,2014,2,button,13,1,24.841
1764,2014,2,rosberg,14,1,24.723
1765,2014,2,bottas,14,1,25.020
1766,2014,2,hamilton,15,1,24.604
1767,2014,2,kobayashi,15,1,27.124
1768,2014,2,hulkenberg,16,1,25.336
1769,2014,2,vergne,17,2,26.598
1770,2014,2,raikkonen,18,2,24.417
1771,2014,2,kvyat,22,2,27.473
1772,2014,2,gutierrez,23,2,26.325
1773,2014,2,kevin_magnussen,24,2,30.661
1774,2014,2,sutil,24,2,25.493
1775,2014,2,button,25,2,24.524
1776,2014,2,grosjean,25,2,25.596
1777,2014,2,ericsson,26,2,26.515
1778,2014,2,alonso,27,2,24.222
1779,2014,3,vergne,1,1,33.895
1780,2014,3,sutil,7,1,25.293
1781,2014,3,bottas,10,1,25.040
1782,2014,3,kvyat,10,1,26.064
1783,2014,3,jules_bianchi,10,1,25.756
1784,2014,3,ericsson,11,1,25.367
1785,2014,3,chilton,11,1,25.858
1786,2014,3,alonso,12,1,25.770
1787,2014,3,gutierrez,12,1,25.543
1788,2014,3,massa,13,1,24.528
1789,2014,3,raikkonen,13,1,25.009
1790,2014,3,grosjean,13,1,25.192
1791,2014,3,jules_bianchi,13,2,29.729
1792,2014,3,kevin_magnussen,14,1,24.611
1793,2014,3,sutil,13,2,40.747
1794,2014,3,vergne,14,2,25.897
1795,2014,3,hulkenberg,15,1,24.757
1796,2014,3,kobayashi,15,1,27.124
1797,2014,3,perez,16,1,24.697
1798,2014,3,vettel,16,1,24.964
1799,2014,3,button,17,1,24.476
1800,2014,3,ricciardo,18,1,24.706
1801,2014,3,hamilton,19,1,24.687
1802,2014,3,maldonado,19,1,25.395
1803,2014,3,jules_bianchi,18,3,18.989
1804,2014,3,rosberg,21,1,24.851
1805,2014,3,kvyat,24,2,25.340
1806,2014,3,bottas,25,2,25.068
1807,2014,3,kevin_magnussen,25,2,24.559
1808,2014,3,ericsson,26,2,25.819
1809,2014,4,button,7,1,22.408
1810,2014,4,grosjean,9,1,23.213
1811,2014,4,massa,10,1,1:18.277
1812,2014,4,raikkonen,10,1,22.994
1813,2014,4,perez,10,1,22.914
1814,2014,4,ericsson,10,1,23.677
1815,2014,4,alonso,11,1,22.776
1816,2014,4,hulkenberg,11,1,23.438
1817,2014,4,kobayashi,11,1,24.883
1818,2014,4,maldonado,11,1,24.010
1819,2014,4,jules_bianchi,11,1,24.784
1820,2014,4,vettel,12,1,22.570
1821,2014,4,bottas,12,1,24.780
1822,2014,4,chilton,12,1,23.781
1823,2014,4,rosberg,13,1,23.277
1824,2014,4,kvyat,14,1,23.521
1825,2014,4,gutierrez,14,1,22.988
1826,2014,4,ricciardo,15,1,23.186
1827,2014,4,vergne,15,1,24.119
1828,2014,4,hamilton,17,1,22.968
1829,2014,4,kevin_magnussen,17,1,23.670
1830,2014,4,gutierrez,27,2,23.252
1831,2014,4,ericsson,27,2,23.730
1832,2014,4,button,28,2,22.548
1833,2014,4,jules_bianchi,28,2,24.320
1834,2014,4,perez,30,2,23.636
1835,2014,4,kobayashi,30,2,25.402
1836,2014,4,hulkenberg,31,2,22.764
1837,2014,4,bottas,31,2,23.639
1838,2014,4,raikkonen,31,2,23.291
1839,2014,5,vettel,12,1,21.974
1840,2014,5,ricciardo,14,1,21.969
1841,2014,5,grosjean,15,1,22.126
1842,2014,5,massa,15,1,22.890
1843,2014,5,maldonado,15,1,27.851
1844,2014,5,alonso,16,1,21.970
1845,2014,5,vergne,16,1,22.976
1846,2014,5,raikkonen,17,1,22.056
1847,2014,5,hulkenberg,17,1,22.355
1848,2014,5,button,17,1,21.810
1849,2014,5,sutil,17,1,28.013
1850,2014,5,chilton,17,1,24.337
1851,2014,5,hamilton,18,1,22.951
1852,2014,5,perez,18,1,22.367
1853,2014,5,kvyat,18,1,22.703
1854,2014,5,gutierrez,18,1,23.063
1855,2014,5,ericsson,18,1,23.091
1856,2014,5,kevin_magnussen,19,1,21.894
1857,2014,5,bottas,20,1,22.824
1858,2014,5,rosberg,21,1,22.254
1859,2014,5,jules_bianchi,21,1,22.928
1860,2014,5,kobayashi,23,1,22.789
1861,2014,5,massa,28,2,22.381
1862,2014,5,chilton,31,2,23.232
1863,2014,5,vettel,33,2,21.599
1864,2014,5,grosjean,34,2,22.078
1865,2014,5,alonso,35,2,22.014
1866,2014,5,sutil,35,2,23.378
1867,2014,5,hulkenberg,36,2,22.724
1868,2014,5,button,36,2,24.408
1869,2014,6,grosjean,1,1,26.312
1870,2014,6,sutil,1,1,33.207
1871,2014,6,vettel,4,1,1:06.065
1872,2014,6,grosjean,23,2,25.029
1873,2014,6,chilton,24,1,33.074
1874,2014,6,button,25,1,25.992
1875,2014,6,gutierrez,25,1,25.906
1876,2014,6,jules_bianchi,25,1,32.658
1877,2014,6,kobayashi,25,1,25.421
1878,2014,6,rosberg,26,1,24.672
1879,2014,6,hamilton,26,1,27.509
1880,2014,6,ericsson,25,1,28.091
1881,2014,6,raikkonen,26,1,25.282
1882,2014,6,ricciardo,26,1,26.584
1883,2014,6,alonso,26,1,26.499
1884,2014,6,kevin_magnussen,26,1,28.943
1885,2014,6,vergne,26,1,25.444
1886,2014,6,hulkenberg,26,1,25.714
1887,2014,6,bottas,26,1,25.595
1888,2014,6,raikkonen,28,2,25.684
1889,2014,6,chilton,27,2,37.352
1890,2014,6,vergne,37,2,19.385
1891,2014,6,massa,45,1,24.264
1892,2014,6,ericsson,51,2,25.585
1893,2014,6,kobayashi,62,2,25.116
1894,2014,6,chilton,66,3,26.137
1895,2014,6,raikkonen,73,3,31.896
1896,2014,7,gutierrez,1,1,24.370
1897,2014,7,gutierrez,2,2,24.768
1898,2014,7,grosjean,11,1,23.943
1899,2014,7,ricciardo,13,1,23.606
1900,2014,7,bottas,14,1,23.448
1901,2014,7,button,14,1,23.493
1902,2014,7,vettel,15,1,23.904
1903,2014,7,massa,15,1,27.949
1904,2014,7,vergne,15,1,24.433
1905,2014,7,kevin_magnussen,15,1,23.479
1906,2014,7,sutil,15,1,23.703
1907,2014,7,alonso,16,1,23.932
1908,2014,7,raikkonen,17,1,23.925
1909,2014,7,rosberg,18,1,23.882
1910,2014,7,hamilton,19,1,24.417
1911,2014,7,kvyat,29,1,25.235
1912,2014,7,gutierrez,32,3,24.403
1913,2014,7,perez,34,1,23.907
1914,2014,7,bottas,35,2,24.491
1915,2014,7,vettel,36,2,23.340
1916,2014,7,ricciardo,37,2,23.274
1917,2014,7,button,38,2,25.050
1918,2014,7,vergne,39,2,23.975
1919,2014,7,raikkonen,39,2,24.221
1920,2014,7,sutil,40,2,24.068
1921,2014,7,hulkenberg,41,1,23.902
1922,2014,7,rosberg,44,2,25.102
1923,2014,7,alonso,44,2,23.790
1924,2014,7,hamilton,45,2,23.554
1925,2014,7,kevin_magnussen,45,2,23.907
1926,2014,8,grosjean,3,1,21.884
1927,2014,8,vergne,8,1,22.232
1928,2014,8,hulkenberg,9,1,21.920
1929,2014,8,kevin_magnussen,10,1,21.670
1930,2014,8,ricciardo,10,1,21.467
1931,2014,8,kvyat,10,1,21.906
1932,2014,8,rosberg,11,1,21.474
1933,2014,8,sutil,11,1,22.960
1934,2014,8,gutierrez,12,1,55.222
1935,2014,8,hamilton,13,1,22.226
1936,2014,8,massa,14,1,21.896
1937,2014,8,alonso,14,1,21.234
1938,2014,8,kobayashi,14,1,22.480
1939,2014,8,bottas,15,1,21.133
1940,2014,8,raikkonen,15,1,21.914
1941,2014,8,vettel,20,1,21.381
1942,2014,8,gutierrez,21,2,29.067
1943,2014,8,maldonado,26,1,23.343
1944,2014,8,button,27,1,21.505
1945,2014,8,grosjean,27,2,24.212
1946,2014,8,ericsson,28,1,23.177
1947,2014,8,perez,29,1,23.770
1948,2014,8,vettel,28,2,29.844
1949,2014,8,chilton,37,1,22.977
1950,2014,8,hamilton,39,2,22.555
1951,2014,8,hulkenberg,39,2,22.246
1952,2014,8,vergne,39,2,22.374
1953,2014,8,rosberg,40,2,21.664
1954,2014,8,kevin_magnussen,40,2,21.882
1955,2014,8,bottas,41,2,22.208
1956,2014,9,chilton,2,2,23.154
1957,2014,9,vettel,10,1,28.558
1958,2014,9,kvyat,14,1,28.700
1959,2014,9,ricciardo,15,1,28.483
1960,2014,9,rosberg,18,1,28.329
1961,2014,9,kobayashi,18,1,29.507
1962,2014,9,sutil,23,1,29.956
1963,2014,9,hamilton,24,1,29.679
1964,2014,9,alonso,25,1,34.410
1965,2014,9,perez,26,1,29.599
1966,2014,9,maldonado,26,1,28.831
1967,2014,9,kevin_magnussen,27,1,28.745
1968,2014,9,vergne,27,1,30.218
1969,2014,9,button,28,1,28.645
1970,2014,9,hulkenberg,29,1,29.579
1971,2014,9,jules_bianchi,29,1,30.353
1972,2014,9,kobayashi,29,2,29.540
1973,2014,9,grosjean,30,1,29.710
1974,2014,9,bottas,31,1,29.104
1975,2014,9,chilton,29,3,29.737
1976,2014,9,vettel,33,2,28.787
1977,2014,9,kvyat,35,2,28.575
1978,2014,9,hamilton,41,2,29.291
1979,2014,10,kevin_magnussen,1,1,25.859
1980,2014,10,ericsson,3,1,27.495
1981,2014,10,kvyat,9,1,20.313
1982,2014,10,alonso,12,1,19.174
1983,2014,10,button,13,1,22.604
1984,2014,10,ricciardo,13,1,19.050
1985,2014,10,vergne,13,1,20.274
1986,2014,10,vettel,14,1,19.607
1987,2014,10,hulkenberg,14,1,19.564
1988,2014,10,perez,14,1,21.802
1989,2014,10,gutierrez,14,1,21.002
1990,2014,10,rosberg,15,1,20.055
1991,2014,10,bottas,15,1,20.115
1992,2014,10,kobayashi,15,1,20.121
1993,2014,10,sutil,16,1,20.031
1994,2014,10,chilton,16,1,23.883
1995,2014,10,maldonado,18,1,19.099
1996,2014,10,ericsson,18,2,19.890
1997,2014,10,raikkonen,20,1,19.737
1998,2014,10,jules_bianchi,20,1,20.031
1999,2014,10,grosjean,24,1,18.928
2000,2014,10,hamilton,26,1,19.710
2001,2014,10,kevin_magnussen,29,2,19.135
2002,2014,10,button,31,2,18.916
2003,2014,10,gutierrez,31,2,23.305
2004,2014,10,sutil,32,2,19.638
2005,2014,10,kvyat,32,2,20.251
2006,2014,10,kobayashi,32,2,20.092
2007,2014,10,chilton,32,2,20.920
2008,2014,10,alonso,33,2,19.032
2009,2014,11,button,8,1,26.737
2010,2014,11,ricciardo,8,1,22.205
2011,2014,11,hulkenberg,8,1,24.040
2012,2014,11,massa,8,1,22.851
2013,2014,11,vergne,8,1,23.809
2014,2014,11,perez,8,1,25.535
2015,2014,11,gutierrez,8,1,24.050
2016,2014,11,sutil,8,1,31.956
2017,2014,11,hamilton,8,1,23.800
2018,2014,11,raikkonen,8,1,23.214
2019,2014,11,grosjean,8,1,23.979
2020,2014,11,kvyat,8,1,23.423
2021,2014,11,kobayashi,8,1,34.086
2022,2014,11,chilton,8,1,24.625
2023,2014,11,maldonado,8,1,22.376
2024,2014,11,rosberg,9,1,22.827
2025,2014,11,vettel,9,1,22.170
2026,2014,11,bottas,9,1,25.497
2027,2014,11,alonso,9,1,22.253
2028,2014,11,jules_bianchi,9,1,22.892
2029,2014,11,button,15,2,22.807
2030,2014,11,kevin_magnussen,15,1,23.546
2031,2014,11,maldonado,17,2,32.608
2032,2014,11,jules_bianchi,17,2,25.504
2033,2014,11,ricciardo,23,2,23.741
2034,2014,11,massa,23,2,22.111
2035,2014,11,bottas,23,2,22.518
2036,2014,11,kvyat,30,2,22.202
2037,2014,11,rosberg,32,2,23.864
2038,2014,11,vettel,33,2,21.608
2039,2014,12,grosjean,1,1,29.256
2040,2014,12,jules_bianchi,1,1,25.362
2041,2014,12,hamilton,2,1,25.580
2042,2014,12,rosberg,8,1,29.997
2043,2014,12,raikkonen,8,1,22.858
2044,2014,12,perez,9,1,24.104
2045,2014,12,massa,9,1,23.945
2046,2014,12,vettel,10,1,22.800
2047,2014,12,kvyat,10,1,24.082
2048,2014,12,hulkenberg,10,1,23.823
2049,2014,12,ricciardo,11,1,22.913
2050,2014,12,kevin_magnussen,11,1,23.115
2051,2014,12,sutil,11,1,23.755
2052,2014,12,ericsson,11,1,24.083
2053,2014,12,chilton,11,1,23.734
2054,2014,12,bottas,12,1,22.769
2055,2014,12,alonso,12,1,28.920
2056,2014,12,button,13,1,22.800
2057,2014,12,grosjean,13,2,22.838
2058,2014,12,gutierrez,14,1,23.259
2059,2014,12,vergne,15,1,23.571
2060,2014,12,hamilton,17,2,23.066
2061,2014,12,rosberg,19,2,22.936
2062,2014,12,raikkonen,21,2,22.819
2063,2014,12,massa,21,2,24.083
2064,2014,12,sutil,21,2,23.779
2065,2014,12,vettel,22,2,22.731
2066,2014,12,perez,22,2,22.977
2067,2014,12,kevin_magnussen,23,2,22.414
2068,2014,12,jules_bianchi,23,2,23.918
2069,2014,13,gutierrez,9,1,26.376
2070,2014,13,vettel,18,1,25.176
2071,2014,13,perez,19,1,24.938
2072,2014,13,hulkenberg,19,1,25.547
2073,2014,13,raikkonen,20,1,24.547
2074,2014,13,grosjean,20,1,25.098
2075,2014,13,kevin_magnussen,21,1,24.214
2076,2014,13,alonso,21,1,24.913
2077,2014,13,maldonado,21,1,24.223
2078,2014,13,button,22,1,24.669
2079,2014,13,kobayashi,22,1,25.277
2080,2014,13,massa,23,1,24.323
2081,2014,13,rosberg,24,1,24.583
2082,2014,13,bottas,24,1,24.991
2083,2014,13,vergne,24,1,25.046
2084,2014,13,sutil,24,1,26.864
2085,2014,13,hamilton,25,1,24.453
2086,2014,13,ricciardo,26,1,24.388
2087,2014,13,jules_bianchi,27,1,26.641
2088,2014,13,kvyat,30,1,24.651
2089,2014,13,ericsson,30,1,28.685
2090,2014,13,gutierrez,36,2,25.693
2091,2014,13,gutierrez,49,3,26.849
2092,2014,14,sutil,8,1,29.887
2093,2014,14,hulkenberg,9,1,29.987
2094,2014,14,massa,10,1,29.578
2095,2014,14,kvyat,10,1,30.089
2096,2014,14,grosjean,10,1,29.322
2097,2014,14,raikkonen,11,1,29.702
2098,2014,14,bottas,11,1,30.340
2099,2014,14,vergne,11,1,29.806
2100,2014,14,maldonado,11,1,29.960
2101,2014,14,vettel,12,1,30.147
2102,2014,14,alonso,12,1,28.912
2103,2014,14,ricciardo,12,1,29.761
2104,2014,14,ericsson,12,1,30.144
2105,2014,14,hamilton,13,1,29.422
2106,2014,14,kevin_magnussen,13,1,28.684
2107,2014,14,button,14,1,28.641
2108,2014,14,perez,15,1,29.979
2109,2014,14,gutierrez,15,1,33.679
2110,2014,14,jules_bianchi,15,1,30.413
2111,2014,14,chilton,16,1,30.751
2112,2014,14,chilton,18,2,37.975
2113,2014,14,massa,22,2,29.006
2114,2014,14,grosjean,22,2,29.040
2115,2014,14,bottas,23,2,28.880
2116,2014,14,kvyat,23,2,30.188
2117,2014,14,maldonado,23,2,29.036
2118,2014,14,alonso,24,2,28.810
2119,2014,14,vergne,24,2,35.309
2120,2014,14,sutil,24,2,29.748
2121,2014,14,vettel,25,2,28.733
2122,2014,15,rosberg,2,1,18:56.516
2123,2014,15,hamilton,2,1,18:57.295
2124,2014,15,bottas,2,1,18:56.994
2125,2014,15,massa,2,1,18:56.594
2126,2014,15,alonso,2,1,18:57.051
2127,2014,15,ricciardo,2,1,18:55.520
2128,2014,15,kevin_magnussen,2,1,18:55.891
2129,2014,15,button,2,1,18:56.054
2130,2014,15,vettel,2,1,18:54.978
2131,2014,15,raikkonen,2,1,18:55.276
2132,2014,15,perez,2,1,18:55.712
2133,2014,15,kvyat,2,1,18:54.529
2134,2014,15,hulkenberg,2,1,18:56.562
2135,2014,15,sutil,2,1,18:55.797
2136,2014,15,gutierrez,2,1,18:54.553
2137,2014,15,grosjean,2,1,18:53.680
2138,2014,15,jules_bianchi,2,1,18:53.708
2139,2014,15,kobayashi,2,1,18:53.381
2140,2014,15,vergne,2,1,18:56.557
2141,2014,15,chilton,2,1,18:55.937
2142,2014,15,maldonado,2,1,18:47.145
2143,2014,15,ericsson,2,1,18:33.851
2144,2014,15,button,9,2,24.532
2145,2014,15,maldonado,9,2,25.460
2146,2014,15,bottas,11,2,24.465
2147,2014,15,ricciardo,11,2,24.184
2148,2014,15,kevin_magnussen,11,2,24.550
2149,2014,15,perez,11,2,24.971
2150,2014,15,raikkonen,11,2,25.191
2151,2014,15,kvyat,11,2,24.567
2152,2014,16,rosberg,1,1,33.820
2153,2014,16,massa,1,1,29.912
2154,2014,16,chilton,4,1,31.374
2155,2014,16,ricciardo,11,1,30.006
2156,2014,16,sutil,12,1,30.733
2157,2014,16,kvyat,20,1,31.584
2158,2014,16,grosjean,20,1,30.037
2159,2014,16,maldonado,21,1,30.180
2160,2014,16,button,22,1,29.994
2161,2014,16,vergne,23,1,30.272
2162,2014,16,hulkenberg,24,1,30.096
2163,2014,16,alonso,25,1,35.112
2164,2014,16,perez,25,1,29.876
2165,2014,16,bottas,26,1,30.363
2166,2014,16,kevin_magnussen,26,1,29.736
2167,2014,16,raikkonen,26,1,30.097
2168,2014,16,hamilton,27,1,30.503
2169,2014,16,massa,27,2,30.278
2170,2014,16,ericsson,27,1,31.020
2171,2014,16,vettel,30,1,30.355
2172,2014,16,kvyat,37,2,30.321
2173,2014,16,gutierrez,39,1,30.303
2174,2014,16,ericsson,43,2,30.760
2175,2014,17,kevin_magnussen,1,1,26.881
2176,2014,17,button,1,1,26.806
2177,2014,17,hulkenberg,1,1,33.427
2178,2014,17,gutierrez,1,1,25.007
2179,2014,17,vettel,1,1,24.226
2180,2014,17,vettel,2,2,23.909
2181,2014,17,massa,14,1,24.488
2182,2014,17,ricciardo,14,1,24.040
2183,2014,17,rosberg,15,1,24.433
2184,2014,17,bottas,15,1,24.151
2185,2014,17,maldonado,15,1,29.734
2186,2014,17,vergne,15,1,30.158
2187,2014,17,hamilton,16,1,24.368
2188,2014,17,alonso,16,1,24.601
2189,2014,17,grosjean,16,1,24.688
2190,2014,17,raikkonen,17,1,24.131
2191,2014,17,gutierrez,20,2,31.198
2192,2014,17,kvyat,21,1,24.995
2193,2014,17,vettel,26,3,23.799
2194,2014,17,kevin_magnussen,27,2,24.497
2195,2014,17,button,28,2,23.546
2196,2014,17,grosjean,29,2,23.802
2197,2014,17,vergne,29,2,24.553
2198,2014,17,bottas,30,2,24.283
2199,2014,17,ricciardo,31,2,24.356
2200,2014,17,massa,32,2,25.456
2201,2014,17,hamilton,33,2,24.244
2202,2014,17,rosberg,34,2,24.513
2203,2014,17,maldonado,35,2,24.468
2204,2014,17,gutierrez,40,3,24.726
2205,2014,18,maldonado,4,1,23.753
2206,2014,18,massa,5,1,23.220
2207,2014,18,perez,5,1,23.467
2208,2014,18,button,6,1,23.018
2209,2014,18,bottas,6,1,23.294
2210,2014,18,vettel,6,1,23.808
2211,2014,18,rosberg,7,1,23.730
2212,2014,18,kevin_magnussen,7,1,23.061
2213,2014,18,alonso,7,1,23.278
2214,2014,18,ricciardo,7,1,23.141
2215,2014,18,hamilton,8,1,23.351
2216,2014,18,gutierrez,8,1,23.661
2217,2014,18,raikkonen,8,1,23.427
2218,2014,18,vergne,9,1,23.782
2219,2014,18,hulkenberg,16,1,23.554
2220,2014,18,kvyat,18,1,25.001
2221,2014,18,sutil,18,1,29.465
2222,2014,18,vettel,24,2,23.195
2223,2014,18,grosjean,24,1,25.591
2224,2014,18,massa,25,2,30.084
2225,2014,18,perez,25,2,22.997
2226,2014,18,rosberg,26,2,23.346
2227,2014,18,bottas,26,2,35.284
2228,2014,18,kevin_magnussen,26,2,24.190
2229,2014,18,button,27,2,22.620
2230,2014,18,ricciardo,27,2,22.871
2231,2014,18,gutierrez,27,2,24.267
2232,2014,18,vergne,27,2,24.408
2233,2014,18,maldonado,27,2,22.865
2234,2014,18,hamilton,28,2,24.224
2235,2014,19,grosjean,1,1,16.120
2236,2014,19,alonso,5,1,21.619
2237,2014,19,sutil,5,1,22.491
2238,2014,19,button,6,1,22.627
2239,2014,19,kvyat,6,1,24.169
2240,2014,19,raikkonen,6,1,21.546
2241,2014,19,gutierrez,7,1,23.128
2242,2014,19,maldonado,7,1,21.998
2243,2014,19,grosjean,8,2,21.699
2244,2014,19,hamilton,10,1,21.885
2245,2014,19,bottas,10,1,21.661
2246,2014,19,rosberg,11,1,21.741
2247,2014,19,massa,13,1,22.054
2248,2014,19,vergne,13,1,22.919
2249,2014,19,perez,14,1,22.031
2250,2014,19,stevens,14,1,24.144
2251,2014,19,hulkenberg,15,1,27.445
2252,2014,19,kobayashi,15,1,24.421
2253,2014,19,kevin_magnussen,21,1,22.087
2254,2014,19,vettel,21,1,23.094
2255,2014,19,grosjean,21,3,21.574
2256,2014,19,sutil,22,2,22.277
2257,2014,19,raikkonen,26,2,22.206
2258,2014,19,ricciardo,27,1,21.747
2259,2014,19,alonso,27,2,22.068
2260,2014,19,button,28,2,22.042
2261,2014,19,gutierrez,28,2,23.270
2262,2014,19,kevin_magnussen,29,2,21.623
2263,2014,19,vergne,30,2,22.761
2264,2014,19,hamilton,31,2,21.887
2265,2015,1,ericsson,1,1,22.681
2266,2015,1,raikkonen,16,1,27.465
2267,2015,1,massa,21,1,22.062
2268,2015,1,hulkenberg,21,1,22.137
2269,2015,1,ricciardo,23,1,22.535
2270,2015,1,vettel,24,1,22.694
2271,2015,1,sainz,24,1,55.789
2272,2015,1,hamilton,25,1,22.295
2273,2015,1,nasr,25,1,22.933
2274,2015,1,rosberg,26,1,22.105
2275,2015,1,ericsson,26,2,23.254
2276,2015,1,button,27,1,23.353
2277,2015,1,max_verstappen,32,1,23.532
2278,2015,1,perez,38,1,26.009
2279,2015,1,raikkonen,40,2,22.405
2280,2015,1,ericsson,43,3,22.353
2281,2015,1,hulkenberg,44,2,21.612
2282,2015,2,maldonado,1,1,37.289
2283,2015,2,nasr,2,1,33.918
2284,2015,2,raikkonen,2,1,27.285
2285,2015,2,hamilton,4,1,26.094
2286,2015,2,rosberg,4,1,33.689
2287,2015,2,ricciardo,4,1,26.714
2288,2015,2,massa,4,1,25.831
2289,2015,2,kvyat,4,1,30.463
2290,2015,2,max_verstappen,4,1,29.516
2291,2015,2,bottas,4,1,30.154
2292,2015,2,alonso,4,1,25.222
2293,2015,2,button,4,1,33.027
2294,2015,2,merhi,5,1,27.540
2295,2015,2,sainz,14,1,25.126
2296,2015,2,raikkonen,14,2,24.744
2297,2015,2,hulkenberg,15,1,25.826
2298,2015,2,grosjean,15,1,24.377
2299,2015,2,vettel,17,1,23.996
2300,2015,2,perez,17,1,25.268
2301,2015,2,ricciardo,18,2,25.604
2302,2015,2,maldonado,18,2,37.394
2303,2015,2,max_verstappen,20,2,25.655
2304,2015,2,nasr,20,2,25.741
2305,2015,2,kvyat,21,2,24.781
2306,2015,2,button,21,2,25.581
2307,2015,2,merhi,22,2,27.004
2308,2015,2,hamilton,24,2,24.595
2309,2015,2,massa,24,2,24.788
2310,2015,2,bottas,25,2,24.432
2311,2015,2,rosberg,26,2,24.574
2312,2015,3,nasr,10,1,23.409
2313,2015,3,maldonado,11,1,22.470
2314,2015,3,perez,11,1,22.829
2315,2015,3,grosjean,12,1,23.421
2316,2015,3,max_verstappen,12,1,24.256
2317,2015,3,alonso,12,1,23.238
2318,2015,3,vettel,13,1,22.488
2319,2015,3,massa,13,1,23.145
2320,2015,3,hamilton,14,1,22.645
2321,2015,3,bottas,14,1,23.084
2322,2015,3,ericsson,14,1,23.846
2323,2015,3,ricciardo,14,1,22.635
2324,2015,3,button,14,1,23.936
2325,2015,3,rosberg,15,1,22.483
2326,2015,3,raikkonen,15,1,22.818
2327,2015,3,stevens,16,1,24.132
2328,2015,3,merhi,17,1,25.938
2329,2015,3,sainz,19,1,23.795
2330,2015,3,perez,26,2,23.338
2331,2015,3,vettel,30,2,22.444
2332,2015,3,ericsson,30,2,24.589
2333,2015,3,rosberg,31,2,22.829
2334,2015,3,nasr,31,2,23.732
2335,2015,3,grosjean,32,2,23.605
2336,2015,3,max_verstappen,32,2,23.258
2337,2015,3,button,32,2,23.273
2338,2015,3,hamilton,33,2,22.235
2339,2015,3,maldonado,33,2,22.899
2340,2015,3,raikkonen,34,2,22.453
2341,2015,3,massa,34,2,23.317
2342,2015,4,max_verstappen,6,1,39.338
2343,2015,4,hulkenberg,10,1,26.652
2344,2015,4,nasr,10,1,25.459
2345,2015,4,massa,10,1,24.894
2346,2015,4,maldonado,10,1,30.426
2347,2015,4,ericsson,11,1,26.045
2348,2015,4,sainz,11,1,32.647
2349,2015,4,grosjean,12,1,24.735
2350,2015,4,vettel,13,1,24.509
2351,2015,4,alonso,13,1,25.370
2352,2015,4,rosberg,14,1,25.311
2353,2015,4,bottas,14,1,25.293
2354,2015,4,ricciardo,14,1,25.723
2355,2015,4,hamilton,15,1,25.791
2356,2015,4,kvyat,15,1,25.421
2357,2015,4,raikkonen,17,1,24.773
2358,2015,4,perez,17,1,25.573
2359,2015,4,merhi,18,1,25.834
2360,2015,4,stevens,19,1,26.103
2361,2015,4,nasr,24,2,25.898
2362,2015,4,massa,24,2,25.017
2363,2015,4,maldonado,24,2,24.310
2364,2015,4,ericsson,25,2,49.162
2365,2015,4,hulkenberg,25,2,24.679
2366,2015,4,sainz,29,2,26.593
2367,2015,4,max_verstappen,30,2,27.225
2368,2015,4,grosjean,31,2,25.259
2369,2015,4,vettel,32,2,24.449
2370,2015,4,hamilton,33,2,24.528
2371,2015,4,bottas,33,2,24.623
2372,2015,5,hulkenberg,10,1,22.659
2373,2015,5,kvyat,11,1,22.667
2374,2015,5,button,11,1,22.589
2375,2015,5,nasr,12,1,22.677
2376,2015,5,hamilton,13,1,24.586
2377,2015,5,ricciardo,13,1,22.440
2378,2015,5,max_verstappen,13,1,24.396
2379,2015,5,vettel,14,1,21.762
2380,2015,5,massa,14,1,22.139
2381,2015,5,maldonado,14,1,24.976
2382,2015,5,sainz,14,1,22.859
2383,2015,5,rosberg,15,1,21.870
2384,2015,5,bottas,15,1,22.082
2385,2015,5,grosjean,15,1,23.309
2386,2015,5,maldonado,15,2,32.459
2387,2015,5,stevens,16,1,24.687
2388,2015,5,raikkonen,17,1,22.623
2389,2015,5,merhi,17,1,24.631
2390,2015,5,ericsson,18,1,25.272
2391,2015,5,perez,19,1,22.468
2392,2015,5,alonso,21,1,23.728
2393,2015,5,hulkenberg,26,2,22.534
2394,2015,5,button,27,2,23.327
2395,2015,5,merhi,30,2,23.070
2396,2015,5,hamilton,32,2,22.727
2397,2015,5,massa,32,2,22.629
2398,2015,5,stevens,32,2,23.043
2399,2015,5,perez,36,2,22.426
2400,2015,5,max_verstappen,37,2,22.607
2401,2015,5,kvyat,38,2,22.273
2402,2015,6,hulkenberg,1,1,34.773
2403,2015,6,massa,1,1,42.934
2404,2015,6,sainz,12,1,25.306
2405,2015,6,bottas,14,1,24.641
2406,2015,6,ericsson,14,1,25.618
2407,2015,6,grosjean,17,1,25.077
2408,2015,6,nasr,18,1,25.732
2409,2015,6,kvyat,28,1,25.119
2410,2015,6,max_verstappen,29,1,52.821
2411,2015,6,hulkenberg,31,2,24.758
2412,2015,6,alonso,32,1,30.345
2413,2015,6,stevens,33,1,28.606
2414,2015,6,button,35,1,25.062
2415,2015,6,vettel,36,1,24.851
2416,2015,6,ricciardo,36,1,24.501
2417,2015,6,perez,36,1,24.733
2418,2015,6,rosberg,37,1,24.789
2419,2015,6,merhi,35,1,27.554
2420,2015,6,raikkonen,37,1,24.177
2421,2015,6,hamilton,38,1,24.181
2422,2015,6,ericsson,38,2,25.398
2423,2015,6,massa,39,2,24.970
2424,2015,6,max_verstappen,46,2,25.736
2425,2015,6,bottas,56,2,24.412
2426,2015,6,massa,62,3,24.395
2427,2015,6,perez,64,2,25.119
2428,2015,6,button,64,2,24.661
2429,2015,6,hamilton,65,2,25.495
2430,2015,6,nasr,64,2,26.420
2431,2015,6,ricciardo,65,2,24.244
2432,2015,7,button,1,1,18.057
2433,2015,7,vettel,7,1,27.241
2434,2015,7,maldonado,17,1,23.660
2435,2015,7,ricciardo,23,1,23.997
2436,2015,7,perez,24,1,23.453
2437,2015,7,raikkonen,26,1,23.630
2438,2015,7,nasr,26,1,24.795
2439,2015,7,grosjean,27,1,24.292
2440,2015,7,kvyat,27,1,23.681
2441,2015,7,sainz,27,1,24.277
2442,2015,7,bottas,28,1,25.541
2443,2015,7,hulkenberg,28,1,23.507
2444,2015,7,ericsson,28,1,24.149
2445,2015,7,hamilton,29,1,23.708
2446,2015,7,rosberg,30,1,23.321
2447,2015,7,alonso,31,1,23.553
2448,2015,7,vettel,35,2,23.945
2449,2015,7,stevens,34,1,30.807
2450,2015,7,merhi,35,1,26.986
2451,2015,7,massa,37,1,23.912
2452,2015,7,max_verstappen,39,1,36.105
2453,2015,7,raikkonen,40,2,24.578
2454,2015,7,button,44,2,25.374
2455,2015,8,kvyat,1,1,28.632
2456,2015,8,ericsson,2,1,30.232
2457,2015,8,button,3,1,24.104
2458,2015,8,button,6,2,28.727
2459,2015,8,ericsson,12,2,16.211
2460,2015,8,grosjean,23,1,22.016
2461,2015,8,nasr,24,1,22.803
2462,2015,8,hulkenberg,25,1,21.685
2463,2015,8,sainz,25,1,27.638
2464,2015,8,bottas,26,1,22.777
2465,2015,8,max_verstappen,26,1,21.984
2466,2015,8,rosberg,33,1,21.768
2467,2015,8,massa,34,1,22.447
2468,2015,8,hamilton,35,1,21.869
2469,2015,8,merhi,34,1,23.926
2470,2015,8,vettel,36,1,31.882
2471,2015,8,maldonado,37,1,21.847
2472,2015,8,perez,38,1,26.689
2473,2015,8,kvyat,45,2,22.111
2474,2015,8,ericsson,45,3,22.449
2475,2015,8,ricciardo,50,1,27.710
2476,2015,9,alonso,1,1,1:11.178
2477,2015,9,ricciardo,11,1,28.464
2478,2015,9,sainz,12,1,29.393
2479,2015,9,raikkonen,13,1,28.974
2480,2015,9,vettel,14,1,28.946
2481,2015,9,alonso,17,2,28.703
2482,2015,9,kvyat,18,1,28.347
2483,2015,9,hamilton,19,1,28.417
2484,2015,9,hulkenberg,19,1,28.558
2485,2015,9,massa,20,1,29.369
2486,2015,9,rosberg,20,1,28.393
2487,2015,9,perez,20,1,28.860
2488,2015,9,ricciardo,20,2,43.240
2489,2015,9,bottas,21,1,28.781
2490,2015,9,ericsson,23,1,29.598
2491,2015,9,stevens,36,1,48.861
2492,2015,9,merhi,36,1,34.672
2493,2015,9,ericsson,37,2,30.867
2494,2015,9,alonso,37,3,32.593
2495,2015,9,raikkonen,38,2,30.397
2496,2015,9,ericsson,41,3,29.828
2497,2015,9,hamilton,43,2,28.979
2498,2015,9,vettel,43,2,29.676
2499,2015,9,ericsson,42,4,30.197
2500,2015,9,rosberg,44,2,30.393
2501,2015,9,massa,44,2,31.948
2502,2015,9,bottas,44,2,31.937
2503,2015,9,kvyat,44,2,33.979
2504,2015,9,hulkenberg,44,2,33.891
2505,2015,9,perez,44,2,31.998
2506,2015,10,merhi,6,1,26.392
2507,2015,10,bottas,13,1,22.974
2508,2015,10,kvyat,13,1,22.072
2509,2015,10,massa,14,1,27.936
2510,2015,10,max_verstappen,14,1,22.536
2511,2015,10,button,14,1,22.231
2512,2015,10,grosjean,14,1,22.805
2513,2015,10,nasr,14,1,22.729
2514,2015,10,hulkenberg,15,1,22.573
2515,2015,10,sainz,15,1,25.096
2516,2015,10,alonso,15,1,21.567
2517,2015,10,perez,16,1,22.068
2518,2015,10,ericsson,16,1,23.005
2519,2015,10,hamilton,19,1,23.146
2520,2015,10,rosberg,20,1,21.780
2521,2015,10,vettel,21,1,21.900
2522,2015,10,ricciardo,21,1,21.824
2523,2015,10,raikkonen,22,1,22.566
2524,2015,10,maldonado,24,1,16.444
2525,2015,10,maldonado,25,2,22.812
2526,2015,10,stevens,26,1,23.051
2527,2015,10,massa,29,2,21.915
2528,2015,10,perez,30,2,22.409
2529,2015,10,merhi,30,2,23.125
2530,2015,10,nasr,32,2,22.907
2531,2015,10,kvyat,33,2,21.574
2532,2015,10,ericsson,33,2,22.199
2533,2015,10,grosjean,34,2,28.707
2534,2015,10,button,35,2,21.753
2535,2015,10,hulkenberg,36,2,22.222
2536,2015,11,ricciardo,7,1,22.637
2537,2015,11,sainz,5,1,23.732
2538,2015,11,perez,8,1,23.562
2539,2015,11,bottas,8,1,23.319
2540,2015,11,alonso,8,1,22.973
2541,2015,11,grosjean,9,1,23.717
2542,2015,11,kvyat,9,1,22.796
2543,2015,11,massa,9,1,23.282
2544,2015,11,max_verstappen,9,1,24.564
2545,2015,11,ericsson,9,1,24.183
2546,2015,11,nasr,10,1,23.439
2547,2015,11,raikkonen,11,1,22.578
2548,2015,11,button,11,1,24.083
2549,2015,11,rosberg,12,1,22.997
2550,2015,11,hamilton,13,1,22.403
2551,2015,11,vettel,14,1,22.681
2552,2015,11,bottas,15,2,17.343
2553,2015,11,merhi,15,1,23.643
2554,2015,11,stevens,16,1,23.826
2555,2015,11,perez,20,2,22.918
2556,2015,11,alonso,20,2,26.103
2557,2015,11,button,20,2,24.151
2558,2015,11,grosjean,21,2,23.493
2559,2015,11,massa,21,2,23.655
2560,2015,11,raikkonen,21,2,23.143
2561,2015,11,max_verstappen,21,2,23.041
2562,2015,11,bottas,21,3,23.489
2563,2015,11,sainz,23,2,23.348
2564,2015,11,kvyat,27,2,22.563
2565,2015,11,nasr,27,2,23.288
2566,2015,12,nasr,1,1,25.761
2567,2015,12,max_verstappen,1,1,18.818
2568,2015,12,sainz,10,1,30.358
2569,2015,12,rosberg,18,1,24.657
2570,2015,12,hulkenberg,18,1,24.286
2571,2015,12,massa,19,1,25.207
2572,2015,12,max_verstappen,19,2,25.318
2573,2015,12,ericsson,20,1,24.842
2574,2015,12,bottas,22,1,25.536
2575,2015,12,perez,23,1,24.281
2576,2015,12,nasr,24,2,25.282
2577,2015,12,vettel,25,1,24.340
2578,2015,12,button,25,1,24.310
2579,2015,12,hamilton,26,1,24.368
2580,2015,12,stevens,26,1,29.382
2581,2015,12,kvyat,27,1,23.884
2582,2015,12,raikkonen,28,1,24.442
2583,2015,12,merhi,27,1,26.435
2584,2015,12,alonso,28,1,24.330
2585,2015,12,ricciardo,30,1,24.259
2586,2015,12,sainz,30,2,24.736
2587,2015,12,max_verstappen,33,3,24.938
2588,2015,12,alonso,46,2,19.374
2589,2015,13,grosjean,9,1,30.640
2590,2015,13,sainz,10,1,34.970
2591,2015,13,alonso,10,1,34.237
2592,2015,13,ericsson,10,1,29.589
2593,2015,13,maldonado,10,1,29.762
2594,2015,13,hulkenberg,11,1,30.868
2595,2015,13,kvyat,12,1,29.159
2596,2015,13,massa,12,1,31.380
2597,2015,13,vettel,13,1,29.172
2598,2015,13,ricciardo,13,1,31.307
2599,2015,13,raikkonen,13,1,30.031
2600,2015,13,hamilton,13,1,28.917
2601,2015,13,rosberg,13,1,30.562
2602,2015,13,bottas,13,1,29.260
2603,2015,13,perez,13,1,29.732
2604,2015,13,nasr,13,1,29.679
2605,2015,13,button,13,1,1:05.317
2606,2015,13,max_verstappen,12,1,31.207
2607,2015,13,rossi,13,1,31.180
2608,2015,13,massa,14,2,29.907
2609,2015,13,stevens,14,1,30.398
2610,2015,13,grosjean,26,2,29.826
2611,2015,13,maldonado,27,2,29.223
2612,2015,13,ericsson,28,2,29.857
2613,2015,13,sainz,28,2,29.742
2614,2015,13,massa,29,3,24.415
2615,2015,13,kvyat,33,2,32.924
2616,2015,13,perez,34,2,29.676
2617,2015,13,nasr,34,2,29.917
2618,2015,13,max_verstappen,36,2,30.844
2619,2015,14,perez,1,1,25.041
2620,2015,14,ricciardo,1,1,26.087
2621,2015,14,massa,1,1,34.166
2622,2015,14,kvyat,8,1,23.316
2623,2015,14,alonso,9,1,23.640
2624,2015,14,max_verstappen,9,1,27.793
2625,2015,14,hulkenberg,10,1,23.750
2626,2015,14,button,10,1,23.343
2627,2015,14,nasr,10,1,24.763
2628,2015,14,bottas,11,1,23.542
2629,2015,14,grosjean,11,1,23.793
2630,2015,14,maldonado,12,1,24.842
2631,2015,14,vettel,13,1,23.074
2632,2015,14,ericsson,13,1,23.418
2633,2015,14,raikkonen,14,1,23.714
2634,2015,14,sainz,14,1,23.701
2635,2015,14,rosberg,15,1,23.078
2636,2015,14,hamilton,16,1,22.750
2637,2015,14,massa,16,2,26.735
2638,2015,14,perez,18,2,24.303
2639,2015,14,kvyat,20,2,23.183
2640,2015,14,stevens,21,1,25.875
2641,2015,14,rossi,22,1,25.146
2642,2015,14,ricciardo,24,2,23.225
2643,2015,14,ericsson,26,2,23.441
2644,2015,14,sainz,27,2,39.345
2645,2015,14,button,27,2,23.801
2646,2015,14,raikkonen,28,2,22.584
2647,2015,14,alonso,28,2,23.767
2648,2015,14,rosberg,29,2,23.241
2649,2015,15,grosjean,1,1,54.445
2650,2015,15,max_verstappen,1,1,37.334
2651,2015,15,perez,12,1,30.545
2652,2015,15,ricciardo,12,1,29.732
2653,2015,15,sainz,12,1,30.288
2654,2015,15,button,12,1,29.719
2655,2015,15,alonso,13,1,29.539
2656,2015,15,merhi,13,1,35.072
2657,2015,15,stevens,14,1,32.400
2658,2015,15,stevens,17,2,30.421
2659,2015,15,max_verstappen,24,2,30.241
2660,2015,15,bottas,26,1,30.316
2661,2015,15,vettel,30,1,29.367
2662,2015,15,massa,30,1,30.741
2663,2015,15,maldonado,30,1,29.952
2664,2015,15,raikkonen,31,1,29.386
2665,2015,15,hamilton,32,1,30.216
2666,2015,15,kvyat,33,1,30.418
2667,2015,15,nasr,34,1,30.362
2668,2015,16,bottas,1,1,40.488
2669,2015,16,grosjean,1,1,27.621
2670,2015,16,rossi,1,1,37.748
2671,2015,16,alonso,1,1,31.987
2672,2015,16,nasr,2,1,31.137
2673,2015,16,nasr,3,2,25.931
2674,2015,16,bottas,4,2,26.384
2675,2015,16,grosjean,9,2,27.730
2676,2015,16,ericsson,16,1,29.728
2677,2015,16,button,17,1,27.286
2678,2015,16,hamilton,18,1,24.354
2679,2015,16,vettel,18,1,25.019
2680,2015,16,max_verstappen,18,1,25.527
2681,2015,16,massa,18,1,24.646
2682,2015,16,nasr,17,3,25.714
2683,2015,16,rossi,17,2,26.520
2684,2015,16,maldonado,18,1,27.851
2685,2015,16,alonso,18,2,24.631
2686,2015,16,ricciardo,19,1,24.449
2687,2015,16,rosberg,19,1,24.640
2688,2015,16,kvyat,19,1,24.638
2689,2015,16,perez,19,1,26.458
2690,2015,16,raikkonen,19,1,24.733
2691,2015,16,sainz,19,1,25.259
2692,2015,16,hulkenberg,19,1,27.344
2693,2015,16,ericsson,19,2,30.932
2694,2015,16,raikkonen,20,2,34.548
2695,2015,16,alonso,26,3,25.405
2696,2015,16,vettel,27,2,25.576
2697,2015,16,hulkenberg,27,2,27.360
2698,2015,17,vettel,1,1,28.070
2699,2015,17,bottas,8,1,22.957
2700,2015,17,massa,9,1,22.849
2701,2015,17,hulkenberg,9,1,23.277
2702,2015,17,maldonado,10,1,26.647
2703,2015,17,ericsson,10,1,22.956
2704,2015,17,grosjean,11,1,22.735
2705,2015,17,nasr,12,1,23.026
2706,2015,17,sainz,13,1,23.128
2707,2015,17,perez,18,1,23.547
2708,2015,17,kvyat,21,1,22.559
2709,2015,17,ricciardo,24,1,22.422
2710,2015,17,max_verstappen,25,1,22.985
2711,2015,17,rosberg,26,1,22.391
2712,2015,17,stevens,26,1,25.087
2713,2015,17,hamilton,28,1,22.304
2714,2015,17,rossi,27,1,25.367
2715,2015,17,button,30,1,23.356
2716,2015,17,vettel,35,2,22.156
2717,2015,17,ericsson,39,2,23.461
2718,2015,17,sainz,43,2,23.776
2719,2015,17,nasr,44,2,23.417
2720,2015,17,rosberg,46,2,22.303
2721,2015,17,hamilton,48,2,22.328
2722,2015,17,button,47,2,23.018
2723,2015,17,sainz,51,3,23.068
2724,2015,17,ericsson,51,3,23.292
2725,2015,17,kvyat,52,2,22.518
2726,2015,17,ricciardo,52,2,22.488
2727,2015,17,massa,52,2,23.086
2728,2015,18,ricciardo,3,1,23.937
2729,2015,18,hulkenberg,9,1,24.009
2730,2015,18,kvyat,10,1,24.155
2731,2015,18,massa,10,1,23.887
2732,2015,18,perez,10,1,23.854
2733,2015,18,grosjean,10,1,24.475
2734,2015,18,bottas,11,1,23.736
2735,2015,18,max_verstappen,11,1,24.166
2736,2015,18,raikkonen,12,1,23.293
2737,2015,18,button,12,1,23.242
2738,2015,18,ericsson,12,1,24.699
2739,2015,18,rosberg,13,1,25.039
2740,2015,18,vettel,13,1,23.801
2741,2015,18,alonso,13,1,22.981
2742,2015,18,hamilton,14,1,24.328
2743,2015,18,nasr,14,1,25.529
2744,2015,18,rossi,14,1,25.492
2745,2015,18,stevens,15,1,25.547
2746,2015,18,maldonado,25,1,24.115
2747,2015,18,ricciardo,28,2,23.979
2748,2015,18,button,31,2,24.265
2749,2015,18,vettel,32,2,23.474
2750,2015,18,rosberg,33,2,23.321
2751,2015,18,alonso,32,2,23.218
2752,2015,18,ericsson,32,2,29.148
2753,2015,18,perez,33,2,23.609
2754,2015,18,hamilton,34,2,23.148
2755,2015,18,max_verstappen,34,2,24.153
2756,2015,18,hulkenberg,35,2,24.199
2757,2015,18,grosjean,35,2,23.787
2758,2015,19,alonso,1,1,44.990
2759,2015,19,nasr,4,1,28.407
2760,2015,19,kvyat,5,1,21.868
2761,2015,19,perez,6,1,21.922
2762,2015,19,ricciardo,6,1,21.949
2763,2015,19,massa,6,1,22.851
2764,2015,19,hulkenberg,7,1,22.045
2765,2015,19,sainz,7,1,25.307
2766,2015,19,bottas,8,1,24.485
2767,2015,19,max_verstappen,8,1,22.309
2768,2015,19,button,8,1,23.722
2769,2015,19,alonso,8,2,16.128
2770,2015,19,bottas,9,2,28.622
2771,2015,19,rosberg,10,1,21.637
2772,2015,19,raikkonen,10,1,22.162
2773,2015,19,hamilton,11,1,21.346
2774,2015,19,ericsson,15,1,22.838
2775,2015,19,alonso,17,3,22.246
2776,2015,19,max_verstappen,20,2,22.457
2777,2015,19,vettel,23,1,21.795
2778,2015,19,grosjean,23,1,22.203
2779,2015,19,stevens,23,1,22.913
2780,2015,19,hulkenberg,24,2,22.174
2781,2015,19,merhi,24,1,24.314
2782,2015,19,kvyat,25,2,21.634
2783,2015,19,ricciardo,26,2,22.118
2784,2015,19,massa,26,2,22.710
2785,2015,19,nasr,26,2,22.806
2786,2015,19,perez,27,2,22.116
2787,2015,19,button,27,2,22.310
2788,2016,1,kevin_magnussen,1,1,27.831
2789,2016,1,sainz,8,1,22.414
2790,2016,1,nasr,10,1,22.701
2791,2016,1,massa,11,1,21.550
2792,2016,1,wehrlein,11,1,26.206
2793,2016,1,ericsson,11,1,22.357
2794,2016,1,rosberg,12,1,21.531
2795,2016,1,ricciardo,12,1,22.245
2796,2016,1,alonso,12,1,21.796
2797,2016,1,jolyon_palmer,12,1,23.286
2798,2016,1,haryanto,12,1,23.224
2799,2016,1,vettel,13,1,21.339
2800,2016,1,max_verstappen,13,1,22.303
2801,2016,1,button,15,1,22.616
2802,2016,1,raikkonen,16,1,22.508
2803,2016,1,hamilton,16,1,21.940
2804,2016,1,hulkenberg,16,1,22.167
2805,2016,1,perez,16,1,24.719
2806,2016,1,bottas,17,1,21.376
2807,2016,1,kevin_magnussen,16,2,22.079
2808,2016,1,vettel,18,2,18:09.312
2809,2016,1,rosberg,18,2,18:09.303
2810,2016,1,raikkonen,18,2,18:09.365
2811,2016,1,ricciardo,18,2,18:09.822
2812,2016,1,max_verstappen,18,2,18:09.372
2813,2016,1,sainz,18,2,18:09.971
2814,2016,1,hamilton,18,2,18:10.087
2815,2016,1,massa,18,2,18:09.805
2816,2016,1,grosjean,18,1,18:09.417
2817,2016,1,hulkenberg,18,2,18:09.155
2818,2016,2,hulkenberg,1,1,31.931
2819,2016,2,perez,2,1,30.326
2820,2016,2,sainz,2,1,28.401
2821,2016,2,ricciardo,6,1,24.541
2822,2016,2,massa,7,1,24.093
2823,2016,2,bottas,8,1,24.944
2824,2016,2,gutierrez,8,1,32.793
2825,2016,2,vandoorne,9,1,24.604
2826,2016,2,bottas,9,2,19.369
2827,2016,2,max_verstappen,10,1,25.810
2828,2016,2,nasr,10,1,26.246
2829,2016,2,grosjean,11,1,25.739
2830,2016,2,wehrlein,11,1,26.236
2831,2016,2,raikkonen,12,1,24.720
2832,2016,2,kevin_magnussen,12,1,26.876
2833,2016,2,haryanto,12,1,26.382
2834,2016,2,rosberg,13,1,24.934
2835,2016,2,hamilton,13,1,24.512
2836,2016,2,ericsson,13,1,24.775
2837,2016,2,perez,14,2,25.068
2838,2016,2,kvyat,16,1,24.419
2839,2016,2,hulkenberg,16,2,24.930
2840,2016,2,sainz,20,2,34.978
2841,2016,2,ricciardo,24,2,26.631
2842,2016,2,kevin_magnussen,24,2,24.383
2843,2016,2,vandoorne,25,2,24.682
2844,2016,2,max_verstappen,26,2,25.594
2845,2016,2,grosjean,27,2,26.151
2846,2016,2,hamilton,28,2,25.030
2847,2016,2,raikkonen,29,2,25.222
2848,2016,3,grosjean,1,1,58.563
2849,2016,3,raikkonen,1,1,31.134
2850,2016,3,hamilton,1,1,29.322
2851,2016,3,nasr,1,1,36.854
2852,2016,3,ricciardo,3,1,24.392
2853,2016,3,kvyat,4,1,24.084
2854,2016,3,perez,4,1,23.215
2855,2016,3,vettel,4,1,30.115
2856,2016,3,hulkenberg,4,1,27.683
2857,2016,3,sainz,4,1,25.754
2858,2016,3,button,4,1,24.072
2859,2016,3,bottas,4,1,22.682
2860,2016,3,max_verstappen,4,1,30.034
2861,2016,3,ericsson,4,1,23.955
2862,2016,3,kevin_magnussen,4,1,23.158
2863,2016,3,hamilton,5,2,25.179
2864,2016,3,hamilton,6,3,22.301
2865,2016,3,raikkonen,14,2,23.296
2866,2016,3,wehrlein,15,1,26.969
2867,2016,3,jolyon_palmer,15,1,22.799
2868,2016,3,alonso,16,1,22.874
2869,2016,3,vettel,17,2,22.276
2870,2016,3,hulkenberg,17,2,23.867
2871,2016,3,perez,18,2,22.485
2872,2016,3,haryanto,18,1,23.183
2873,2016,3,kvyat,19,2,22.607
2874,2016,3,massa,19,1,22.124
2875,2016,3,sainz,19,2,22.832
2876,2016,3,ricciardo,19,2,22.461
2877,2016,3,gutierrez,19,1,23.878
2878,2016,4,kvyat,1,1,41.282
2879,2016,4,ricciardo,1,1,47.763
2880,2016,4,ericsson,1,1,30.529
2881,2016,4,perez,1,1,32.800
2882,2016,4,gutierrez,1,1,40.169
2883,2016,4,kvyat,8,2,38.906
2884,2016,4,gutierrez,9,2,25.037
2885,2016,4,sainz,11,1,30.805
2886,2016,4,nasr,12,1,30.259
2887,2016,4,wehrlein,13,1,31.433
2888,2016,4,jolyon_palmer,14,1,30.805
2889,2016,4,bottas,16,1,29.841
2890,2016,4,kevin_magnussen,16,1,30.585
2891,2016,4,hamilton,17,1,30.001
2892,2016,4,grosjean,17,1,31.420
2893,2016,4,massa,18,1,29.551
2894,2016,4,raikkonen,20,1,30.498
2895,2016,4,button,20,1,30.580
2896,2016,4,rosberg,21,1,29.709
2897,2016,4,alonso,21,1,29.751
2898,2016,4,max_verstappen,22,1,30.553
2899,2016,4,perez,27,2,30.400
2900,2016,4,ericsson,28,2,30.433
2901,2016,4,ricciardo,29,2,31.205
2902,2016,4,wehrlein,39,2,57.151
2903,2016,4,massa,46,2,30.065
2904,2016,5,massa,8,1,21.384
2905,2016,5,perez,9,1,22.679
2906,2016,5,kvyat,9,1,23.277
2907,2016,5,ericsson,9,1,22.840
2908,2016,5,sainz,10,1,22.874
2909,2016,5,button,10,1,22.280
2910,2016,5,hulkenberg,10,1,22.176
2911,2016,5,kevin_magnussen,10,1,22.843
2912,2016,5,ricciardo,11,1,21.738
2913,2016,5,alonso,11,1,21.795
2914,2016,5,jolyon_palmer,11,1,23.283
2915,2016,5,wehrlein,11,1,24.554
2916,2016,5,max_verstappen,12,1,22.369
2917,2016,5,raikkonen,12,1,22.107
2918,2016,5,bottas,12,1,21.856
2919,2016,5,nasr,12,1,22.976
2920,2016,5,vettel,15,1,21.643
2921,2016,5,grosjean,15,1,23.187
2922,2016,5,gutierrez,16,1,23.206
2923,2016,5,haryanto,22,1,28.753
2924,2016,5,ericsson,24,2,23.122
2925,2016,5,massa,25,2,22.568
2926,2016,5,kvyat,25,2,22.234
2927,2016,5,ricciardo,28,2,22.104
2928,2016,5,vettel,29,2,22.617
2929,2016,5,grosjean,29,2,22.844
2930,2016,5,gutierrez,30,2,22.430
2931,2016,5,kevin_magnussen,30,2,23.165
2932,2016,5,jolyon_palmer,33,2,22.397
2933,2016,5,wehrlein,33,2,24.387
2934,2016,6,kvyat,1,1,1:32.609
2935,2016,6,kvyat,2,2,19.918
2936,2016,6,kevin_magnussen,7,1,25.583
2937,2016,6,button,8,1,25.766
2938,2016,6,nasr,8,1,28.242
2939,2016,6,kvyat,7,3,27.698
2940,2016,6,ericsson,11,1,27.176
2941,2016,6,haryanto,11,1,29.117
2942,2016,6,max_verstappen,12,1,25.604
2943,2016,6,vettel,13,1,25.114
2944,2016,6,alonso,14,1,25.512
2945,2016,6,hulkenberg,15,1,25.215
2946,2016,6,bottas,15,1,27.364
2947,2016,6,grosjean,15,1,33.490
2948,2016,6,gutierrez,16,1,26.044
2949,2016,6,rosberg,20,1,26.698
2950,2016,6,massa,20,1,24.934
2951,2016,6,sainz,21,1,27.738
2952,2016,6,perez,21,1,25.714
2953,2016,6,kevin_magnussen,21,2,38.811
2954,2016,6,ricciardo,23,1,25.054
2955,2016,6,ericsson,29,2,26.435
2956,2016,6,perez,30,2,25.608
2957,2016,6,button,30,2,25.450
2958,2016,6,kevin_magnussen,29,3,25.879
2959,2016,6,bottas,30,2,25.478
2960,2016,6,grosjean,30,2,25.111
2961,2016,6,hamilton,31,1,26.315
2962,2016,6,rosberg,31,2,27.680
2963,2016,6,vettel,31,2,25.561
2964,2016,7,nasr,9,1,23.987
2965,2016,7,vettel,11,1,22.597
2966,2016,7,raikkonen,11,1,22.820
2967,2016,7,wehrlein,11,1,24.784
2968,2016,7,sainz,13,1,23.517
2969,2016,7,gutierrez,13,1,23.412
2970,2016,7,ericsson,14,1,22.957
2971,2016,7,haryanto,15,1,29.732
2972,2016,7,alonso,17,1,27.952
2973,2016,7,grosjean,17,1,23.680
2974,2016,7,kvyat,17,1,
2975,2016,7,max_verstappen,20,1,23.586
2976,2016,7,ricciardo,21,1,22.872
2977,2016,7,rosberg,21,1,22.466
2978,2016,7,hulkenberg,21,1,22.876
2979,2016,7,massa,22,1,22.925
2980,2016,7,bottas,23,1,22.184
2981,2016,7,hamilton,24,1,22.243
2982,2016,7,perez,30,1,22.556
2983,2016,7,raikkonen,33,2,23.263
2984,2016,7,nasr,35,2,23.608
2985,2016,7,vettel,37,2,22.361
2986,2016,7,ricciardo,38,2,24.018
2987,2016,7,wehrlein,38,2,24.516
2988,2016,7,grosjean,39,2,23.055
2989,2016,7,ericsson,39,2,23.299
2990,2016,7,kevin_magnussen,39,1,23.162
2991,2016,7,gutierrez,41,2,23.928
2992,2016,7,kvyat,44,2,22.627
2993,2016,7,haryanto,44,2,25.069
2994,2016,8,haryanto,1,1,33.405
2995,2016,8,sainz,4,1,22.028
2996,2016,8,max_verstappen,5,1,20.069
2997,2016,8,alonso,5,1,20.282
2998,2016,8,kvyat,5,1,24.802
2999,2016,8,ricciardo,6,1,19.840
3000,2016,8,button,6,1,20.185
3001,2016,8,kevin_magnussen,6,1,20.772
3002,2016,8,massa,7,1,19.445
3003,2016,8,nasr,7,1,20.670
3004,2016,8,raikkonen,8,1,20.593
3005,2016,8,gutierrez,8,1,29.227
3006,2016,8,grosjean,10,1,21.132
3007,2016,8,jolyon_palmer,11,1,20.965
3008,2016,8,hamilton,15,1,20.108
3009,2016,8,perez,16,1,20.614
3010,2016,8,ericsson,16,1,21.083
3011,2016,8,bottas,19,1,19.732
3012,2016,8,vettel,20,1,20.422
3013,2016,8,hulkenberg,20,1,20.347
3014,2016,8,max_verstappen,20,2,22.497
3015,2016,8,rosberg,21,1,20.058
3016,2016,8,ricciardo,22,2,20.155
3017,2016,8,alonso,24,2,20.654
3018,2016,8,nasr,24,2,20.713
3019,2016,8,button,25,2,20.640
3020,2016,8,ericsson,25,2,20.559
3021,2016,8,grosjean,26,2,23.588
3022,2016,8,sainz,27,2,21.030
3023,2016,8,massa,28,2,19.858
3024,2016,9,hulkenberg,8,1,22.601
3025,2016,9,alonso,8,1,21.924
3026,2016,9,button,9,1,22.859
3027,2016,9,bottas,9,1,21.047
3028,2016,9,sainz,9,1,22.605
3029,2016,9,perez,9,1,21.883
3030,2016,9,rosberg,10,1,21.890
3031,2016,9,kevin_magnussen,11,1,22.033
3032,2016,9,jolyon_palmer,12,1,21.745
3033,2016,9,massa,12,1,21.097
3034,2016,9,ericsson,12,1,22.980
3035,2016,9,wehrlein,13,1,22.613
3036,2016,9,ricciardo,14,1,21.183
3037,2016,9,max_verstappen,15,1,21.945
3038,2016,9,hamilton,21,1,22.918
3039,2016,9,gutierrez,21,1,22.053
3040,2016,9,raikkonen,22,1,21.916
3041,2016,9,wehrlein,23,2,23.738
3042,2016,9,hulkenberg,24,2,21.580
3043,2016,9,button,26,2,22.035
3044,2016,9,grosjean,26,1,22.662
3045,2016,9,alonso,26,2,22.879
3046,2016,9,perez,26,2,21.412
3047,2016,9,haryanto,27,1,23.326
3048,2016,9,rosberg,28,2,17.959
3049,2016,9,wehrlein,27,3,18.064
3050,2016,9,hamilton,28,2,16.983
3051,2016,9,max_verstappen,28,2,17.165
3052,2016,9,ricciardo,28,2,19.408
3053,2016,9,raikkonen,28,2,21.206
3054,2016,10,raikkonen,5,1,29.578
3055,2016,10,bottas,5,1,29.808
3056,2016,10,hulkenberg,5,1,30.747
3057,2016,10,sainz,5,1,30.786
3058,2016,10,alonso,5,1,32.374
3059,2016,10,vettel,5,1,31.381
3060,2016,10,grosjean,5,1,31.632
3061,2016,10,gutierrez,5,1,41.508
3062,2016,10,kevin_magnussen,5,1,30.804
3063,2016,10,wehrlein,5,1,31.812
3064,2016,10,ricciardo,6,1,30.198
3065,2016,10,massa,6,1,29.243
3066,2016,10,kvyat,6,1,30.315
3067,2016,10,button,6,1,30.093
3068,2016,10,jolyon_palmer,6,1,29.784
3069,2016,10,haryanto,6,1,29.998
3070,2016,10,hamilton,7,1,30.343
3071,2016,10,rosberg,7,1,29.395
3072,2016,10,max_verstappen,7,1,31.995
3073,2016,10,perez,7,1,29.475
3074,2016,10,nasr,7,1,30.981
3075,2016,10,ericsson,7,1,35.393
3076,2016,10,ericsson,10,2,1:44.980
3077,2016,10,vettel,15,2,29.163
3078,2016,10,raikkonen,16,2,30.462
3079,2016,10,massa,16,2,29.403
3080,2016,10,kvyat,16,2,30.327
3081,2016,10,bottas,16,2,29.282
3082,2016,10,nasr,16,2,30.143
3083,2016,10,grosjean,16,2,30.882
3084,2016,11,button,7,1,22.229
3085,2016,11,wehrlein,9,1,23.486
3086,2016,11,button,10,2,16.486
3087,2016,11,nasr,11,1,22.778
3088,2016,11,vettel,14,1,21.640
3089,2016,11,hulkenberg,14,1,22.014
3090,2016,11,grosjean,14,1,22.427
3091,2016,11,ricciardo,15,1,22.241
3092,2016,11,alonso,15,1,22.099
3093,2016,11,gutierrez,15,1,22.828
3094,2016,11,hamilton,16,1,21.441
3095,2016,11,max_verstappen,16,1,22.389
3096,2016,11,sainz,16,1,22.960
3097,2016,11,bottas,16,1,21.704
3098,2016,11,rosberg,17,1,21.233
3099,2016,11,ericsson,17,1,23.873
3100,2016,11,kevin_magnussen,24,1,21.990
3101,2016,11,kvyat,24,1,22.105
3102,2016,11,massa,25,1,21.793
3103,2016,11,jolyon_palmer,26,1,21.892
3104,2016,11,perez,27,1,22.689
3105,2016,11,button,28,3,22.718
3106,2016,11,raikkonen,29,1,21.951
3107,2016,11,haryanto,29,1,24.254
3108,2016,11,ricciardo,33,2,22.006
3109,2016,11,wehrlein,35,2,22.765
3110,2016,11,grosjean,36,2,22.303
3111,2016,11,kevin_magnussen,36,2,22.051
3112,2016,11,gutierrez,37,2,22.520
3113,2016,11,max_verstappen,38,2,21.687
3114,2016,12,jolyon_palmer,2,1,19.298
3115,2016,12,kvyat,7,1,23.243
3116,2016,12,nasr,7,1,29.865
3117,2016,12,perez,8,1,19.233
3118,2016,12,sainz,9,1,22.751
3119,2016,12,massa,9,1,18.590
3120,2016,12,max_verstappen,11,1,19.017
3121,2016,12,rosberg,11,1,19.693
3122,2016,12,kevin_magnussen,11,1,19.034
3123,2016,12,ricciardo,12,1,18.964
3124,2016,12,bottas,12,1,18.796
3125,2016,12,hulkenberg,12,1,19.608
3126,2016,12,wehrlein,12,1,19.813
3127,2016,12,vettel,13,1,19.230
3128,2016,12,button,13,1,19.427
3129,2016,12,haryanto,13,1,31.317
3130,2016,12,hamilton,14,1,18.650
3131,2016,12,raikkonen,14,1,22.393
3132,2016,12,alonso,14,1,19.258
3133,2016,12,ericsson,16,1,20.148
3134,2016,12,grosjean,17,1,20.301
3135,2016,12,nasr,19,2,19.944
3136,2016,12,gutierrez,25,1,20.099
3137,2016,12,jolyon_palmer,25,2,26.688
3138,2016,12,massa,26,2,36.395
3139,2016,12,wehrlein,26,2,19.626
3140,2016,12,rosberg,27,2,18.936
3141,2016,12,perez,27,2,19.223
3142,2016,12,max_verstappen,28,2,19.137
3143,2016,12,alonso,28,2,19.440
3144,2016,13,max_verstappen,1,1,31.235
3145,2016,13,nasr,1,1,26.390
3146,2016,13,vettel,1,1,22.403
3147,2016,13,raikkonen,1,1,1:27.084
3148,2016,13,massa,2,1,22.484
3149,2016,13,hulkenberg,6,1,23.564
3150,2016,13,raikkonen,5,2,23.061
3151,2016,13,perez,6,1,23.783
3152,2016,13,grosjean,6,1,23.705
3153,2016,13,jolyon_palmer,6,1,22.698
3154,2016,13,ocon,6,1,28.718
3155,2016,13,bottas,7,1,22.190
3156,2016,13,gutierrez,7,1,23.486
3157,2016,13,rosberg,9,1,16:36.150
3158,2016,13,ricciardo,9,1,16:38.401
3159,2016,13,hulkenberg,9,2,16:38.468
3160,2016,13,alonso,9,1,16:38.234
3161,2016,13,hamilton,9,1,16:40.478
3162,2016,13,massa,9,2,16:40.664
3163,2016,13,perez,9,2,16:40.284
3164,2016,13,kvyat,9,1,16:40.466
3165,2016,13,jolyon_palmer,9,2,16:40.234
3166,2016,13,grosjean,9,2,16:39.366
3167,2016,13,vettel,9,2,16:38.511
3168,2016,13,bottas,9,2,16:38.328
3169,2016,13,gutierrez,9,2,16:38.622
3170,2016,13,max_verstappen,9,2,16:38.546
3171,2016,13,ocon,9,2,16:40.980
3172,2016,13,nasr,9,2,16:41.198
3173,2016,13,raikkonen,9,3,15:43.158
3174,2016,14,jolyon_palmer,2,1,33.275
3175,2016,14,nasr,2,1,27.786
3176,2016,14,nasr,4,2,13:30.454
3177,2016,14,bottas,13,1,24.161
3178,2016,14,max_verstappen,13,1,24.610
3179,2016,14,alonso,13,1,26.843
3180,2016,14,kvyat,13,1,25.183
3181,2016,14,hulkenberg,14,1,24.043
3182,2016,14,kevin_magnussen,14,1,24.505
3183,2016,14,raikkonen,15,1,24.116
3184,2016,14,perez,15,1,24.537
3185,2016,14,button,15,1,26.427
3186,2016,14,nasr,5,3,36.594
3187,2016,14,vettel,16,1,25.472
3188,2016,14,ricciardo,16,1,23.745
3189,2016,14,massa,16,1,23.940
3190,2016,14,wehrlein,16,1,25.962
3191,2016,14,gutierrez,16,1,25.150
3192,2016,14,sainz,23,1,25.301
3193,2016,14,ericsson,23,1,25.145
3194,2016,14,rosberg,24,1,25.550
3195,2016,14,hamilton,25,1,23.633
3196,2016,14,perez,28,2,24.033
3197,2016,14,grosjean,28,1,25.340
3198,2016,14,bottas,30,2,23.899
3199,2016,14,kevin_magnussen,30,2,23.757
3200,2016,14,vettel,33,2,25.033
3201,2016,14,ocon,32,1,25.539
3202,2016,14,hulkenberg,33,2,24.553
3203,2016,14,alonso,33,2,23.694
3204,2016,15,rosberg,1,1,26.350
3205,2016,15,ricciardo,1,1,25.925
3206,2016,15,hamilton,1,1,24.453
3207,2016,15,raikkonen,1,1,24.874
3208,2016,15,alonso,1,1,24.649
3209,2016,15,kvyat,1,1,24.584
3210,2016,15,sainz,1,1,25.973
3211,2016,15,max_verstappen,1,1,25.740
3212,2016,15,massa,1,1,25.929
3213,2016,15,kevin_magnussen,1,1,25.816
3214,2016,15,ericsson,1,1,26.135
3215,2016,15,perez,1,1,32.821
3216,2016,15,gutierrez,1,1,26.519
3217,2016,15,button,1,1,42.815
3218,2016,15,bottas,1,1,32.709
3219,2016,15,wehrlein,1,1,24.308
3220,2016,15,ocon,1,1,24.343
3221,2016,15,nasr,1,1,25.057
3222,2016,15,jolyon_palmer,1,1,25.211
3223,2016,15,vettel,1,1,24.342
3224,2016,15,sainz,7,2,29.846
3225,2016,15,ericsson,8,2,29.706
3226,2016,15,jolyon_palmer,11,2,28.847
3227,2016,15,max_verstappen,13,2,28.815
3228,2016,15,alonso,14,2,29.401
3229,2016,15,ricciardo,15,2,28.890
3230,2016,15,hamilton,15,2,29.150
3231,2016,15,kvyat,15,2,30.301
3232,2016,15,bottas,15,2,28.780
3233,2016,15,button,15,2,28.998
3234,2016,16,kvyat,1,1,32.413
3235,2016,16,massa,1,1,23.528
3236,2016,16,kevin_magnussen,1,1,30.679
3237,2016,16,gutierrez,1,1,30.782
3238,2016,16,massa,6,2,24.425
3239,2016,16,max_verstappen,9,1,23.935
3240,2016,16,perez,9,1,27.024
3241,2016,16,button,9,1,24.738
3242,2016,16,hulkenberg,9,1,26.609
3243,2016,16,rosberg,9,1,23.750
3244,2016,16,alonso,9,1,25.195
3245,2016,16,wehrlein,9,1,25.820
3246,2016,16,ocon,12,1,25.368
3247,2016,16,hamilton,20,1,23.689
3248,2016,16,raikkonen,20,1,24.584
3249,2016,16,sainz,20,1,24.400
3250,2016,16,ricciardo,21,1,24.197
3251,2016,16,ericsson,21,1,25.272
3252,2016,16,gutierrez,22,2,24.814
3253,2016,16,max_verstappen,27,2,23.856
3254,2016,16,alonso,27,2,24.061
3255,2016,16,hulkenberg,28,2,24.012
3256,2016,16,bottas,29,1,23.828
3257,2016,16,kvyat,29,2,24.338
3258,2016,16,wehrlein,30,2,26.156
3259,2016,16,rosberg,31,2,24.661
3260,2016,16,jolyon_palmer,31,1,23.928
3261,2016,16,ocon,31,2,33.338
3262,2016,16,massa,31,3,23.778
3263,2016,16,raikkonen,32,2,24.412
3264,2016,17,alonso,9,1,22.786
3265,2016,17,max_verstappen,10,1,22.855
3266,2016,17,ricciardo,10,1,22.996
3267,2016,17,grosjean,10,1,23.741
3268,2016,17,kvyat,10,1,22.990
3269,2016,17,hulkenberg,11,1,22.832
3270,2016,17,gutierrez,11,1,24.110
3271,2016,17,rosberg,12,1,22.673
3272,2016,17,vettel,12,1,23.226
3273,2016,17,raikkonen,12,1,23.244
3274,2016,17,perez,12,1,23.605
3275,2016,17,ocon,12,1,24.973
3276,2016,17,hamilton,13,1,22.989
3277,2016,17,sainz,13,1,22.986
3278,2016,17,wehrlein,13,1,24.630
3279,2016,17,button,19,1,24.375
3280,2016,17,kvyat,23,2,22.943
3281,2016,17,massa,24,1,22.463
3282,2016,17,jolyon_palmer,25,1,23.452
3283,2016,17,kevin_magnussen,25,1,23.072
3284,2016,17,nasr,25,1,25.131
3285,2016,17,raikkonen,26,2,22.762
3286,2016,17,bottas,26,1,25.007
3287,2016,17,ericsson,26,1,24.011
3288,2016,17,alonso,27,2,23.032
3289,2016,17,max_verstappen,28,2,22.788
3290,2016,17,hulkenberg,28,2,22.952
3291,2016,17,gutierrez,28,2,23.792
3292,2016,17,rosberg,29,2,23.150
3293,2016,17,perez,29,2,22.721
3294,2016,18,bottas,1,1,27.098
3295,2016,18,ricciardo,8,1,23.956
3296,2016,18,raikkonen,8,1,23.989
3297,2016,18,max_verstappen,9,1,23.489
3298,2016,18,rosberg,10,1,23.526
3299,2016,18,button,10,1,23.613
3300,2016,18,grosjean,10,1,24.523
3301,2016,18,perez,10,1,23.350
3302,2016,18,hamilton,11,1,23.601
3303,2016,18,massa,11,1,24.093
3304,2016,18,sainz,11,1,24.778
3305,2016,18,alonso,11,1,23.683
3306,2016,18,gutierrez,13,1,24.470
3307,2016,18,kevin_magnussen,13,1,24.310
3308,2016,18,wehrlein,13,1,26.059
3309,2016,18,vettel,14,1,24.433
3310,2016,18,jolyon_palmer,15,1,24.071
3311,2016,18,ericsson,17,1,25.229
3312,2016,18,ocon,17,1,25.216
3313,2016,18,bottas,20,2,25.222
3314,2016,18,kvyat,21,1,37.837
3315,2016,18,raikkonen,24,2,23.845
3316,2016,18,ricciardo,25,2,23.534
3317,2016,18,max_verstappen,26,2,36.112
3318,2016,18,jolyon_palmer,26,2,24.766
3319,2016,18,ocon,26,2,27.532
3320,2016,18,perez,27,2,24.467
3321,2016,18,grosjean,27,2,26.056
3322,2016,18,kevin_magnussen,27,2,24.103
3323,2016,18,button,28,2,25.635
3324,2016,19,ricciardo,1,1,22.087
3325,2016,19,jolyon_palmer,1,1,23.897
3326,2016,19,ericsson,1,1,32.608
3327,2016,19,grosjean,11,1,22.957
3328,2016,19,max_verstappen,12,1,21.775
3329,2016,19,sainz,12,1,22.747
3330,2016,19,kevin_magnussen,12,1,22.271
3331,2016,19,gutierrez,12,1,25.198
3332,2016,19,kvyat,13,1,22.665
3333,2016,19,hulkenberg,14,1,22.134
3334,2016,19,massa,14,1,21.863
3335,2016,19,ocon,15,1,23.866
3336,2016,19,alonso,16,1,22.461
3337,2016,19,hamilton,17,1,21.709
3338,2016,19,button,17,1,22.438
3339,2016,19,bottas,19,1,22.396
3340,2016,19,rosberg,20,1,21.997
3341,2016,19,raikkonen,20,1,22.398
3342,2016,19,perez,20,1,22.213
3343,2016,19,vettel,32,1,22.035
3344,2016,19,raikkonen,45,2,22.974
3345,2016,19,alonso,45,2,25.171
3346,2016,19,kvyat,47,2,22.865
3347,2016,19,gutierrez,48,2,23.110
3348,2016,19,nasr,49,1,23.540
3349,2016,19,ricciardo,50,2,22.443
3350,2016,19,grosjean,50,2,23.678
3351,2016,19,kevin_magnussen,51,2,22.384
3352,2016,20,kevin_magnussen,7,1,24.986
3353,2016,20,button,8,1,24.192
3354,2016,20,alonso,9,1,24.821
3355,2016,20,bottas,9,1,24.724
3356,2016,20,massa,9,1,29.421
3357,2016,20,kvyat,9,1,25.758
3358,2016,20,jolyon_palmer,9,1,24.745
3359,2016,20,ericsson,9,1,25.395
3360,2016,20,vettel,10,1,29.981
3361,2016,20,gutierrez,12,1,25.147
3362,2016,20,max_verstappen,13,1,24.186
3363,2016,20,ricciardo,13,1,24.623
3364,2016,20,kvyat,17,2,25.355
3365,2016,20,jolyon_palmer,17,2,24.656
3366,2016,20,hamilton,20,1,33:30.361
3367,2016,20,rosberg,20,1,33:29.747
3368,2016,20,max_verstappen,20,2,33:29.643
3369,2016,20,hulkenberg,20,1,33:28.504
3370,2016,20,perez,20,1,33:28.398
3371,2016,20,sainz,20,1,33:28.828
3372,2016,20,nasr,20,1,33:28.206
3373,2016,20,ricciardo,20,2,33:28.600
3374,2016,20,ocon,20,1,33:29.052
3375,2016,20,wehrlein,20,1,33:28.464
3376,2016,20,alonso,20,2,33:28.789
3377,2016,20,bottas,20,2,33:28.595
3378,2016,20,kevin_magnussen,20,2,33:28.979
3379,2016,20,button,20,2,33:30.062
3380,2016,20,vettel,20,2,33:30.637
3381,2016,20,massa,20,2,33:29.630
3382,2016,21,kevin_magnussen,1,1,27.068
3383,2016,21,sainz,6,1,21.761
3384,2016,21,wehrlein,6,1,33.395
3385,2016,21,hamilton,7,1,22.600
3386,2016,21,raikkonen,7,1,21.959
3387,2016,21,alonso,7,1,22.428
3388,2016,21,jolyon_palmer,7,1,24.781
3389,2016,21,nasr,7,1,23.272
3390,2016,21,rosberg,8,1,23.753
3391,2016,21,vettel,8,1,21.711
3392,2016,21,hulkenberg,8,1,21.834
3393,2016,21,massa,8,1,21.775
3394,2016,21,gutierrez,8,1,22.032
3395,2016,21,kvyat,8,1,21.896
3396,2016,21,ricciardo,9,1,22.084
3397,2016,21,perez,9,1,21.308
3398,2016,21,grosjean,20,1,22.838
3399,2016,21,max_verstappen,21,1,21.221
3400,2016,21,jolyon_palmer,21,2,22.145
3401,2016,21,ocon,22,1,24.035
3402,2016,21,ricciardo,24,2,21.768
3403,2016,21,wehrlein,24,2,22.949
3404,2016,21,raikkonen,25,2,22.087
3405,2016,21,hulkenberg,26,2,21.482
3406,2016,21,perez,27,2,22.012
3407,2016,21,hamilton,28,2,21.355
3408,2016,21,gutierrez,28,2,22.102
3409,2016,21,sainz,28,2,21.935
3410,2016,21,rosberg,29,2,21.218
3411,2016,21,massa,30,2,21.539
3412,2017,1,kevin_magnussen,1,1,31.336
3413,2017,1,stroll,5,1,22.293
3414,2017,1,vandoorne,9,1,39.562
3415,2017,1,ocon,15,1,22.154
3416,2017,1,giovinazzi,15,1,28.591
3417,2017,1,alonso,16,1,22.484
3418,2017,1,hulkenberg,16,1,23.130
3419,2017,1,hamilton,17,1,21.709
3420,2017,1,perez,17,1,22.045
3421,2017,1,sainz,18,1,21.762
3422,2017,1,massa,20,1,21.568
3423,2017,1,vettel,23,1,21.988
3424,2017,1,bottas,25,1,21.440
3425,2017,1,max_verstappen,25,1,22.208
3426,2017,1,raikkonen,26,1,22.033
3427,2017,1,stroll,29,2,22.380
3428,2017,1,hulkenberg,30,2,23.159
3429,2017,1,kvyat,34,1,25.559
3430,2017,1,kevin_magnussen,44,2,22.189
3431,2017,1,kvyat,49,2,24.026
3432,2017,2,hulkenberg,1,1,23.550
3433,2017,2,vettel,2,1,22.906
3434,2017,2,kvyat,2,1,24.016
3435,2017,2,alonso,2,1,24.250
3436,2017,2,massa,2,1,23.123
3437,2017,2,perez,2,1,24.030
3438,2017,2,kevin_magnussen,2,1,23.809
3439,2017,2,ericsson,2,1,27.934
3440,2017,2,ocon,2,1,17.673
3441,2017,2,grosjean,2,1,30.654
3442,2017,2,vandoorne,2,1,25.146
3443,2017,2,giovinazzi,2,1,29.443
3444,2017,2,hamilton,4,1,22.999
3445,2017,2,bottas,4,1,32.287
3446,2017,2,ricciardo,4,1,17.340
3447,2017,2,raikkonen,4,1,23.847
3448,2017,2,max_verstappen,4,1,23.071
3449,2017,2,vettel,4,2,17.354
3450,2017,2,sainz,4,1,17.337
3451,2017,2,ocon,4,2,33.491
3452,2017,2,alonso,4,2,17.304
3453,2017,2,kvyat,4,2,17.320
3454,2017,2,perez,4,2,17.416
3455,2017,2,massa,4,2,17.324
3456,2017,2,kevin_magnussen,4,2,17.296
3457,2017,2,jolyon_palmer,4,1,17.291
3458,2017,2,vandoorne,4,2,17.325
3459,2017,2,hulkenberg,4,2,17.336
3460,2017,2,ericsson,4,2,17.341
3461,2017,2,grosjean,4,2,17.303
3462,2017,3,stroll,8,1,24.915
3463,2017,3,vettel,10,1,24.702
3464,2017,3,max_verstappen,11,1,25.174
3465,2017,3,ocon,11,1,24.664
3466,2017,3,wehrlein,11,1,26.542
3467,2017,3,raikkonen,12,1,26.430
3468,2017,3,grosjean,12,1,25.075
3469,2017,3,sainz,12,1,25.001
3470,2017,3,bottas,13,1,28.368
3471,2017,3,hamilton,13,1,30.687
3472,2017,3,ricciardo,13,1,25.312
3473,2017,3,massa,13,1,25.704
3474,2017,3,hulkenberg,13,1,26.634
3475,2017,3,perez,13,1,24.332
3476,2017,3,jolyon_palmer,13,1,27.466
3477,2017,3,alonso,13,1,24.922
3478,2017,3,kvyat,13,1,25.204
3479,2017,3,bottas,30,2,24.540
3480,2017,3,grosjean,31,2,24.965
3481,2017,3,vettel,33,2,24.314
3482,2017,3,ericsson,33,1,25.576
3483,2017,3,perez,36,2,24.630
3484,2017,3,hulkenberg,36,2,25.135
3485,2017,3,alonso,36,2,24.723
3486,2017,3,raikkonen,37,2,25.856
3487,2017,3,massa,37,2,24.240
3488,2017,3,ocon,37,2,24.505
3489,2017,3,jolyon_palmer,37,2,26.420
3490,2017,3,ricciardo,39,2,25.200
3491,2017,3,hamilton,41,2,30.682
3492,2017,4,vandoorne,1,1,30.006
3493,2017,4,ericsson,1,1,32.235
3494,2017,4,wehrlein,2,1,31.266
3495,2017,4,wehrlein,20,2,30.799
3496,2017,4,massa,21,1,29.923
3497,2017,4,kevin_magnussen,21,1,36.559
3498,2017,4,kvyat,21,1,29.991
3499,2017,4,ericsson,21,2,30.655
3500,2017,4,sainz,24,1,29.973
3501,2017,4,vandoorne,24,2,35.998
3502,2017,4,ocon,26,1,30.253
3503,2017,4,stroll,26,1,29.791
3504,2017,4,bottas,27,1,29.356
3505,2017,4,perez,27,1,29.868
3506,2017,4,raikkonen,29,1,30.152
3507,2017,4,max_verstappen,29,1,29.567
3508,2017,4,hamilton,30,1,29.739
3509,2017,4,vettel,34,1,30.097
3510,2017,4,hulkenberg,40,1,30.280
3511,2017,4,massa,41,2,29.920
3512,2017,5,kvyat,1,1,22.235
3513,2017,5,massa,1,1,40.612
3514,2017,5,jolyon_palmer,2,1,23.159
3515,2017,5,alonso,12,1,22.690
3516,2017,5,stroll,12,1,22.100
3517,2017,5,vandoorne,12,1,22.547
3518,2017,5,kevin_magnussen,13,1,22.703
3519,2017,5,sainz,13,1,22.432
3520,2017,5,massa,13,2,22.292
3521,2017,5,vettel,14,1,22.499
3522,2017,5,hulkenberg,15,1,22.490
3523,2017,5,ocon,16,1,22.616
3524,2017,5,perez,18,1,25.082
3525,2017,5,ericsson,18,1,22.995
3526,2017,5,grosjean,19,1,22.866
3527,2017,5,hamilton,21,1,21.544
3528,2017,5,ricciardo,21,1,21.811
3529,2017,5,jolyon_palmer,21,2,22.762
3530,2017,5,bottas,26,1,21.689
3531,2017,5,alonso,31,2,23.354
3532,2017,5,ericsson,32,2,22.775
3533,2017,5,wehrlein,33,1,23.445
3534,2017,5,hulkenberg,33,2,22.362
3535,2017,5,kevin_magnussen,33,2,23.814
3536,2017,5,kvyat,33,2,22.117
3537,2017,5,stroll,33,2,22.071
3538,2017,5,massa,33,3,23.066
3539,2017,5,perez,34,2,23.107
3540,2017,5,ocon,34,2,22.643
3541,2017,5,sainz,34,2,21.934
3542,2017,6,wehrlein,1,1,25.813
3543,2017,6,button,1,1,24.465
3544,2017,6,perez,16,1,31.313
3545,2017,6,max_verstappen,32,1,25.343
3546,2017,6,bottas,33,1,24.308
3547,2017,6,raikkonen,34,1,24.833
3548,2017,6,ericsson,35,1,24.949
3549,2017,6,kvyat,36,1,24.406
3550,2017,6,ocon,36,1,24.299
3551,2017,6,sainz,37,1,24.427
3552,2017,6,kevin_magnussen,37,1,24.979
3553,2017,6,ricciardo,38,1,24.183
3554,2017,6,massa,38,1,24.353
3555,2017,6,vettel,39,1,24.306
3556,2017,6,ocon,39,2,24.496
3557,2017,6,button,39,2,26.057
3558,2017,6,grosjean,40,1,24.660
3559,2017,6,stroll,41,1,26.690
3560,2017,6,kevin_magnussen,42,2,26.040
3561,2017,6,jolyon_palmer,42,1,25.472
3562,2017,6,vandoorne,43,1,24.768
3563,2017,6,hamilton,46,1,24.155
3564,2017,6,max_verstappen,60,2,25.678
3565,2017,6,ocon,60,3,24.642
3566,2017,6,massa,62,2,25.123
3567,2017,6,perez,63,2,25.026
3568,2017,6,stroll,67,2,25.248
3569,2017,6,perez,72,3,35.485
3570,2017,7,grosjean,1,1,31.256
3571,2017,7,wehrlein,1,1,51.757
3572,2017,7,vettel,5,1,31.596
3573,2017,7,hulkenberg,11,1,26.764
3574,2017,7,jolyon_palmer,11,1,24.423
3575,2017,7,ericsson,11,1,24.047
3576,2017,7,kvyat,15,1,18.088
3577,2017,7,raikkonen,17,1,23.500
3578,2017,7,ricciardo,18,1,23.309
3579,2017,7,perez,19,1,23.229
3580,2017,7,bottas,23,1,22.946
3581,2017,7,stroll,25,1,22.790
3582,2017,7,hamilton,32,1,23.061
3583,2017,7,ocon,32,1,23.409
3584,2017,7,wehrlein,40,2,24.202
3585,2017,7,raikkonen,41,2,23.760
3586,2017,7,alonso,42,1,23.526
3587,2017,7,vandoorne,45,1,23.267
3588,2017,7,kevin_magnussen,46,1,28.869
3589,2017,7,vettel,49,2,23.345
3590,2017,7,kvyat,53,2,1:46.374
3591,2017,8,bottas,1,1,36.262
3592,2017,8,grosjean,3,1,20.776
3593,2017,8,ricciardo,5,1,23.361
3594,2017,8,vandoorne,5,1,21.423
3595,2017,8,hamilton,12,1,20.418
3596,2017,8,vettel,12,1,20.059
3597,2017,8,perez,12,1,20.598
3598,2017,8,raikkonen,12,1,23.237
3599,2017,8,massa,12,1,21.453
3600,2017,8,ocon,12,1,20.493
3601,2017,8,bottas,11,2,20.407
3602,2017,8,kevin_magnussen,12,1,20.391
3603,2017,8,alonso,12,1,21.217
3604,2017,8,sainz,12,1,21.040
3605,2017,8,ericsson,12,1,23.906
3606,2017,8,wehrlein,12,1,31.122
3607,2017,8,stroll,13,1,22.625
3608,2017,8,hulkenberg,13,1,21.263
3609,2017,8,ricciardo,13,2,20.198
3610,2017,8,wehrlein,13,2,22.356
3611,2017,8,grosjean,14,2,21.069
3612,2017,8,hamilton,17,2,15.234
3613,2017,8,vettel,17,2,15.174
3614,2017,8,perez,17,2,15.278
3615,2017,8,massa,17,2,15.033
3616,2017,8,ocon,17,2,15.061
3617,2017,8,raikkonen,17,2,15.049
3618,2017,8,stroll,17,2,15.327
3619,2017,8,hulkenberg,17,2,15.638
3620,2017,8,ricciardo,17,3,15.135
3621,2017,9,kvyat,1,1,33.607
3622,2017,9,kvyat,9,2,16.139
3623,2017,9,hulkenberg,14,1,21.977
3624,2017,9,hamilton,31,1,20.761
3625,2017,9,vandoorne,31,1,21.714
3626,2017,9,ricciardo,33,1,21.713
3627,2017,9,vettel,34,1,21.750
3628,2017,9,jolyon_palmer,34,1,22.233
3629,2017,9,ericsson,34,1,22.339
3630,2017,9,perez,35,1,22.030
3631,2017,9,stroll,35,1,21.332
3632,2017,9,wehrlein,35,1,22.414
3633,2017,9,grosjean,36,1,22.026
3634,2017,9,bottas,41,1,22.387
3635,2017,9,sainz,40,1,21.659
3636,2017,9,ocon,42,1,22.176
3637,2017,9,raikkonen,44,1,21.662
3638,2017,9,vandoorne,44,2,16.206
3639,2017,9,massa,47,1,20.977
3640,2017,9,kvyat,55,3,22.274
3641,2017,10,kvyat,1,1,45.538
3642,2017,10,wehrlein,2,1,29.861
3643,2017,10,wehrlein,3,2,29.941
3644,2017,10,kvyat,9,2,22.895
3645,2017,10,vettel,18,1,28.363
3646,2017,10,max_verstappen,19,1,29.147
3647,2017,10,ocon,20,1,29.194
3648,2017,10,alonso,20,1,28.269
3649,2017,10,stroll,22,1,29.849
3650,2017,10,perez,23,1,28.942
3651,2017,10,grosjean,23,1,28.361
3652,2017,10,raikkonen,24,1,28.476
3653,2017,10,hulkenberg,24,1,30.841
3654,2017,10,hamilton,25,1,27.733
3655,2017,10,massa,25,1,27.583
3656,2017,10,vandoorne,26,1,29.337
3657,2017,10,kvyat,27,3,28.630
3658,2017,10,ericsson,28,1,28.825
3659,2017,10,wehrlein,31,3,31.250
3660,2017,10,bottas,32,1,27.858
3661,2017,10,ricciardo,32,1,27.910
3662,2017,10,kevin_magnussen,37,1,28.099
3663,2017,10,stroll,42,2,28.335
3664,2017,10,grosjean,43,2,28.998
3665,2017,10,raikkonen,49,2,29.057
3666,2017,10,max_verstappen,49,2,28.056
3667,2017,10,vettel,50,2,35.204
3668,2017,11,ericsson,1,1,25.179
3669,2017,11,wehrlein,3,1,24.213
3670,2017,11,grosjean,20,1,22.638
3671,2017,11,wehrlein,28,2,22.998
3672,2017,11,stroll,29,1,21.804
3673,2017,11,bottas,30,1,22.681
3674,2017,11,hamilton,31,1,21.338
3675,2017,11,kevin_magnussen,31,1,22.684
3676,2017,11,vettel,32,1,22.317
3677,2017,11,raikkonen,33,1,21.919
3678,2017,11,perez,34,1,24.017
3679,2017,11,resta,34,1,22.399
3680,2017,11,alonso,35,1,22.399
3681,2017,11,sainz,35,1,22.745
3682,2017,11,ocon,35,1,22.441
3683,2017,11,kvyat,40,1,22.273
3684,2017,11,max_verstappen,42,1,33.605
3685,2017,11,vandoorne,42,1,28.616
3686,2017,11,hulkenberg,45,1,31.860
3687,2017,11,jolyon_palmer,46,1,22.684
3688,2017,11,ericsson,63,2,24.097
3689,2017,12,jolyon_palmer,8,1,26.202
3690,2017,12,ericsson,8,1,23.999
3691,2017,12,kevin_magnussen,9,1,22.828
3692,2017,12,stroll,9,1,24.697
3693,2017,12,ocon,10,1,23.364
3694,2017,12,grosjean,10,1,22.925
3695,2017,12,alonso,10,1,24.158
3696,2017,12,hulkenberg,11,1,23.507
3697,2017,12,massa,11,1,22.667
3698,2017,12,hamilton,12,1,22.037
3699,2017,12,perez,12,1,23.289
3700,2017,12,bottas,13,1,22.963
3701,2017,12,vettel,14,1,22.443
3702,2017,12,ricciardo,14,1,22.900
3703,2017,12,raikkonen,15,1,22.533
3704,2017,12,raikkonen,17,2,30.373
3705,2017,12,kvyat,18,1,22.444
3706,2017,12,vandoorne,18,1,26.894
3707,2017,12,sainz,19,1,24.095
3708,2017,12,ericsson,23,2,23.221
3709,2017,12,perez,25,2,28.594
3710,2017,12,ocon,27,2,23.200
3711,2017,12,raikkonen,29,3,22.963
3712,2017,12,hulkenberg,29,2,23.539
3713,2017,12,grosjean,29,2,22.756
3714,2017,12,massa,29,2,23.092
3715,2017,12,ocon,29,3,29.646
3716,2017,12,sainz,29,2,24.370
3717,2017,12,stroll,29,2,23.109
3718,2017,12,perez,29,3,26.574
3719,2017,13,grosjean,3,1,33.433
3720,2017,13,max_verstappen,3,1,39.888
3721,2017,13,hulkenberg,9,1,24.418
3722,2017,13,kevin_magnussen,11,1,24.384
3723,2017,13,sainz,13,1,24.865
3724,2017,13,raikkonen,15,1,25.367
3725,2017,13,ocon,16,1,24.432
3726,2017,13,stroll,17,1,26.131
3727,2017,13,ericsson,18,1,25.310
3728,2017,13,kvyat,19,1,25.826
3729,2017,13,wehrlein,20,1,25.212
3730,2017,13,massa,21,1,25.078
3731,2017,13,jolyon_palmer,25,1,31.008
3732,2017,13,max_verstappen,27,2,24.173
3733,2017,13,alonso,30,1,24.442
3734,2017,13,vettel,31,1,24.307
3735,2017,13,hamilton,32,1,23.725
3736,2017,13,perez,32,1,25.377
3737,2017,13,bottas,33,1,23.728
3738,2017,13,grosjean,34,2,24.307
3739,2017,13,ricciardo,37,1,23.951
3740,2017,14,hamilton,1,1,30.442
3741,2017,14,ricciardo,1,1,30.737
3742,2017,14,hulkenberg,1,1,31.032
3743,2017,14,perez,1,1,30.709
3744,2017,14,bottas,1,1,30.444
3745,2017,14,jolyon_palmer,1,1,30.785
3746,2017,14,vandoorne,1,1,31.550
3747,2017,14,ocon,1,1,31.793
3748,2017,14,sainz,1,1,32.689
3749,2017,14,kevin_magnussen,1,1,32.701
3750,2017,14,kvyat,1,1,33.077
3751,2017,14,alonso,1,1,36.900
3752,2017,14,stroll,1,1,37.403
3753,2017,14,massa,1,1,38.464
3754,2017,14,grosjean,1,1,39.455
3755,2017,14,ericsson,1,1,40.125
3756,2017,14,wehrlein,1,1,40.506
3757,2017,14,hamilton,2,2,24.368
3758,2017,14,ricciardo,2,2,24.402
3759,2017,14,hulkenberg,2,2,25.093
3760,2017,14,perez,2,2,25.315
3761,2017,14,bottas,2,2,25.367
3762,2017,14,jolyon_palmer,2,2,26.206
3763,2017,14,vandoorne,2,2,26.553
3764,2017,14,ocon,2,2,26.532
3765,2017,14,sainz,2,2,27.452
3766,2017,14,kevin_magnussen,2,2,26.903
3767,2017,14,kvyat,2,2,27.015
3768,2017,14,alonso,2,2,29.306
3769,2017,14,stroll,2,2,29.294
3770,2017,15,ocon,2,1,24.456
3771,2017,15,hulkenberg,9,1,24.872
3772,2017,15,kevin_magnussen,10,1,23.766
3773,2017,15,massa,11,1,23.791
3774,2017,15,grosjean,11,1,24.912
3775,2017,15,stroll,12,1,24.109
3776,2017,15,gasly,12,1,25.044
3777,2017,15,vandoorne,13,1,24.580
3778,2017,15,jolyon_palmer,13,1,25.558
3779,2017,15,hamilton,26,1,23.489
3780,2017,15,alonso,26,1,25.798
3781,2017,15,max_verstappen,27,1,23.652
3782,2017,15,vettel,27,1,23.695
3783,2017,15,bottas,28,1,23.676
3784,2017,15,ricciardo,29,1,24.199
3785,2017,15,perez,30,1,24.314
3786,2017,15,grosjean,33,2,24.419
3787,2017,15,wehrlein,37,1,25.060
3788,2017,15,ericsson,38,1,24.719
3789,2017,15,hulkenberg,50,2,25.714
3790,2017,16,wehrlein,2,1,24.424
3791,2017,16,wehrlein,3,2,24.918
3792,2017,16,stroll,4,1,23.475
3793,2017,16,vandoorne,9,1,23.430
3794,2017,16,massa,17,1,22.956
3795,2017,16,kevin_magnussen,19,1,23.065
3796,2017,16,ocon,20,1,24.078
3797,2017,16,max_verstappen,21,1,22.620
3798,2017,16,perez,21,1,23.634
3799,2017,16,hamilton,22,1,22.724
3800,2017,16,gasly,22,1,23.344
3801,2017,16,grosjean,23,1,22.781
3802,2017,16,ricciardo,25,1,23.796
3803,2017,16,alonso,25,1,24.636
3804,2017,16,wehrlein,25,3,24.952
3805,2017,16,raikkonen,28,1,23.699
3806,2017,16,bottas,30,1,22.876
3807,2017,16,vandoorne,34,2,23.399
3808,2017,16,stroll,35,2,22.736
3809,2017,16,hulkenberg,38,1,23.199
3810,2017,16,jolyon_palmer,39,1,25.618
3811,2017,16,gasly,39,2,24.413
3812,2017,17,kevin_magnussen,1,1,25.112
3813,2017,17,wehrlein,3,1,31.334
3814,2017,17,brendon_hartley,8,1,24.400
3815,2017,17,stroll,10,1,24.949
3816,2017,17,ricciardo,12,1,23.604
3817,2017,17,perez,12,1,24.326
3818,2017,17,ocon,14,1,24.502
3819,2017,17,alonso,14,1,23.796
3820,2017,17,vettel,16,1,24.300
3821,2017,17,grosjean,16,1,24.897
3822,2017,17,kvyat,17,1,24.883
3823,2017,17,bottas,18,1,23.459
3824,2017,17,hamilton,19,1,23.402
3825,2017,17,sainz,19,1,24.525
3826,2017,17,raikkonen,20,1,23.575
3827,2017,17,ericsson,21,1,25.841
3828,2017,17,max_verstappen,24,1,24.325
3829,2017,17,vandoorne,25,1,23.578
3830,2017,17,massa,29,1,23.772
3831,2017,17,brendon_hartley,35,2,24.229
3832,2017,17,stroll,36,2,24.497
3833,2017,17,max_verstappen,37,2,23.423
3834,2017,17,vettel,38,2,23.620
3835,2017,17,kevin_magnussen,49,2,25.268
3836,2017,17,bottas,52,2,23.254
3837,2017,18,vettel,1,1,32.037
3838,2017,18,hamilton,1,1,29.283
3839,2017,18,sainz,2,1,22.852
3840,2017,18,massa,3,1,22.055
3841,2017,18,wehrlein,4,1,23.358
3842,2017,18,perez,18,1,22.903
3843,2017,18,hulkenberg,19,1,22.587
3844,2017,18,ocon,20,1,22.665
3845,2017,18,ericsson,28,1,22.736
3846,2017,18,kevin_magnussen,31,1,22.507
3847,2017,18,vandoorne,31,1,28.044
3848,2017,18,max_verstappen,32,1,22.570
3849,2017,18,gasly,31,1,22.709
3850,2017,18,grosjean,31,1,28.761
3851,2017,18,bottas,32,1,21.758
3852,2017,18,hamilton,31,2,23.315
3853,2017,18,sainz,31,2,23.035
3854,2017,18,raikkonen,32,1,22.540
3855,2017,18,stroll,32,1,21.825
3856,2017,18,vettel,32,2,22.379
3857,2017,18,alonso,32,1,22.655
3858,2017,18,perez,50,2,22.528
3859,2017,18,grosjean,62,2,23.035
3860,2017,19,vettel,1,1,19.097
3861,2017,19,bottas,1,1,18.717
3862,2017,19,raikkonen,1,1,19.433
3863,2017,19,max_verstappen,1,1,18.827
3864,2017,19,alonso,1,1,18.487
3865,2017,19,massa,1,1,18.238
3866,2017,19,perez,1,1,18.417
3867,2017,19,hulkenberg,1,1,18.927
3868,2017,19,sainz,1,1,19.208
3869,2017,19,gasly,1,1,19.430
3870,2017,19,ericsson,1,1,19.603
3871,2017,19,brendon_hartley,1,1,19.936
3872,2017,19,stroll,1,1,20.146
3873,2017,19,wehrlein,1,1,26.439
3874,2017,19,grosjean,1,1,25.845
3875,2017,19,hamilton,1,1,19.377
3876,2017,19,ricciardo,1,1,25.946
3877,2017,19,vettel,2,2,17.817
3878,2017,19,bottas,2,2,17.827
3879,2017,19,raikkonen,2,2,18.027
3880,2017,19,max_verstappen,2,2,17.913
3881,2017,19,alonso,2,2,17.770
3882,2017,19,massa,2,2,17.736
3883,2017,19,perez,2,2,17.959
3884,2017,19,hulkenberg,2,2,18.549
3885,2017,19,sainz,2,2,18.604
3886,2017,19,gasly,2,2,18.855
3887,2017,19,ericsson,2,2,19.250
3888,2017,19,brendon_hartley,2,2,19.439
3889,2017,19,stroll,2,2,19.270
3890,2017,20,stroll,11,1,21.613
3891,2017,20,vandoorne,12,1,22.125
3892,2017,20,max_verstappen,14,1,21.269
3893,2017,20,raikkonen,15,1,21.609
3894,2017,20,perez,16,1,21.869
3895,2017,20,hulkenberg,17,1,29.724
3896,2017,20,ricciardo,19,1,23.477
3897,2017,20,vettel,20,1,21.221
3898,2017,20,bottas,21,1,21.478
3899,2017,20,alonso,21,1,22.541
3900,2017,20,massa,22,1,21.449
3901,2017,20,kevin_magnussen,22,1,21.875
3902,2017,20,hamilton,24,1,21.274
3903,2017,20,brendon_hartley,26,1,21.598
3904,2017,20,wehrlein,28,1,22.959
3905,2017,20,stroll,29,2,21.543
3906,2017,20,gasly,30,1,21.519
3907,2017,20,ericsson,30,1,22.176
3908,2017,20,ocon,31,1,21.865
3909,2017,20,sainz,31,1,21.956
3910,2017,20,grosjean,32,1,21.850
3911,2017,20,stroll,35,3,21.908
3912,2018,1,brendon_hartley,1,1,22.213
3913,2018,1,raikkonen,18,1,21.421
3914,2018,1,hamilton,19,1,21.821
3915,2018,1,leclerc,20,1,22.242
3916,2018,1,max_verstappen,21,1,20.953
3917,2018,1,kevin_magnussen,22,1,21.983
3918,2018,1,sainz,22,1,23.868
3919,2018,1,brendon_hartley,22,2,22.296
3920,2018,1,ocon,23,1,21.854
3921,2018,1,grosjean,24,1,23.054
3922,2018,1,hulkenberg,24,1,22.628
3923,2018,1,perez,24,1,22.327
3924,2018,1,vandoorne,25,1,22.474
3925,2018,1,bottas,25,1,21.664
3926,2018,1,stroll,25,1,25.504
3927,2018,1,vettel,26,1,21.787
3928,2018,1,ricciardo,26,1,21.440
3929,2018,1,alonso,26,1,22.573
3930,2018,1,leclerc,27,2,22.836
3931,2018,1,stroll,29,2,21.397
3932,2018,2,max_verstappen,2,1,30.381
3933,2018,2,leclerc,3,1,25.563
3934,2018,2,perez,9,1,24.992
3935,2018,2,vandoorne,10,1,25.081
3936,2018,2,stroll,10,1,33.612
3937,2018,2,kevin_magnussen,13,1,25.106
3938,2018,2,alonso,14,1,24.993
3939,2018,2,gasly,15,1,24.835
3940,2018,2,hulkenberg,15,1,24.454
3941,2018,2,ocon,15,1,24.719
3942,2018,2,sainz,16,1,25.768
3943,2018,2,vettel,18,1,24.524
3944,2018,2,grosjean,18,1,25.011
3945,2018,2,raikkonen,19,1,25.018
3946,2018,2,bottas,20,1,26.105
3947,2018,2,brendon_hartley,20,1,36.646
3948,2018,2,sirotkin,22,1,24.672
3949,2018,2,ericsson,23,1,25.194
3950,2018,2,hamilton,26,1,24.302
3951,2018,2,sainz,26,2,25.307
3952,2018,2,kevin_magnussen,27,2,24.629
3953,2018,2,vandoorne,28,2,25.131
3954,2018,2,grosjean,30,2,25.527
3955,2018,2,stroll,30,2,24.638
3956,2018,2,perez,32,2,24.677
3957,2018,2,gasly,34,2,24.957
3958,2018,2,leclerc,34,2,25.139
3959,2018,2,ocon,35,2,24.596
3960,2018,2,hulkenberg,39,2,24.382
3961,2018,2,alonso,39,2,24.581
3962,2018,3,brendon_hartley,10,1,23.172
3963,2018,3,ocon,11,1,23.281
3964,2018,3,sainz,12,1,23.935
3965,2018,3,perez,12,1,22.856
3966,2018,3,hulkenberg,13,1,23.654
3967,2018,3,grosjean,16,1,22.981
3968,2018,3,max_verstappen,17,1,22.715
3969,2018,3,ricciardo,17,1,23.042
3970,2018,3,hamilton,18,1,22.464
3971,2018,3,bottas,19,1,22.097
3972,2018,3,vettel,20,1,23.009
3973,2018,3,gasly,20,1,23.950
3974,2018,3,leclerc,21,1,23.392
3975,2018,3,vandoorne,22,1,23.730
3976,2018,3,stroll,23,1,22.661
3977,2018,3,kevin_magnussen,24,1,22.973
3978,2018,3,raikkonen,27,1,22.913
3979,2018,3,sirotkin,28,1,23.716
3980,2018,3,alonso,29,1,24.110
3981,2018,3,ericsson,29,1,22.785
3982,2018,3,max_verstappen,31,2,22.596
3983,2018,3,brendon_hartley,30,2,24.070
3984,2018,3,ricciardo,31,2,22.691
3985,2018,3,hulkenberg,31,2,23.297
3986,2018,3,sainz,31,2,23.117
3987,2018,3,ocon,31,2,22.637
3988,2018,3,gasly,31,2,34.650
3989,2018,3,perez,32,2,22.334
3990,2018,3,sirotkin,33,2,22.723
3991,2018,3,grosjean,46,2,23.735
3992,2018,4,raikkonen,1,1,30.012
3993,2018,4,brendon_hartley,1,1,21.376
3994,2018,4,alonso,1,1,56.710
3995,2018,4,kevin_magnussen,1,1,35.608
3996,2018,4,ericsson,1,1,44.107
3997,2018,4,perez,2,1,28.109
3998,2018,4,grosjean,2,1,21.725
3999,2018,4,gasly,12,1,20.782
4000,2018,4,sainz,15,1,21.516
4001,2018,4,vandoorne,17,1,21.103
4002,2018,4,ericsson,18,2,25.378
4003,2018,4,hamilton,22,1,20.377
4004,2018,4,brendon_hartley,22,2,20.809
4005,2018,4,stroll,23,1,19.737
4006,2018,4,leclerc,24,1,21.058
4007,2018,4,vandoorne,25,2,20.887
4008,2018,4,vettel,30,1,20.037
4009,2018,4,ricciardo,37,1,19.925
4010,2018,4,ericsson,36,3,32.629
4011,2018,4,max_verstappen,38,1,19.765
4012,2018,4,bottas,40,1,20.192
4013,2018,4,vettel,40,2,20.823
4014,2018,4,kevin_magnussen,39,2,21.778
4015,2018,4,hamilton,40,2,21.329
4016,2018,4,gasly,39,2,21.287
4017,2018,4,brendon_hartley,39,3,21.072
4018,2018,4,raikkonen,40,2,21.149
4019,2018,4,vandoorne,39,3,20.760
4020,2018,4,perez,40,2,26.174
4021,2018,4,grosjean,40,2,22.757
4022,2018,5,brendon_hartley,1,1,22.631
4023,2018,5,sirotkin,1,1,22.049
4024,2018,5,vettel,17,1,22.054
4025,2018,5,bottas,19,1,23.213
4026,2018,5,leclerc,20,1,21.995
4027,2018,5,stroll,20,1,21.351
4028,2018,5,alonso,21,1,21.721
4029,2018,5,sirotkin,24,2,22.034
4030,2018,5,hamilton,25,1,22.085
4031,2018,5,sainz,25,1,22.409
4032,2018,5,perez,26,1,22.438
4033,2018,5,ocon,29,1,47.910
4034,2018,5,kevin_magnussen,32,1,22.917
4035,2018,5,ricciardo,33,1,21.618
4036,2018,5,brendon_hartley,33,2,22.472
4037,2018,5,max_verstappen,34,1,21.740
4038,2018,5,vandoorne,34,1,27.416
4039,2018,5,ericsson,35,1,22.100
4040,2018,5,vettel,41,2,24.273
4041,2018,5,perez,40,2,22.242
4042,2018,5,sirotkin,41,3,23.865
4043,2018,6,sirotkin,7,1,31.810
4044,2018,6,stroll,9,1,33.887
4045,2018,6,hamilton,12,1,23.739
4046,2018,6,brendon_hartley,13,1,24.326
4047,2018,6,leclerc,14,1,23.870
4048,2018,6,grosjean,15,1,24.741
4049,2018,6,vettel,16,1,23.964
4050,2018,6,sainz,16,1,24.874
4051,2018,6,ricciardo,17,1,24.542
4052,2018,6,raikkonen,17,1,24.263
4053,2018,6,bottas,17,1,24.020
4054,2018,6,ericsson,17,1,24.291
4055,2018,6,kevin_magnussen,17,1,24.237
4056,2018,6,alonso,19,1,24.241
4057,2018,6,sirotkin,19,2,25.170
4058,2018,6,vandoorne,20,1,26.817
4059,2018,6,perez,21,1,29.379
4060,2018,6,ocon,23,1,24.663
4061,2018,6,stroll,34,2,31.104
4062,2018,6,gasly,37,1,24.296
4063,2018,6,max_verstappen,47,1,24.111
4064,2018,6,sirotkin,49,3,25.563
4065,2018,6,hulkenberg,50,1,25.213
4066,2018,6,stroll,59,3,24.852
4067,2018,6,grosjean,68,2,24.568
4068,2018,6,vandoorne,72,2,25.438
4069,2018,7,vandoorne,1,1,41.008
4070,2018,7,ericsson,1,1,23.529
4071,2018,7,perez,9,1,24.086
4072,2018,7,ocon,11,1,25.353
4073,2018,7,hulkenberg,13,1,24.521
4074,2018,7,sainz,14,1,24.416
4075,2018,7,max_verstappen,16,1,23.137
4076,2018,7,hamilton,16,1,23.335
4077,2018,7,ricciardo,17,1,23.279
4078,2018,7,alonso,18,1,23.099
4079,2018,7,leclerc,19,1,23.666
4080,2018,7,kevin_magnussen,22,1,24.008
4081,2018,7,gasly,23,1,24.107
4082,2018,7,sirotkin,26,1,23.531
4083,2018,7,raikkonen,32,1,23.645
4084,2018,7,bottas,36,1,23.775
4085,2018,7,vettel,37,1,23.529
4086,2018,7,perez,44,2,23.718
4087,2018,7,grosjean,48,1,24.400
4088,2018,7,vandoorne,48,2,23.537
4089,2018,8,stroll,1,1,26.576
4090,2018,8,sirotkin,1,1,26.273
4091,2018,8,vettel,1,1,32.612
4092,2018,8,alonso,1,1,25.789
4093,2018,8,bottas,1,1,27.955
4094,2018,8,max_verstappen,25,1,24.395
4095,2018,8,sainz,26,1,25.423
4096,2018,8,ricciardo,28,1,24.309
4097,2018,8,kevin_magnussen,28,1,25.419
4098,2018,8,leclerc,31,1,25.026
4099,2018,8,hamilton,33,1,24.310
4100,2018,8,raikkonen,34,1,24.289
4101,2018,8,grosjean,34,1,29.996
4102,2018,8,ericsson,35,1,24.295
4103,2018,8,hulkenberg,37,1,25.016
4104,2018,8,brendon_hartley,38,1,24.297
4105,2018,8,bottas,39,2,30.666
4106,2018,8,vettel,40,2,31.029
4107,2018,8,vandoorne,40,1,24.399
4108,2018,8,alonso,46,2,24.788
4109,2018,9,vandoorne,1,1,46.557
4110,2018,9,max_verstappen,15,1,21.214
4111,2018,9,raikkonen,15,1,21.552
4112,2018,9,ricciardo,15,1,21.950
4113,2018,9,vettel,15,1,23.912
4114,2018,9,grosjean,15,1,22.121
4115,2018,9,ocon,15,1,22.527
4116,2018,9,sainz,15,1,23.257
4117,2018,9,stroll,15,1,22.181
4118,2018,9,gasly,15,1,22.011
4119,2018,9,leclerc,15,1,21.364
4120,2018,9,alonso,15,1,21.588
4121,2018,9,sirotkin,24,1,23.048
4122,2018,9,hamilton,25,1,21.245
4123,2018,9,perez,27,1,22.863
4124,2018,9,kevin_magnussen,28,1,22.138
4125,2018,9,sainz,34,2,26.335
4126,2018,9,ricciardo,38,2,21.259
4127,2018,9,vandoorne,40,2,22.526
4128,2018,9,ericsson,45,1,21.519
4129,2018,9,hamilton,52,2,20.980
4130,2018,9,sirotkin,60,2,24.884
4131,2018,9,stroll,65,2,22.299
4132,2018,10,raikkonen,13,1,38.573
4133,2018,10,alonso,13,1,28.669
4134,2018,10,perez,13,1,28.651
4135,2018,10,max_verstappen,17,1,28.458
4136,2018,10,sainz,17,1,29.074
4137,2018,10,ricciardo,18,1,28.194
4138,2018,10,leclerc,18,1,27.865
4139,2018,10,ocon,19,1,29.410
4140,2018,10,vettel,20,1,28.677
4141,2018,10,hulkenberg,20,1,28.719
4142,2018,10,gasly,20,1,28.676
4143,2018,10,bottas,21,1,27.894
4144,2018,10,vandoorne,21,1,28.284
4145,2018,10,sirotkin,21,1,28.224
4146,2018,10,ericsson,24,1,28.207
4147,2018,10,hamilton,25,1,28.982
4148,2018,10,kevin_magnussen,25,1,28.450
4149,2018,10,grosjean,26,1,29.254
4150,2018,10,ricciardo,30,2,28.001
4151,2018,10,stroll,30,1,27.774
4152,2018,10,alonso,32,2,28.085
4153,2018,10,sainz,32,2,28.078
4154,2018,10,gasly,32,2,29.766
4155,2018,10,perez,32,2,28.836
4156,2018,10,vettel,33,2,28.174
4157,2018,10,max_verstappen,33,2,
4158,2018,10,raikkonen,33,2,28.985
4159,2018,10,vandoorne,33,2,28.658
4160,2018,11,raikkonen,14,1,19.647
4161,2018,11,hulkenberg,18,1,19.584
4162,2018,11,kevin_magnussen,20,1,19.818
4163,2018,11,sainz,20,1,20.160
4164,2018,11,leclerc,20,1,19.267
4165,2018,11,grosjean,21,1,20.198
4166,2018,11,perez,22,1,25.130
4167,2018,11,vettel,25,1,18.657
4168,2018,11,ocon,25,1,19.570
4169,2018,11,stroll,27,1,19.476
4170,2018,11,bottas,28,1,19.188
4171,2018,11,brendon_hartley,28,1,19.309
4172,2018,11,sirotkin,28,1,24.173
4173,2018,11,max_verstappen,29,1,19.742
4174,2018,11,vandoorne,29,1,19.778
4175,2018,11,alonso,31,1,18.956
4176,2018,11,ericsson,38,1,18.840
4177,2018,11,hamilton,42,1,18.978
4178,2018,11,leclerc,43,2,21.200
4179,2018,11,alonso,43,2,21.119
4180,2018,11,gasly,43,1,19.806
4181,2018,11,max_verstappen,46,2,19.297
4182,2018,11,leclerc,46,3,20.653
4183,2018,11,gasly,46,2,19.512
4184,2018,11,max_verstappen,48,3,19.087
4185,2018,11,alonso,47,3,20.927
4186,2018,11,sainz,50,2,19.637
4187,2018,11,stroll,50,2,19.526
4188,2018,11,hulkenberg,51,2,20.752
4189,2018,11,bottas,52,2,33.279
4190,2018,12,ericsson,6,1,22.640
4191,2018,12,raikkonen,14,1,24.471
4192,2018,12,bottas,15,1,21.337
4193,2018,12,perez,22,1,22.561
4194,2018,12,hulkenberg,23,1,21.966
4195,2018,12,brendon_hartley,24,1,21.831
4196,2018,12,hamilton,25,1,21.480
4197,2018,12,sainz,25,1,21.914
4198,2018,12,grosjean,29,1,21.733
4199,2018,12,kevin_magnussen,31,1,25.126
4200,2018,12,sirotkin,31,1,21.509
4201,2018,12,gasly,32,1,21.684
4202,2018,12,raikkonen,38,2,21.829
4203,2018,12,vettel,39,1,23.111
4204,2018,12,alonso,39,1,21.795
4205,2018,12,ocon,39,1,22.258
4206,2018,12,vandoorne,40,1,21.732
4207,2018,12,ricciardo,44,1,21.364
4208,2018,12,stroll,47,1,21.291
4209,2018,12,hulkenberg,50,2,22.650
4210,2018,13,vettel,1,1,19.582
4211,2018,13,hamilton,1,1,19.372
4212,2018,13,perez,1,1,19.667
4213,2018,13,ocon,1,1,19.582
4214,2018,13,max_verstappen,1,1,19.942
4215,2018,13,grosjean,1,1,20.280
4216,2018,13,kevin_magnussen,1,1,20.021
4217,2018,13,gasly,1,1,20.136
4218,2018,13,ericsson,1,1,19.711
4219,2018,13,sirotkin,1,1,19.791
4220,2018,13,stroll,1,1,19.732
4221,2018,13,brendon_hartley,1,1,18.084
4222,2018,13,sainz,1,1,18.509
4223,2018,13,bottas,1,1,20.349
4224,2018,13,vandoorne,1,1,19.847
4225,2018,13,raikkonen,1,1,26.367
4226,2018,13,bottas,2,2,30.519
4227,2018,13,vandoorne,2,2,22.706
4228,2018,13,raikkonen,7,2,35.451
4229,2018,13,hamilton,21,2,22.375
4230,2018,13,vettel,22,2,22.253
4231,2018,13,sainz,22,2,23.857
4232,2018,13,grosjean,23,2,23.248
4233,2018,13,stroll,23,2,22.901
4234,2018,13,ocon,24,2,23.225
4235,2018,13,sirotkin,24,2,22.339
4236,2018,13,perez,25,2,23.157
4237,2018,13,gasly,25,2,22.953
4238,2018,13,max_verstappen,26,2,22.341
4239,2018,13,kevin_magnussen,26,2,24.304
4240,2018,14,hulkenberg,1,1,25.234
4241,2018,14,ricciardo,1,1,24.805
4242,2018,14,vettel,1,1,32.219
4243,2018,14,ericsson,1,1,29.992
4244,2018,14,kevin_magnussen,4,1,38.563
4245,2018,14,raikkonen,20,1,23.862
4246,2018,14,grosjean,23,1,24.779
4247,2018,14,vandoorne,24,1,24.094
4248,2018,14,max_verstappen,26,1,24.003
4249,2018,14,hamilton,28,1,23.728
4250,2018,14,vettel,29,2,24.301
4251,2018,14,gasly,34,1,27.792
4252,2018,14,leclerc,34,1,24.084
4253,2018,14,stroll,35,1,26.440
4254,2018,14,bottas,36,1,23.763
4255,2018,14,sirotkin,37,1,25.245
4256,2018,14,ocon,38,1,24.827
4257,2018,14,perez,39,1,25.655
4258,2018,14,sainz,39,1,25.774
4259,2018,14,hulkenberg,41,2,24.456
4260,2018,14,ericsson,42,2,25.575
4261,2018,15,sirotkin,3,1,30.477
4262,2018,15,vettel,14,1,28.722
4263,2018,15,brendon_hartley,14,1,29.912
4264,2018,15,hamilton,15,1,28.946
4265,2018,15,hulkenberg,15,1,31.183
4266,2018,15,bottas,16,1,28.542
4267,2018,15,grosjean,16,1,29.517
4268,2018,15,max_verstappen,17,1,29.681
4269,2018,15,perez,17,1,29.978
4270,2018,15,raikkonen,22,1,29.513
4271,2018,15,gasly,26,1,28.931
4272,2018,15,kevin_magnussen,26,1,29.408
4273,2018,15,ricciardo,27,1,28.779
4274,2018,15,perez,33,2,30.561
4275,2018,15,brendon_hartley,36,2,29.464
4276,2018,15,kevin_magnussen,36,2,30.711
4277,2018,15,sainz,37,1,30.242
4278,2018,15,alonso,38,1,29.922
4279,2018,15,leclerc,38,1,29.310
4280,2018,15,perez,39,3,24.340
4281,2018,15,stroll,40,1,28.767
4282,2018,15,vandoorne,43,1,30.234
4283,2018,15,ericsson,44,1,28.860
4284,2018,15,sirotkin,45,2,34.022
4285,2018,15,kevin_magnussen,48,3,29.324
4286,2018,16,brendon_hartley,3,1,29.418
4287,2018,16,alonso,5,1,30.348
4288,2018,16,stroll,7,1,29.266
4289,2018,16,grosjean,8,1,30.469
4290,2018,16,kevin_magnussen,9,1,29.904
4291,2018,16,leclerc,10,1,30.397
4292,2018,16,ocon,10,1,30.642
4293,2018,16,sirotkin,10,1,29.912
4294,2018,16,ericsson,11,1,30.051
4295,2018,16,vandoorne,11,1,29.636
4296,2018,16,bottas,12,1,29.794
4297,2018,16,perez,12,1,29.924
4298,2018,16,vettel,13,1,29.798
4299,2018,16,hamilton,14,1,29.551
4300,2018,16,raikkonen,18,1,29.531
4301,2018,16,sainz,32,1,30.021
4302,2018,16,hulkenberg,35,1,30.625
4303,2018,16,ericsson,37,2,30.146
4304,2018,16,ricciardo,39,1,37.446
4305,2018,16,max_verstappen,43,1,29.370
4306,2018,17,kevin_magnussen,2,1,29.007
4307,2018,17,leclerc,4,1,38.891
4308,2018,17,sirotkin,4,1,23.660
4309,2018,17,ericsson,5,1,23.244
4310,2018,17,stroll,14,1,23.657
4311,2018,17,raikkonen,17,1,22.781
4312,2018,17,max_verstappen,21,1,28.789
4313,2018,17,bottas,23,1,22.777
4314,2018,17,ricciardo,23,1,22.864
4315,2018,17,vandoorne,23,1,23.159
4316,2018,17,hamilton,24,1,22.614
4317,2018,17,perez,24,1,23.635
4318,2018,17,ocon,26,1,23.316
4319,2018,17,vettel,26,1,22.748
4320,2018,17,alonso,26,1,27.454
4321,2018,17,brendon_hartley,28,1,23.110
4322,2018,17,grosjean,29,1,23.692
4323,2018,17,gasly,29,1,23.376
4324,2018,17,hulkenberg,30,1,23.555
4325,2018,17,sainz,32,1,23.477
4326,2018,17,leclerc,35,2,26.672
4327,2018,17,sirotkin,38,2,23.647
4328,2018,17,stroll,39,2,29.804
4329,2018,18,leclerc,1,1,34.812
4330,2018,18,stroll,1,1,41.048
4331,2018,18,grosjean,1,1,35.104
4332,2018,18,stroll,5,2,18.610
4333,2018,18,sirotkin,10,1,23.686
4334,2018,18,vandoorne,10,1,24.065
4335,2018,18,gasly,10,1,23.865
4336,2018,18,hamilton,11,1,23.693
4337,2018,18,raikkonen,21,1,23.714
4338,2018,18,max_verstappen,22,1,23.446
4339,2018,18,ocon,22,1,24.534
4340,2018,18,bottas,23,1,23.478
4341,2018,18,hulkenberg,23,1,24.681
4342,2018,18,sainz,24,1,29.319
4343,2018,18,perez,25,1,25.723
4344,2018,18,vettel,26,1,24.449
4345,2018,18,brendon_hartley,27,1,23.819
4346,2018,18,sirotkin,29,2,23.715
4347,2018,18,kevin_magnussen,30,1,23.723
4348,2018,18,ericsson,30,1,23.940
4349,2018,18,hamilton,37,2,23.915
4350,2018,18,gasly,36,2,24.219
4351,2018,18,stroll,38,3,24.296
4352,2018,18,vandoorne,40,2,24.195
4353,2018,19,ocon,1,1,27.806
4354,2018,19,brendon_hartley,1,1,22.055
4355,2018,19,gasly,5,1,22.570
4356,2018,19,stroll,10,1,24.451
4357,2018,19,hamilton,11,1,22.269
4358,2018,19,bottas,11,1,22.105
4359,2018,19,sainz,11,1,22.660
4360,2018,19,sirotkin,11,1,22.732
4361,2018,19,ricciardo,12,1,22.022
4362,2018,19,hulkenberg,12,1,23.037
4363,2018,19,vandoorne,12,1,22.174
4364,2018,19,max_verstappen,13,1,22.175
4365,2018,19,leclerc,13,1,22.588
4366,2018,19,ericsson,16,1,31.406
4367,2018,19,vettel,17,1,22.658
4368,2018,19,raikkonen,17,1,22.017
4369,2018,19,stroll,23,2,23.371
4370,2018,19,brendon_hartley,24,2,23.553
4371,2018,19,gasly,26,2,23.055
4372,2018,19,perez,30,1,23.755
4373,2018,19,ocon,30,2,22.756
4374,2018,19,kevin_magnussen,43,1,22.390
4375,2018,19,grosjean,44,1,22.733
4376,2018,19,vettel,47,2,21.777
4377,2018,19,hamilton,47,2,22.399
4378,2018,19,max_verstappen,48,2,22.088
4379,2018,19,bottas,48,2,23.887
4380,2018,19,grosjean,60,2,23.426
4381,2018,19,bottas,62,3,22.512
4382,2018,20,alonso,15,1,33.753
4383,2018,20,sirotkin,16,1,23.273
4384,2018,20,stroll,17,1,24.608
4385,2018,20,bottas,18,1,22.955
4386,2018,20,ericsson,18,1,23.377
4387,2018,20,hamilton,19,1,22.641
4388,2018,20,gasly,22,1,23.757
4389,2018,20,sainz,25,1,23.939
4390,2018,20,vettel,27,1,22.551
4391,2018,20,vandoorne,28,1,22.618
4392,2018,20,raikkonen,31,1,22.766
4393,2018,20,grosjean,32,1,23.403
4394,2018,20,max_verstappen,35,1,23.432
4395,2018,20,leclerc,35,1,23.593
4396,2018,20,ricciardo,39,1,23.300
4397,2018,20,perez,39,1,23.505
4398,2018,20,ocon,40,1,27.226
4399,2018,20,kevin_magnussen,41,1,23.115
4400,2018,20,sainz,48,2,23.770
4401,2018,20,brendon_hartley,49,1,23.422
4402,2018,20,vettel,53,2,22.683
4403,2018,20,alonso,54,2,23.046
4404,2018,20,ocon,57,2,31.198
4405,2018,20,bottas,59,2,22.727
4406,2018,20,stroll,65,2,24.283
4407,2018,21,brendon_hartley,1,1,41.012
4408,2018,21,hamilton,7,1,21.283
4409,2018,21,leclerc,7,1,21.828
4410,2018,21,grosjean,7,1,22.354
4411,2018,21,vettel,15,1,22.630
4412,2018,21,bottas,16,1,21.600
4413,2018,21,max_verstappen,17,1,21.057
4414,2018,21,ocon,18,1,21.979
4415,2018,21,perez,26,1,22.112
4416,2018,21,alonso,27,1,21.726
4417,2018,21,gasly,29,1,22.493
4418,2018,21,ricciardo,33,1,21.061
4419,2018,21,vandoorne,35,1,22.317
4420,2018,21,sirotkin,35,1,22.755
4421,2018,21,sainz,37,1,21.964
4422,2018,21,bottas,40,2,21.289
4423,2018,21,stroll,40,1,22.189
4424,2018,21,kevin_magnussen,41,1,21.587
4425,2019,1,kubica,1,1,32.997
4426,2019,1,ricciardo,1,1,33.027
4427,2019,1,raikkonen,12,1,23.299
4428,2019,1,hulkenberg,13,1,21.588
4429,2019,1,perez,13,1,23.234
4430,2019,1,vettel,14,1,21.995
4431,2019,1,kevin_magnussen,14,1,22.388
4432,2019,1,albon,14,1,21.780
4433,2019,1,hamilton,15,1,21.515
4434,2019,1,grosjean,15,1,29.981
4435,2019,1,norris,15,1,21.627
4436,2019,1,bottas,23,1,22.014
4437,2019,1,max_verstappen,25,1,21.157
4438,2019,1,kvyat,26,1,22.086
4439,2019,1,russell,26,1,21.689
4440,2019,1,stroll,27,1,22.471
4441,2019,1,giovinazzi,27,1,27.172
4442,2019,1,leclerc,28,1,22.306
4443,2019,1,kubica,28,2,22.343
4444,2019,1,gasly,37,1,21.269
4445,2019,1,russell,42,2,21.543
4446,2019,1,kubica,44,3,21.889
4447,2019,2,stroll,1,1,34.338
4448,2019,2,grosjean,1,1,32.082
4449,2019,2,sainz,4,1,45.543
4450,2019,2,perez,8,1,27.136
4451,2019,2,raikkonen,9,1,25.647
4452,2019,2,gasly,9,1,27.557
4453,2019,2,albon,9,1,25.659
4454,2019,2,norris,10,1,24.175
4455,2019,2,kevin_magnussen,10,1,24.948
4456,2019,2,max_verstappen,11,1,24.199
4457,2019,2,kubica,11,1,24.667
4458,2019,2,bottas,12,1,24.865
4459,2019,2,hulkenberg,12,1,25.498
4460,2019,2,kvyat,12,1,26.508
4461,2019,2,russell,12,1,24.633
4462,2019,2,leclerc,13,1,24.518
4463,2019,2,hamilton,13,1,24.255
4464,2019,2,vettel,14,1,24.228
4465,2019,2,giovinazzi,16,1,27.725
4466,2019,2,stroll,23,2,26.600
4467,2019,2,ricciardo,24,1,25.676
4468,2019,2,sainz,24,2,25.034
4469,2019,2,albon,25,2,24.842
4470,2019,2,russell,26,2,24.912
4471,2019,2,kubica,27,2,24.313
4472,2019,2,max_verstappen,32,2,26.729
4473,2019,2,hulkenberg,32,2,25.253
4474,2019,2,raikkonen,33,2,25.621
4475,2019,2,perez,33,2,26.798
4476,2019,2,hamilton,34,2,24.324
4477,2019,3,sainz,1,1,45.878
4478,2019,3,norris,1,1,50.738
4479,2019,3,kvyat,7,1,17.257
4480,2019,3,giovinazzi,7,1,25.184
4481,2019,3,grosjean,8,1,23.261
4482,2019,3,kevin_magnussen,9,1,23.964
4483,2019,3,hulkenberg,11,1,24.107
4484,2019,3,max_verstappen,17,1,23.223
4485,2019,3,norris,17,2,33.638
4486,2019,3,vettel,18,1,22.749
4487,2019,3,ricciardo,18,1,23.506
4488,2019,3,gasly,19,1,22.301
4489,2019,3,albon,19,1,23.215
4490,2019,3,perez,20,1,23.733
4491,2019,3,stroll,20,1,23.466
4492,2019,3,bottas,21,1,22.196
4493,2019,3,hamilton,22,1,22.644
4494,2019,3,leclerc,22,1,22.921
4495,2019,3,russell,22,1,24.332
4496,2019,3,raikkonen,25,1,23.888
4497,2019,3,kvyat,25,2,26.050
4498,2019,3,kubica,26,1,32.627
4499,2019,3,giovinazzi,30,2,25.137
4500,2019,3,kvyat,30,3,43.206
4501,2019,3,kevin_magnussen,33,2,23.383
4502,2019,3,max_verstappen,34,2,22.365
4503,2019,3,vettel,35,2,22.316
4504,2019,3,norris,34,3,22.524
4505,2019,3,grosjean,35,2,23.520
4506,2019,3,hamilton,36,2,23.597
4507,2019,4,kvyat,5,1,21.013
4508,2019,4,raikkonen,6,1,21.401
4509,2019,4,kevin_magnussen,7,1,20.118
4510,2019,4,giovinazzi,7,1,20.776
4511,2019,4,hulkenberg,8,1,21.325
4512,2019,4,norris,9,1,19.819
4513,2019,4,perez,10,1,20.939
4514,2019,4,stroll,10,1,23.099
4515,2019,4,ricciardo,10,1,20.884
4516,2019,4,vettel,11,1,19.981
4517,2019,4,bottas,12,1,20.006
4518,2019,4,sainz,12,1,19.755
4519,2019,4,albon,12,1,20.720
4520,2019,4,hamilton,13,1,19.993
4521,2019,4,max_verstappen,14,1,20.973
4522,2019,4,kubica,14,1,15.069
4523,2019,4,kubica,23,2,21.037
4524,2019,4,russell,25,1,20.475
4525,2019,4,leclerc,34,1,20.382
4526,2019,4,hulkenberg,34,2,20.870
4527,2019,4,grosjean,34,1,20.906
4528,2019,4,russell,38,2,20.751
4529,2019,4,norris,39,2,22.080
4530,2019,4,kevin_magnussen,39,2,20.859
4531,2019,4,kubica,42,3,20.703
4532,2019,4,leclerc,47,2,19.857
4533,2019,5,giovinazzi,6,1,22.381
4534,2019,5,vettel,19,1,23.746
4535,2019,5,max_verstappen,20,1,22.417
4536,2019,5,kvyat,21,1,22.049
4537,2019,5,gasly,22,1,22.563
4538,2019,5,stroll,22,1,23.321
4539,2019,5,kevin_magnussen,23,1,22.025
4540,2019,5,ricciardo,24,1,22.379
4541,2019,5,sainz,24,1,21.468
4542,2019,5,perez,24,1,22.781
4543,2019,5,leclerc,25,1,23.646
4544,2019,5,albon,25,1,23.591
4545,2019,5,bottas,26,1,22.034
4546,2019,5,grosjean,26,1,22.379
4547,2019,5,norris,26,1,21.579
4548,2019,5,hamilton,27,1,22.265
4549,2019,5,raikkonen,28,1,22.342
4550,2019,5,kubica,31,1,21.954
4551,2019,5,russell,32,1,22.442
4552,2019,5,hulkenberg,35,1,22.193
4553,2019,5,vettel,40,2,21.643
4554,2019,5,giovinazzi,41,2,23.507
4555,2019,5,max_verstappen,43,2,22.540
4556,2019,5,bottas,45,2,22.018
4557,2019,5,kvyat,45,2,33.821
4558,2019,5,kevin_magnussen,45,2,22.992
4559,2019,5,albon,45,2,37.345
4560,2019,5,hamilton,46,2,22.511
4561,2019,5,ricciardo,45,2,22.702
4562,2019,5,perez,45,2,22.896
4563,2019,6,hulkenberg,9,1,25.532
4564,2019,6,leclerc,9,1,25.964
4565,2019,6,russell,10,1,26.165
4566,2019,6,hamilton,11,1,24.266
4567,2019,6,bottas,11,1,25.030
4568,2019,6,vettel,11,1,24.483
4569,2019,6,max_verstappen,11,1,24.011
4570,2019,6,ricciardo,11,1,24.269
4571,2019,6,kevin_magnussen,11,1,25.419
4572,2019,6,perez,11,1,28.463
4573,2019,6,bottas,12,2,24.776
4574,2019,6,leclerc,16,2,25.705
4575,2019,6,kubica,21,1,23.946
4576,2019,6,gasly,27,1,24.161
4577,2019,6,sainz,30,1,23.795
4578,2019,6,kvyat,32,1,24.023
4579,2019,6,stroll,39,1,24.591
4580,2019,6,albon,40,1,25.062
4581,2019,6,giovinazzi,44,1,35.651
4582,2019,6,raikkonen,46,1,26.299
4583,2019,6,norris,47,1,25.026
4584,2019,6,grosjean,50,1,24.219
4585,2019,6,gasly,62,2,23.858
4586,2019,7,albon,1,1,37.950
4587,2019,7,sainz,3,1,24.727
4588,2019,7,raikkonen,6,1,25.342
4589,2019,7,gasly,7,1,23.485
4590,2019,7,ricciardo,8,1,23.927
4591,2019,7,kubica,8,1,25.210
4592,2019,7,russell,9,1,23.686
4593,2019,7,perez,11,1,24.076
4594,2019,7,kvyat,12,1,23.825
4595,2019,7,hulkenberg,16,1,24.030
4596,2019,7,vettel,26,1,23.782
4597,2019,7,hamilton,28,1,23.662
4598,2019,7,bottas,30,1,23.994
4599,2019,7,leclerc,33,1,23.732
4600,2019,7,giovinazzi,33,1,23.884
4601,2019,7,grosjean,34,1,24.071
4602,2019,7,kubica,38,2,23.119
4603,2019,7,kevin_magnussen,39,1,24.381
4604,2019,7,stroll,45,1,23.727
4605,2019,7,max_verstappen,48,1,23.426
4606,2019,7,raikkonen,58,2,24.666
4607,2019,7,bottas,67,2,23.456
4608,2019,8,giovinazzi,7,1,30.842
4609,2019,8,ricciardo,16,1,31.031
4610,2019,8,kevin_magnussen,16,1,30.832
4611,2019,8,gasly,17,1,30.228
4612,2019,8,norris,18,1,30.576
4613,2019,8,perez,18,1,37.286
4614,2019,8,sainz,19,1,29.920
4615,2019,8,max_verstappen,20,1,30.118
4616,2019,8,leclerc,21,1,30.203
4617,2019,8,bottas,23,1,30.412
4618,2019,8,hamilton,24,1,30.186
4619,2019,8,kubica,24,1,29.792
4620,2019,8,vettel,25,1,30.044
4621,2019,8,albon,25,1,30.279
4622,2019,8,russell,25,1,31.950
4623,2019,8,raikkonen,31,1,29.975
4624,2019,8,grosjean,31,1,30.837
4625,2019,8,kvyat,32,1,30.233
4626,2019,8,russell,33,2,37.494
4627,2019,8,hulkenberg,34,1,30.884
4628,2019,8,giovinazzi,34,2,31.697
4629,2019,8,stroll,39,1,30.849
4630,2019,8,vettel,51,2,30.468
4631,2019,9,kevin_magnussen,11,1,23.243
4632,2019,9,kevin_magnussen,13,2,16.224
4633,2019,9,kubica,19,1,21.525
4634,2019,9,bottas,21,1,22.552
4635,2019,9,vettel,21,1,25.236
4636,2019,9,leclerc,22,1,21.878
4637,2019,9,raikkonen,23,1,21.709
4638,2019,9,giovinazzi,24,1,21.672
4639,2019,9,norris,25,1,21.547
4640,2019,9,gasly,25,1,22.239
4641,2019,9,stroll,25,1,21.982
4642,2019,9,hulkenberg,26,1,21.985
4643,2019,9,russell,27,1,22.772
4644,2019,9,perez,28,1,22.330
4645,2019,9,hamilton,30,1,30.067
4646,2019,9,max_verstappen,31,1,21.110
4647,2019,9,kvyat,32,1,25.091
4648,2019,9,grosjean,34,1,22.265
4649,2019,9,albon,35,1,21.225
4650,2019,9,sainz,41,1,21.266
4651,2019,9,ricciardo,46,1,22.305
4652,2019,9,vettel,50,2,22.251
4653,2019,9,kevin_magnussen,62,3,22.309
4654,2019,10,grosjean,1,1,33.562
4655,2019,10,kevin_magnussen,1,1,32.767
4656,2019,10,gasly,12,1,27.905
4657,2019,10,ricciardo,12,1,28.416
4658,2019,10,kvyat,12,1,29.377
4659,2019,10,leclerc,13,1,28.558
4660,2019,10,max_verstappen,13,1,27.827
4661,2019,10,norris,13,1,28.275
4662,2019,10,albon,13,1,28.954
4663,2019,10,hulkenberg,13,1,28.926
4664,2019,10,stroll,13,1,30.400
4665,2019,10,bottas,16,1,28.493
4666,2019,10,raikkonen,17,1,28.364
4667,2019,10,perez,18,1,30.264
4668,2019,10,hamilton,20,1,28.905
4669,2019,10,vettel,20,1,28.021
4670,2019,10,max_verstappen,20,2,27.950
4671,2019,10,sainz,20,1,27.980
4672,2019,10,ricciardo,20,2,28.381
4673,2019,10,kubica,20,1,28.694
4674,2019,10,leclerc,21,2,28.348
4675,2019,10,kvyat,21,2,28.811
4676,2019,10,russell,21,1,30.245
4677,2019,10,perez,24,2,38.032
4678,2019,10,norris,35,2,27.919
4679,2019,10,vettel,38,2,38.468
4680,2019,10,stroll,39,2,29.074
4681,2019,10,bottas,45,2,28.177
4682,2019,10,perez,46,3,28.747
4683,2019,11,vettel,2,1,20.094
4684,2019,11,albon,2,1,20.576
4685,2019,11,hamilton,3,1,20.203
4686,2019,11,bottas,3,1,22.243
4687,2019,11,max_verstappen,3,1,22.358
4688,2019,11,raikkonen,3,1,27.256
4689,2019,11,hulkenberg,3,1,22.132
4690,2019,11,leclerc,3,1,20.361
4691,2019,11,grosjean,3,1,27.232
4692,2019,11,gasly,3,1,29.667
4693,2019,11,sainz,3,1,23.363
4694,2019,11,giovinazzi,3,1,22.509
4695,2019,11,ricciardo,3,1,21.224
4696,2019,11,kvyat,3,1,23.090
4697,2019,11,norris,6,1,21.402
4698,2019,11,stroll,7,1,22.696
4699,2019,11,russell,7,1,20.718
4700,2019,11,kubica,7,1,23.801
4701,2019,11,kevin_magnussen,8,1,21.106
4702,2019,11,leclerc,15,2,22.102
4703,2019,11,hulkenberg,15,2,20.118
4704,2019,11,kevin_magnussen,21,2,21.179
4705,2019,11,vettel,23,2,20.768
4706,2019,11,kubica,23,2,20.436
4707,2019,11,max_verstappen,25,2,19.640
4708,2019,11,russell,24,2,19.287
4709,2019,11,kvyat,25,2,21.488
4710,2019,11,norris,25,2,20.242
4711,2019,11,stroll,25,2,21.260
4712,2019,11,bottas,26,2,20.498
4713,2019,12,bottas,5,1,33.328
4714,2019,12,giovinazzi,15,1,23.218
4715,2019,12,russell,16,1,21.333
4716,2019,12,stroll,16,1,22.085
4717,2019,12,perez,18,1,21.901
4718,2019,12,kubica,18,1,21.754
4719,2019,12,grosjean,19,1,22.035
4720,2019,12,kvyat,21,1,23.002
4721,2019,12,max_verstappen,25,1,21.705
4722,2019,12,leclerc,27,1,21.575
4723,2019,12,norris,28,1,26.066
4724,2019,12,gasly,28,1,22.104
4725,2019,12,albon,28,1,23.676
4726,2019,12,sainz,29,1,21.832
4727,2019,12,raikkonen,29,1,22.205
4728,2019,12,hamilton,31,1,22.880
4729,2019,12,hulkenberg,36,1,21.734
4730,2019,12,kevin_magnussen,38,1,21.618
4731,2019,12,vettel,39,1,24.819
4732,2019,12,bottas,46,2,21.744
4733,2019,12,ricciardo,46,1,22.498
4734,2019,12,hamilton,48,2,21.390
4735,2019,12,stroll,50,2,21.563
4736,2019,12,max_verstappen,67,2,21.164
4737,2019,13,ricciardo,1,1,27.620
4738,2019,13,raikkonen,1,1,39.046
4739,2019,13,sainz,1,1,59.291
4740,2019,13,raikkonen,2,2,25.005
4741,2019,13,hulkenberg,11,1,23.475
4742,2019,13,gasly,13,1,22.772
4743,2019,13,stroll,14,1,22.774
4744,2019,13,vettel,15,1,22.863
4745,2019,13,perez,15,1,23.133
4746,2019,13,grosjean,16,1,22.912
4747,2019,13,norris,19,1,23.182
4748,2019,13,leclerc,21,1,22.449
4749,2019,13,hamilton,22,1,23.497
4750,2019,13,bottas,23,1,22.579
4751,2019,13,albon,23,1,22.506
4752,2019,13,kvyat,24,1,22.834
4753,2019,13,kevin_magnussen,25,1,22.584
4754,2019,13,giovinazzi,29,1,23.044
4755,2019,13,stroll,30,2,25.250
4756,2019,13,russell,30,1,22.442
4757,2019,13,hulkenberg,31,2,
4758,2019,13,raikkonen,31,3,26.891
4759,2019,13,kubica,31,1,24.247
4760,2019,13,vettel,33,2,22.786
4761,2019,14,max_verstappen,1,1,31.211
4762,2019,14,vettel,6,1,32.443
4763,2019,14,grosjean,7,1,26.481
4764,2019,14,vettel,12,2,31.851
4765,2019,14,stroll,15,1,18.838
4766,2019,14,hamilton,19,1,23.912
4767,2019,14,raikkonen,19,1,32.393
4768,2019,14,leclerc,20,1,23.833
4769,2019,14,kevin_magnussen,20,1,24.400
4770,2019,14,giovinazzi,21,1,25.698
4771,2019,14,stroll,22,2,24.419
4772,2019,14,norris,23,1,24.311
4773,2019,14,russell,23,1,24.198
4774,2019,14,albon,26,1,29.830
4775,2019,14,bottas,27,1,23.700
4776,2019,14,raikkonen,26,2,24.568
4777,2019,14,sainz,27,1,27.010
4778,2019,14,max_verstappen,27,2,24.303
4779,2019,14,kvyat,28,1,24.479
4780,2019,14,perez,28,1,25.340
4781,2019,14,gasly,28,1,24.363
4782,2019,14,hulkenberg,29,1,24.092
4783,2019,14,kubica,29,1,31.842
4784,2019,14,ricciardo,30,1,24.320
4785,2019,14,grosjean,29,2,25.121
4786,2019,14,kevin_magnussen,34,2,24.978
4787,2019,14,vettel,41,3,24.376
4788,2019,14,kubica,44,2,23.860
4789,2019,14,hamilton,49,2,23.731
4790,2019,15,hulkenberg,1,1,29.563
4791,2019,15,russell,1,1,38.752
4792,2019,15,kvyat,12,1,28.799
4793,2019,15,perez,13,1,29.082
4794,2019,15,raikkonen,15,1,29.992
4795,2019,15,kevin_magnussen,18,1,29.403
4796,2019,15,vettel,19,1,29.384
4797,2019,15,max_verstappen,19,1,28.846
4798,2019,15,leclerc,20,1,29.168
4799,2019,15,albon,20,1,28.606
4800,2019,15,norris,20,1,30.397
4801,2019,15,kubica,21,1,29.033
4802,2019,15,bottas,22,1,29.234
4803,2019,15,grosjean,23,1,29.456
4804,2019,15,hamilton,26,1,28.930
4805,2019,15,stroll,31,1,29.482
4806,2019,15,gasly,32,1,32.482
4807,2019,15,giovinazzi,34,1,29.070
4808,2019,15,ricciardo,34,1,30.756
4809,2019,15,grosjean,35,2,43.576
4810,2019,15,hulkenberg,36,2,29.152
4811,2019,15,kvyat,36,2,34.711
4812,2019,15,sainz,35,2,30.623
4813,2019,15,giovinazzi,36,2,28.960
4814,2019,15,stroll,41,2,39.188
4815,2019,15,kubica,44,2,30.321
4816,2019,15,stroll,44,3,29.460
4817,2019,15,kevin_magnussen,56,2,30.916
4818,2019,16,kubica,1,1,30.587
4819,2019,16,ricciardo,1,1,36.031
4820,2019,16,giovinazzi,2,1,38.193
4821,2019,16,kubica,2,2,30.177
4822,2019,16,raikkonen,9,1,25.038
4823,2019,16,hulkenberg,16,1,34.264
4824,2019,16,norris,20,1,29.290
4825,2019,16,sainz,21,1,30.103
4826,2019,16,leclerc,22,1,29.548
4827,2019,16,perez,23,1,30.271
4828,2019,16,vettel,26,1,29.860
4829,2019,16,gasly,26,1,29.935
4830,2019,16,kevin_magnussen,27,1,30.509
4831,2019,16,stroll,27,1,30.168
4832,2019,16,kvyat,27,1,30.753
4833,2019,16,russell,27,1,29.857
4834,2019,16,giovinazzi,27,2,30.227
4835,2019,16,raikkonen,27,2,36.512
4836,2019,16,hamilton,28,1,29.751
4837,2019,16,bottas,28,1,29.436
4838,2019,16,max_verstappen,28,1,29.978
4839,2019,16,albon,29,1,29.854
4840,2019,16,hulkenberg,29,2,29.786
4841,2019,16,kvyat,29,2,29.571
4842,2019,16,leclerc,30,2,29.401
4843,2019,17,leclerc,3,1,30.502
4844,2019,17,norris,4,1,25.347
4845,2019,17,albon,15,1,23.354
4846,2019,17,raikkonen,15,1,24.468
4847,2019,17,vettel,16,1,24.032
4848,2019,17,grosjean,16,1,23.478
4849,2019,17,bottas,17,1,
4850,2019,17,kevin_magnussen,17,1,24.156
4851,2019,17,gasly,18,1,23.180
4852,2019,17,stroll,18,1,23.292
4853,2019,17,giovinazzi,18,1,23.351
4854,2019,17,hulkenberg,19,1,24.132
4855,2019,17,perez,19,1,22.880
4856,2019,17,hamilton,21,1,23.582
4857,2019,17,kubica,22,1,26.734
4858,2019,17,leclerc,25,2,23.580
4859,2019,17,norris,25,2,23.949
4860,2019,17,russell,25,1,23.792
4861,2019,17,sainz,26,1,23.476
4862,2019,17,kvyat,27,1,23.293
4863,2019,17,ricciardo,29,1,23.292
4864,2019,17,vettel,31,2,23.213
4865,2019,17,albon,34,2,23.301
4866,2019,17,kubica,33,2,22.970
4867,2019,17,bottas,36,2,23.157
4868,2019,17,raikkonen,36,2,23.164
4869,2019,17,perez,41,2,23.301
4870,2019,17,hamilton,42,2,23.591
4871,2019,17,leclerc,46,3,23.280
4872,2019,17,kevin_magnussen,47,2,23.973
4873,2019,18,max_verstappen,5,1,24.493
4874,2019,18,gasly,9,1,22.689
4875,2019,18,kvyat,10,1,22.490
4876,2019,18,albon,14,1,22.192
4877,2019,18,leclerc,15,1,22.002
4878,2019,18,sainz,15,1,22.241
4879,2019,18,raikkonen,15,1,22.754
4880,2019,18,hulkenberg,18,1,22.484
4881,2019,18,perez,20,1,22.357
4882,2019,18,giovinazzi,21,1,43.411
4883,2019,18,kubica,21,1,24.606
4884,2019,18,russell,22,1,22.887
4885,2019,18,hamilton,23,1,22.269
4886,2019,18,kevin_magnussen,28,1,23.084
4887,2019,18,sainz,35,2,22.179
4888,2019,18,bottas,36,1,22.179
4889,2019,18,vettel,37,1,21.862
4890,2019,18,stroll,37,1,22.745
4891,2019,18,grosjean,37,1,24.128
4892,2019,18,leclerc,43,2,25.786
4893,2019,18,albon,44,2,22.003
4894,2019,18,kvyat,44,2,22.033
4895,2019,18,gasly,49,2,22.618
4896,2019,18,ricciardo,50,1,22.345
4897,2019,18,raikkonen,52,2,22.963
4898,2019,18,kubica,60,2,22.570
4899,2019,19,albon,1,1,34.100
4900,2019,19,stroll,9,1,24.567
4901,2019,19,kubica,11,1,24.164
4902,2019,19,max_verstappen,13,1,23.716
4903,2019,19,bottas,14,1,24.151
4904,2019,19,giovinazzi,17,1,25.230
4905,2019,19,sainz,18,1,24.784
4906,2019,19,raikkonen,18,1,24.544
4907,2019,19,kevin_magnussen,18,1,24.929
4908,2019,19,norris,19,1,24.678
4909,2019,19,gasly,19,1,24.195
4910,2019,19,leclerc,20,1,29.157
4911,2019,19,albon,20,2,23.213
4912,2019,19,ricciardo,21,1,23.751
4913,2019,19,kvyat,21,1,27.115
4914,2019,19,russell,23,1,23.702
4915,2019,19,hamilton,24,1,23.943
4916,2019,19,perez,24,1,24.207
4917,2019,19,grosjean,24,1,24.583
4918,2019,19,hulkenberg,27,1,24.245
4919,2019,19,stroll,29,2,25.195
4920,2019,19,max_verstappen,34,2,23.444
4921,2019,19,bottas,35,2,23.819
4922,2019,19,hulkenberg,39,2,23.684
4923,2019,19,kvyat,39,2,24.162
4924,2019,19,giovinazzi,39,2,24.206
4925,2019,19,albon,40,3,23.705
4926,2019,19,raikkonen,40,2,24.686
4927,2019,19,kevin_magnussen,40,2,24.731
4928,2019,19,leclerc,42,2,23.844
4929,2019,20,ricciardo,8,1,30.760
4930,2019,20,perez,17,1,23.079
4931,2019,20,hamilton,20,1,22.882
4932,2019,20,giovinazzi,20,1,23.155
4933,2019,20,kubica,20,1,23.861
4934,2019,20,max_verstappen,21,1,22.818
4935,2019,20,raikkonen,21,1,23.463
4936,2019,20,gasly,22,1,22.922
4937,2019,20,kvyat,23,1,22.759
4938,2019,20,russell,23,1,22.500
4939,2019,20,albon,24,1,23.073
4940,2019,20,vettel,25,1,23.039
4941,2019,20,bottas,26,1,23.148
4942,2019,20,grosjean,26,1,23.776
4943,2019,20,norris,27,1,23.381
4944,2019,20,hulkenberg,27,1,23.344
4945,2019,20,kevin_magnussen,27,1,23.891
4946,2019,20,stroll,28,1,23.346
4947,2019,20,leclerc,29,1,22.966
4948,2019,20,sainz,29,1,22.770
4949,2019,20,kubica,36,2,29.268
4950,2019,20,ricciardo,40,2,29.491
4951,2019,20,bottas,41,2,23.210
4952,2019,20,hamilton,43,2,23.088
4953,2019,20,max_verstappen,44,2,22.657
4954,2019,20,hulkenberg,44,2,23.596
4955,2019,20,perez,45,2,23.142
4956,2019,20,giovinazzi,46,2,23.524
4957,2019,20,kvyat,46,2,23.378
4958,2019,20,gasly,47,2,23.584
4959,2019,21,stroll,5,1,28.842
4960,2019,21,norris,8,1,22.974
4961,2019,21,giovinazzi,8,1,21.977
4962,2019,21,ricciardo,11,1,21.904
4963,2019,21,leclerc,12,1,21.697
4964,2019,21,vettel,12,1,25.771
4965,2019,21,sainz,12,1,21.928
4966,2019,21,albon,13,1,22.028
4967,2019,21,hulkenberg,18,1,21.578
4968,2019,21,grosjean,18,1,21.968
4969,2019,21,kevin_magnussen,20,1,21.531
4970,2019,21,raikkonen,22,1,22.410
4971,2019,21,stroll,23,2,21.778
4972,2019,21,kubica,24,1,21.688
4973,2019,21,max_verstappen,25,1,21.023
4974,2019,21,hamilton,26,1,22.178
4975,2019,21,giovinazzi,26,2,22.188
4976,2019,21,bottas,29,1,21.145
4977,2019,21,russell,32,1,22.272
4978,2019,21,perez,37,1,22.230
4979,2019,21,leclerc,38,2,21.274
4980,2019,21,vettel,38,2,21.858
4981,2019,21,kvyat,40,1,21.496
4982,2019,21,sainz,41,2,21.466
4983,2019,21,ricciardo,42,2,21.624
4984,2020,1,grosjean,20,1,23.280
4985,2020,1,raikkonen,24,1,23.229
4986,2020,1,giovinazzi,25,1,23.659
4987,2020,1,russell,25,1,21.417
4988,2020,1,bottas,26,1,21.937
4989,2020,1,hamilton,26,1,21.850
4990,2020,1,albon,26,1,21.279
4991,2020,1,norris,26,1,23.637
4992,2020,1,perez,26,1,22.383
4993,2020,1,leclerc,26,1,22.756
4994,2020,1,sainz,26,1,23.827
4995,2020,1,vettel,26,1,22.231
4996,2020,1,gasly,26,1,22.466
4997,2020,1,kvyat,26,1,22.769
4998,2020,1,ocon,26,1,21.683
4999,2020,1,latifi,26,1,22.058
5000,2020,1,albon,51,2,21.842
5001,2020,1,norris,51,2,21.921
5002,2020,1,leclerc,51,2,21.972
5003,2020,1,kvyat,51,2,21.622
5004,2020,1,raikkonen,51,2,21.569
5005,2020,1,vettel,51,2,22.738
5006,2020,1,latifi,51,2,21.918
5007,2020,1,sainz,52,2,21.805
5008,2020,1,giovinazzi,55,2,22.800
5009,2020,1,bottas,56,2,16.407
5010,2020,1,hamilton,56,2,16.365
5011,2020,1,perez,56,2,16.546
5012,2020,1,norris,56,3,18.163
5013,2020,1,albon,56,3,17.035
5014,2020,2,leclerc,1,1,39.715
5015,2020,2,max_verstappen,24,1,20.937
5016,2020,2,gasly,24,1,21.950
5017,2020,2,hamilton,27,1,21.729
5018,2020,2,kevin_magnussen,31,1,21.977
5019,2020,2,sainz,32,1,25.983
5020,2020,2,latifi,32,1,22.745
5021,2020,2,stroll,33,1,22.118
5022,2020,2,bottas,34,1,21.376
5023,2020,2,russell,34,1,21.697
5024,2020,2,albon,35,1,21.505
5025,2020,2,kvyat,36,1,22.197
5026,2020,2,ricciardo,37,1,21.603
5027,2020,2,grosjean,37,1,22.444
5028,2020,2,perez,38,1,22.761
5029,2020,2,norris,39,1,22.406
5030,2020,2,giovinazzi,39,1,21.667
5031,2020,2,raikkonen,44,1,21.459
5032,2020,2,gasly,49,2,22.280
5033,2020,2,sainz,66,2,21.873
5034,2020,2,max_verstappen,68,2,21.091
5035,2020,3,kvyat,1,1,23.568
5036,2020,3,leclerc,2,1,22.266
5037,2020,3,bottas,2,1,21.906
5038,2020,3,hamilton,3,1,22.320
5039,2020,3,stroll,3,1,23.081
5040,2020,3,vettel,3,1,28.286
5041,2020,3,perez,3,1,23.263
5042,2020,3,sainz,3,1,27.131
5043,2020,3,albon,3,1,23.046
5044,2020,3,latifi,3,1,21.596
5045,2020,3,gasly,3,1,22.740
5046,2020,3,raikkonen,3,1,22.299
5047,2020,3,max_verstappen,4,1,21.529
5048,2020,3,ricciardo,4,1,21.920
5049,2020,3,ocon,4,1,24.281
5050,2020,3,norris,4,1,23.012
5051,2020,3,russell,4,1,21.184
5052,2020,3,giovinazzi,4,1,22.283
5053,2020,3,latifi,4,2,36.335
5054,2020,3,kvyat,18,2,22.685
5055,2020,3,russell,19,2,21.367
5056,2020,3,leclerc,20,2,22.564
5057,2020,3,giovinazzi,20,2,23.082
5058,2020,3,vettel,29,2,21.880
5059,2020,3,ocon,31,2,21.860
5060,2020,3,bottas,33,2,21.644
5061,2020,3,latifi,31,3,28.367
5062,2020,3,raikkonen,33,2,27.128
5063,2020,3,albon,34,2,22.174
5064,2020,3,grosjean,34,1,22.591
5065,2020,4,albon,6,1,28.834
5066,2020,4,ricciardo,12,1,29.559
5067,2020,4,norris,12,1,30.289
5068,2020,4,ocon,12,1,30.768
5069,2020,4,vettel,12,1,29.439
5070,2020,4,gasly,12,1,29.414
5071,2020,4,giovinazzi,12,1,28.355
5072,2020,4,raikkonen,12,1,36.590
5073,2020,4,russell,12,1,29.302
5074,2020,4,latifi,12,1,31.371
5075,2020,4,hamilton,13,1,28.805
5076,2020,4,bottas,13,1,30.571
5077,2020,4,max_verstappen,13,1,28.208
5078,2020,4,leclerc,13,1,29.520
5079,2020,4,sainz,13,1,28.487
5080,2020,4,stroll,13,1,28.716
5081,2020,4,albon,30,2,33.308
5082,2020,4,grosjean,36,1,33.816
5083,2020,4,raikkonen,47,2,44.085
5084,2020,4,max_verstappen,50,2,28.273
5085,2020,4,bottas,50,2,33.602
5086,2020,4,sainz,51,2,36.278
5087,2020,5,albon,6,1,28.417
5088,2020,5,gasly,7,1,28.356
5089,2020,5,giovinazzi,7,1,27.892
5090,2020,5,russell,8,1,28.391
5091,2020,5,kevin_magnussen,9,1,28.934
5092,2020,5,latifi,9,1,28.696
5093,2020,5,norris,12,1,27.949
5094,2020,5,bottas,13,1,28.408
5095,2020,5,hamilton,14,1,28.406
5096,2020,5,ricciardo,14,1,28.587
5097,2020,5,hulkenberg,15,1,28.981
5098,2020,5,grosjean,17,1,29.377
5099,2020,5,stroll,18,1,28.235
5100,2020,5,leclerc,18,1,29.419
5101,2020,5,kvyat,19,1,28.036
5102,2020,5,kevin_magnussen,20,2,29.389
5103,2020,5,sainz,22,1,35.864
5104,2020,5,ocon,22,1,28.093
5105,2020,5,vettel,22,1,28.167
5106,2020,5,gasly,23,2,28.306
5107,2020,5,russell,24,2,28.331
5108,2020,5,max_verstappen,26,1,29.115
5109,2020,5,ricciardo,26,2,28.167
5110,2020,5,raikkonen,26,1,29.296
5111,2020,5,latifi,26,2,28.086
5112,2020,5,norris,29,2,28.874
5113,2020,5,hulkenberg,30,2,28.386
5114,2020,5,albon,30,2,27.858
5115,2020,5,stroll,31,2,27.974
5116,2020,5,max_verstappen,32,2,28.986
5117,2020,6,albon,17,1,21.663
5118,2020,6,russell,19,1,22.708
5119,2020,6,raikkonen,20,1,22.314
5120,2020,6,max_verstappen,21,1,21.532
5121,2020,6,gasly,21,1,22.241
5122,2020,6,norris,21,1,22.099
5123,2020,6,kvyat,21,1,23.036
5124,2020,6,giovinazzi,21,1,22.243
5125,2020,6,sainz,22,1,22.078
5126,2020,6,hamilton,23,1,23.377
5127,2020,6,bottas,23,1,22.310
5128,2020,6,stroll,27,1,22.351
5129,2020,6,kevin_magnussen,28,1,24.148
5130,2020,6,latifi,28,1,22.322
5131,2020,6,perez,29,1,22.641
5132,2020,6,leclerc,29,1,22.274
5133,2020,6,vettel,29,1,21.820
5134,2020,6,grosjean,32,1,23.212
5135,2020,6,ocon,34,1,22.366
5136,2020,6,ricciardo,35,1,21.837
5137,2020,6,russell,35,2,21.889
5138,2020,6,albon,39,2,21.804
5139,2020,6,max_verstappen,41,2,21.601
5140,2020,6,sainz,41,2,22.166
5141,2020,6,stroll,42,2,22.388
5142,2020,6,gasly,42,2,22.394
5143,2020,6,norris,44,2,21.761
5144,2020,6,raikkonen,44,2,22.197
5145,2020,6,kvyat,45,2,22.079
5146,2020,6,giovinazzi,45,2,21.794
5147,2020,7,leclerc,10,1,30.678
5148,2020,7,raikkonen,10,1,22.960
5149,2020,7,grosjean,10,1,23.636
5150,2020,7,kevin_magnussen,10,1,26.156
5151,2020,7,latifi,10,1,23.532
5152,2020,7,hamilton,11,1,23.298
5153,2020,7,bottas,11,1,25.548
5154,2020,7,max_verstappen,11,1,23.314
5155,2020,7,ricciardo,11,1,23.586
5156,2020,7,ocon,11,1,24.305
5157,2020,7,albon,11,1,22.738
5158,2020,7,stroll,11,1,23.689
5159,2020,7,norris,11,1,23.046
5160,2020,7,kvyat,11,1,23.769
5161,2020,7,vettel,11,1,22.982
5162,2020,7,perez,18,1,23.175
5163,2020,7,leclerc,24,2,25.100
5164,2020,7,gasly,26,1,22.681
5165,2020,7,latifi,30,2,23.477
5166,2020,7,kevin_magnussen,35,2,24.339
5167,2020,8,kevin_magnussen,1,1,40.078
5168,2020,8,latifi,16,1,26.335
5169,2020,8,leclerc,17,1,24.344
5170,2020,8,raikkonen,18,1,24.454
5171,2020,8,gasly,19,1,24.096
5172,2020,8,hamilton,20,1,24.671
5173,2020,8,giovinazzi,20,1,23.998
5174,2020,8,sainz,22,1,24.398
5175,2020,8,norris,22,1,24.612
5176,2020,8,ricciardo,22,1,25.498
5177,2020,8,perez,22,1,26.693
5178,2020,8,bottas,22,1,24.410
5179,2020,8,max_verstappen,22,1,26.149
5180,2020,8,ocon,22,1,25.290
5181,2020,8,kvyat,22,1,25.920
5182,2020,8,albon,22,1,29.661
5183,2020,8,grosjean,22,1,25.936
5184,2020,8,russell,22,1,25.249
5185,2020,8,hamilton,26,2,25:16.864
5186,2020,8,stroll,26,1,25:17.308
5187,2020,8,gasly,26,2,25:19.879
5188,2020,8,raikkonen,26,2,25:20.985
5189,2020,8,giovinazzi,26,2,25:21.825
5190,2020,8,sainz,26,2,25:22.369
5191,2020,8,norris,26,2,25:22.009
5192,2020,8,bottas,26,2,25:22.264
5193,2020,8,latifi,26,2,25:23.130
5194,2020,8,ricciardo,26,2,25:23.637
5195,2020,8,max_verstappen,26,2,25:22.796
5196,2020,8,ocon,26,2,25:23.223
5197,2020,9,raikkonen,1,1,30.623
5198,2020,9,vettel,1,1,33.583
5199,2020,9,bottas,7,1,17.560
5200,2020,9,hamilton,7,1,17.536
5201,2020,9,leclerc,7,1,17.516
5202,2020,9,albon,7,1,17.591
5203,2020,9,stroll,7,1,17.625
5204,2020,9,ricciardo,7,1,17.464
5205,2020,9,perez,7,1,17.531
5206,2020,9,norris,7,1,17.845
5207,2020,9,kvyat,7,1,17.522
5208,2020,9,russell,7,1,18.399
5209,2020,9,ocon,7,1,17.455
5210,2020,9,raikkonen,7,2,17.594
5211,2020,9,vettel,7,2,17.516
5212,2020,9,grosjean,7,1,24.781
5213,2020,9,bottas,8,2,23:56.402
5214,2020,9,hamilton,8,2,23:56.696
5215,2020,9,leclerc,8,2,23:56.871
5216,2020,9,albon,8,2,23:58.719
5217,2020,9,stroll,8,2,23:59.578
5218,2020,9,ricciardo,8,2,24
5219,2020,9,perez,8,2,24:01.547
5220,2020,9,norris,8,2,24:05.614
5221,2020,9,kvyat,8,2,24:05.955
5222,2020,9,russell,8,2,24:07.186
5223,2020,9,raikkonen,8,3,24:10.186
5224,2020,9,vettel,8,3,24:09.513
5225,2020,9,grosjean,8,2,24:10.651
5226,2020,9,leclerc,21,3,23.469
5227,2020,10,russell,1,1,30.165
5228,2020,10,albon,1,1,30.211
5229,2020,10,norris,1,1,37.108
5230,2020,10,russell,14,2,29.433
5231,2020,10,ricciardo,15,1,30.112
5232,2020,10,hamilton,16,1,41.352
5233,2020,10,giovinazzi,16,1,29.767
5234,2020,10,grosjean,17,1,30.054
5235,2020,10,latifi,17,1,29.862
5236,2020,10,ocon,18,1,30.068
5237,2020,10,gasly,18,1,29.770
5238,2020,10,kevin_magnussen,19,1,30.188
5239,2020,10,perez,20,1,29.602
5240,2020,10,max_verstappen,25,1,28.748
5241,2020,10,bottas,26,1,29.750
5242,2020,10,albon,27,2,30.111
5243,2020,10,leclerc,28,1,30.261
5244,2020,10,kvyat,30,1,29.662
5245,2020,10,vettel,30,1,29.395
5246,2020,10,raikkonen,35,1,33.317
5247,2020,10,gasly,42,2,29.409
5248,2020,10,grosjean,42,2,29.988
5249,2020,10,norris,47,2,31.368
5250,2020,10,russell,50,3,29.675
5251,2020,11,albon,7,1,23.562
5252,2020,11,leclerc,10,1,22.560
5253,2020,11,raikkonen,10,1,22.865
5254,2020,11,vettel,11,1,22.616
5255,2020,11,russell,11,1,22.496
5256,2020,11,bottas,13,1,22.625
5257,2020,11,kevin_magnussen,14,1,23.016
5258,2020,11,latifi,14,1,24.737
5259,2020,11,giovinazzi,15,1,22.482
5260,2020,11,hamilton,16,1,23.983
5261,2020,11,max_verstappen,16,1,22.106
5262,2020,11,ricciardo,16,1,22.159
5263,2020,11,kvyat,17,1,30.826
5264,2020,11,perez,28,1,22.880
5265,2020,11,sainz,28,1,22.641
5266,2020,11,grosjean,28,1,23.635
5267,2020,11,norris,29,1,21.991
5268,2020,11,hulkenberg,29,1,22.700
5269,2020,11,gasly,30,1,22.625
5270,2020,11,latifi,33,2,24.063
5271,2020,11,kevin_magnussen,34,2,23.114
5272,2020,11,leclerc,35,2,23.111
5273,2020,11,giovinazzi,36,2,22.772
5274,2020,11,vettel,41,2,24.366
5275,2020,11,ricciardo,44,2,22.530
5276,2020,11,sainz,44,2,22.503
5277,2020,11,hamilton,45,2,23.180
5278,2020,11,max_verstappen,45,2,22.568
5279,2020,11,gasly,44,2,22.917
5280,2020,11,hulkenberg,44,2,22.686
5281,2020,12,perez,1,1,26.177
5282,2020,12,raikkonen,11,1,29.061
5283,2020,12,ricciardo,14,1,26.999
5284,2020,12,norris,18,1,34.807
5285,2020,12,stroll,18,1,36.314
5286,2020,12,albon,19,1,26.287
5287,2020,12,max_verstappen,23,1,26.394
5288,2020,12,latifi,24,1,26.739
5289,2020,12,kvyat,25,1,27.211
5290,2020,12,sainz,26,1,27.299
5291,2020,12,grosjean,26,1,26.985
5292,2020,12,vettel,27,1,26.666
5293,2020,12,gasly,28,1,27.204
5294,2020,12,giovinazzi,28,1,26.473
5295,2020,12,kevin_magnussen,31,1,27.300
5296,2020,12,leclerc,34,1,26.940
5297,2020,12,stroll,34,2,37.483
5298,2020,12,russell,36,1,32.991
5299,2020,12,hamilton,40,1,27.162
5300,2020,12,bottas,41,1,26.512
5301,2020,12,norris,43,2,27.750
5302,2020,12,perez,45,2,26.635
5303,2020,12,albon,46,2,25.882
5304,2020,12,ocon,53,1,28.535
5305,2020,12,kvyat,55,2,32.943
5306,2020,13,stroll,1,1,36.189
5307,2020,13,grosjean,9,1,30.422
5308,2020,13,giovinazzi,10,1,29.745
5309,2020,13,russell,11,1,29.707
5310,2020,13,leclerc,13,1,30.243
5311,2020,13,norris,13,1,29.683
5312,2020,13,ocon,13,1,30.559
5313,2020,13,ricciardo,14,1,30.204
5314,2020,13,kvyat,14,1,30.277
5315,2020,13,albon,14,1,29.770
5316,2020,13,sainz,17,1,29.950
5317,2020,13,max_verstappen,18,1,29.427
5318,2020,13,bottas,19,1,29.600
5319,2020,13,perez,27,1,29.985
5320,2020,13,kevin_magnussen,27,1,30.708
5321,2020,13,hamilton,30,1,30.382
5322,2020,13,stroll,29,2,30.566
5323,2020,13,latifi,34,1,29.892
5324,2020,13,vettel,39,1,40.497
5325,2020,13,raikkonen,48,1,29.863
5326,2020,13,grosjean,50,2,31.199
5327,2020,13,bottas,51,2,30.129
5328,2020,13,perez,51,2,30.555
5329,2020,13,kvyat,51,2,29.809
5330,2020,13,sainz,51,2,30.614
5331,2020,13,hamilton,52,2,30.925
5332,2020,13,vettel,51,2,29.934
5333,2020,13,stroll,52,3,36.630
5334,2020,13,norris,53,2,30.203
5335,2020,13,albon,59,2,29.552
5336,2020,14,ocon,1,1,25.719
5337,2020,14,leclerc,6,1,24.275
5338,2020,14,bottas,7,1,23.398
5339,2020,14,vettel,8,1,24.022
5340,2020,14,hamilton,8,1,23.860
5341,2020,14,raikkonen,8,1,30.765
5342,2020,14,kevin_magnussen,8,1,24.552
5343,2020,14,giovinazzi,8,1,25.432
5344,2020,14,kvyat,8,1,23.417
5345,2020,14,grosjean,8,1,26.686
5346,2020,14,stroll,9,1,23.730
5347,2020,14,latifi,8,1,24.738
5348,2020,14,norris,9,1,22.684
5349,2020,14,perez,10,1,25.163
5350,2020,14,ricciardo,10,1,23.470
5351,2020,14,sainz,10,1,23.910
5352,2020,14,gasly,10,1,23.669
5353,2020,14,ocon,10,2,23.475
5354,2020,14,max_verstappen,11,1,24.256
5355,2020,14,albon,12,1,22.602
5356,2020,14,max_verstappen,18,2,22.518
5357,2020,14,leclerc,30,2,23.687
5358,2020,14,raikkonen,30,2,31.356
5359,2020,14,ricciardo,32,2,23.208
5360,2020,14,russell,32,1,22.692
5361,2020,14,vettel,33,2,25.401
5362,2020,14,sainz,33,2,23.537
5363,2020,14,gasly,33,2,23.288
5364,2020,14,albon,34,2,22.490
5365,2020,14,kevin_magnussen,34,2,2:33.964
5366,2020,15,hamilton,1,1,19:23.979
5367,2020,15,max_verstappen,1,1,19:24.529
5368,2020,15,perez,1,1,19:23.442
5369,2020,15,albon,1,1,19:21.607
5370,2020,15,ricciardo,1,1,19:19.722
5371,2020,15,bottas,1,1,19:19.205
5372,2020,15,gasly,1,1,19:20.469
5373,2020,15,ocon,1,1,19:20.946
5374,2020,15,norris,1,1,19:13.898
5375,2020,15,leclerc,1,1,19:14.255
5376,2020,15,giovinazzi,1,1,19:14.906
5377,2020,15,stroll,1,1,19:14.123
5378,2020,15,sainz,1,1,19:17.291
5379,2020,15,kevin_magnussen,1,1,19:16.990
5380,2020,15,vettel,1,1,19:17.042
5381,2020,15,latifi,1,1,19:17.995
5382,2020,15,raikkonen,1,1,19:21.539
5383,2020,15,russell,1,1,19:23.297
5384,2020,15,kvyat,1,1,19:23.014
5385,2020,15,kevin_magnussen,3,2,38.297
5386,2020,15,bottas,4,2,24.936
5387,2020,15,ricciardo,16,2,24.617
5388,2020,15,ocon,17,2,24.076
5389,2020,15,kvyat,17,2,37.317
5390,2020,15,raikkonen,17,2,32.278
5391,2020,15,norris,18,2,24.679
5392,2020,15,hamilton,19,2,24.061
5393,2020,15,albon,19,2,24.172
5394,2020,15,max_verstappen,20,2,24.622
5395,2020,15,perez,20,2,24.317
5396,2020,16,perez,1,1,24.214
5397,2020,16,norris,20,1,24.885
5398,2020,16,raikkonen,23,1,28.518
5399,2020,16,giovinazzi,26,1,24.810
5400,2020,16,kevin_magnussen,26,1,25.474
5401,2020,16,kvyat,27,1,24.101
5402,2020,16,latifi,27,1,24.297
5403,2020,16,sainz,28,1,24.162
5404,2020,16,gasly,28,1,25.077
5405,2020,16,ricciardo,29,1,24.474
5406,2020,16,vettel,31,1,26.216
5407,2020,16,aitken,31,1,24.863
5408,2020,16,pietro_fittipaldi,31,1,27.681
5409,2020,16,ocon,41,1,24.414
5410,2020,16,stroll,42,1,24.684
5411,2020,16,russell,45,1,24.708
5412,2020,16,perez,47,2,24.507
5413,2020,16,albon,47,1,23.874
5414,2020,16,bottas,49,1,24.552
5415,2020,16,gasly,51,2,24.577
5416,2020,16,kvyat,53,2,24.232
5417,2020,16,norris,54,2,24.245
5418,2020,16,pietro_fittipaldi,53,2,26.393
5419,2020,16,vettel,54,2,28.080
5420,2020,16,giovinazzi,54,2,24.551
5421,2020,16,kevin_magnussen,54,2,25.466
5422,2020,16,aitken,54,2,25.688
5423,2020,16,raikkonen,54,2,24.401
5424,2020,16,sainz,55,2,24.853
5425,2020,16,ricciardo,55,2,24.695
5426,2020,17,max_verstappen,10,1,21.289
5427,2020,17,bottas,10,1,21.587
5428,2020,17,hamilton,10,1,22.406
5429,2020,17,albon,10,1,21.508
5430,2020,17,norris,10,1,21.840
5431,2020,17,sainz,10,1,22.140
5432,2020,17,stroll,10,1,22.036
5433,2020,17,gasly,10,1,
5434,2020,17,kvyat,10,1,25.724
5435,2020,17,ocon,10,1,21.615
5436,2020,17,raikkonen,10,1,22.012
5437,2020,17,russell,10,1,22.085
5438,2020,17,pietro_fittipaldi,10,1,26.329
5439,2020,17,latifi,11,1,21.357
5440,2020,17,leclerc,22,1,22.178
5441,2020,17,giovinazzi,27,1,21.480
5442,2020,17,kevin_magnussen,31,1,22.714
5443,2020,17,pietro_fittipaldi,34,2,28.501
5444,2020,17,vettel,35,1,22.040
5445,2020,17,latifi,35,2,22.384
5446,2020,17,ricciardo,39,1,22.123
5447,2020,17,kevin_magnussen,47,2,23.098
5448,2020,17,pietro_fittipaldi,48,3,23.217
5449,2021,1,perez,2,1,23.993
5450,2021,1,gasly,4,1,38.338
5451,2021,1,alonso,11,1,24.373
5452,2021,1,norris,12,1,24.899
5453,2021,1,leclerc,12,1,24.925
5454,2021,1,stroll,12,1,24.884
5455,2021,1,giovinazzi,12,1,31.998
5456,2021,1,hamilton,13,1,24.839
5457,2021,1,ricciardo,13,1,24.688
5458,2021,1,raikkonen,13,1,24.107
5459,2021,1,ocon,13,1,25.226
5460,2021,1,russell,13,1,24.621
5461,2021,1,latifi,14,1,26.046
5462,2021,1,mick_schumacher,14,1,25.798
5463,2021,1,sainz,15,1,24.353
5464,2021,1,tsunoda,15,1,25.046
5465,2021,1,bottas,16,1,24.262
5466,2021,1,max_verstappen,17,1,24.767
5467,2021,1,perez,19,2,24.105
5468,2021,1,gasly,19,2,24.317
5469,2021,1,vettel,24,1,24.626
5470,2021,1,hamilton,28,2,24.076
5471,2021,1,stroll,28,2,25.525
5472,2021,1,raikkonen,29,2,24.046
5473,2021,1,alonso,29,2,24.775
5474,2021,1,bottas,30,2,32.897
5475,2021,1,giovinazzi,30,2,24.223
5476,2021,1,ocon,31,2,24.471
5477,2021,1,leclerc,32,2,24.176
5478,2021,1,ricciardo,32,2,24.655
5479,2021,2,ocon,1,1,30.866
5480,2021,2,vettel,3,1,32.024
5481,2021,2,mick_schumacher,5,1,51.007
5482,2021,2,mazepin,12,1,31.168
5483,2021,2,gasly,14,1,31.068
5484,2021,2,vettel,20,2,31.184
5485,2021,2,mick_schumacher,21,2,32.479
5486,2021,2,vettel,22,3,39.502
5487,2021,2,mazepin,23,2,31.500
5488,2021,2,tsunoda,25,1,30.696
5489,2021,2,russell,26,1,29.983
5490,2021,2,raikkonen,26,1,30.280
5491,2021,2,max_verstappen,27,1,29.809
5492,2021,2,gasly,26,2,32.277
5493,2021,2,sainz,27,1,30.856
5494,2021,2,ricciardo,27,1,34.340
5495,2021,2,stroll,27,1,31.138
5496,2021,2,hamilton,28,1,32.112
5497,2021,2,giovinazzi,27,1,32.299
5498,2021,2,ocon,27,2,30.652
5499,2021,2,leclerc,28,1,31.002
5500,2021,2,perez,28,1,44.608
5501,2021,2,norris,28,1,30.654
5502,2021,2,bottas,28,1,30.167
5503,2021,2,alonso,28,1,30.864
5504,2021,2,hamilton,31,2,38.198
5505,2021,2,ocon,31,3,30.701
5506,2021,2,max_verstappen,33,2,27:01.361
5507,2021,2,stroll,32,2,24:52.090
5508,2021,2,raikkonen,32,2,24:52.612
5509,2021,3,bottas,2,1,21.377
5510,2021,3,hamilton,2,1,22.426
5511,2021,3,max_verstappen,2,1,22.718
5512,2021,3,sainz,2,1,22.029
5513,2021,3,perez,2,1,21.890
5514,2021,3,norris,2,1,21.407
5515,2021,3,ocon,2,1,21.275
5516,2021,3,leclerc,2,1,21.323
5517,2021,3,gasly,2,1,21.353
5518,2021,3,vettel,2,1,21.398
5519,2021,3,russell,2,1,23.532
5520,2021,3,giovinazzi,2,1,22.485
5521,2021,3,ricciardo,2,1,21.965
5522,2021,3,alonso,2,1,21.452
5523,2021,3,tsunoda,2,1,22.266
5524,2021,3,stroll,2,1,22.264
5525,2021,3,latifi,2,1,21.970
5526,2021,3,mick_schumacher,2,1,22.019
5527,2021,3,mazepin,2,1,21.372
5528,2021,3,bottas,3,2,22.072
5529,2021,3,hamilton,3,2,22.164
5530,2021,3,max_verstappen,3,2,22.104
5531,2021,3,sainz,3,2,22.244
5532,2021,3,perez,3,2,22.100
5533,2021,3,norris,3,2,22.551
5534,2021,3,ocon,3,2,22.240
5535,2021,3,leclerc,3,2,22.587
5536,2021,3,gasly,3,2,22.319
5537,2021,3,vettel,3,2,21.750
5538,2021,3,russell,3,2,22.755
5539,2021,4,giovinazzi,8,1,54.673
5540,2021,4,russell,9,1,23.814
5541,2021,4,latifi,9,1,26.672
5542,2021,4,gasly,18,1,28.042
5543,2021,4,alonso,21,1,22.043
5544,2021,4,vettel,21,1,23.087
5545,2021,4,sainz,22,1,21.779
5546,2021,4,stroll,22,1,21.756
5547,2021,4,mazepin,22,1,23.098
5548,2021,4,bottas,23,1,22.311
5549,2021,4,ocon,23,1,22.798
5550,2021,4,norris,23,1,21.864
5551,2021,4,mick_schumacher,23,1,24.006
5552,2021,4,max_verstappen,24,1,23.565
5553,2021,4,ricciardo,25,1,22.406
5554,2021,4,perez,27,1,22.382
5555,2021,4,latifi,27,2,21.424
5556,2021,4,hamilton,28,1,22.220
5557,2021,4,leclerc,28,1,21.613
5558,2021,4,russell,28,2,21.919
5559,2021,4,raikkonen,37,1,21.572
5560,2021,4,vettel,38,2,21.973
5561,2021,4,stroll,39,2,21.432
5562,2021,4,giovinazzi,39,2,22.871
5563,2021,4,hamilton,42,2,22.078
5564,2021,4,mazepin,42,2,22.502
5565,2021,4,ricciardo,46,2,21.762
5566,2021,4,sainz,46,2,21.856
5567,2021,4,gasly,47,2,26.065
5568,2021,4,latifi,50,3,22.405
5569,2021,5,hamilton,29,1,23.783
5570,2021,5,norris,30,1,23.874
5571,2021,5,gasly,30,1,24.428
5572,2021,5,vettel,31,1,24.369
5573,2021,5,russell,31,1,23.928
5574,2021,5,sainz,32,1,24.150
5575,2021,5,giovinazzi,33,1,24.521
5576,2021,5,max_verstappen,34,1,23.746
5577,2021,5,perez,35,1,24.548
5578,2021,5,mazepin,34,1,25.202
5579,2021,5,ricciardo,36,1,24.715
5580,2021,5,ocon,37,1,23.935
5581,2021,5,mick_schumacher,37,1,24.797
5582,2021,5,raikkonen,43,1,24.077
5583,2021,5,latifi,43,1,23.703
5584,2021,5,alonso,45,1,23.803
5585,2021,5,stroll,58,1,23.474
5586,2021,5,tsunoda,64,1,24.430
5587,2021,5,hamilton,67,2,24.244
5588,2021,6,russell,1,1,19.970
5589,2021,6,giovinazzi,2,1,20.402
5590,2021,6,alonso,7,1,20.168
5591,2021,6,norris,7,1,20.533
5592,2021,6,mick_schumacher,8,1,22.440
5593,2021,6,leclerc,9,1,19.836
5594,2021,6,tsunoda,9,1,20.253
5595,2021,6,latifi,9,1,22.149
5596,2021,6,mazepin,9,1,21.759
5597,2021,6,sainz,10,1,20.064
5598,2021,6,hamilton,11,1,22.470
5599,2021,6,gasly,11,1,20.156
5600,2021,6,bottas,11,1,20.356
5601,2021,6,ricciardo,11,1,20.082
5602,2021,6,max_verstappen,12,1,19.769
5603,2021,6,perez,13,1,21.874
5604,2021,6,raikkonen,13,1,20.048
5605,2021,6,vettel,18,1,19.841
5606,2021,6,alonso,34,2,19.983
5607,2021,6,giovinazzi,34,2,20.193
5608,2021,6,russell,34,2,20.029
5609,2021,6,mick_schumacher,34,2,1:09.761
5610,2021,6,mazepin,34,2,21.958
5611,2021,6,mick_schumacher,44,3,21.587
5612,2021,6,mazepin,44,3,24.780
5613,2021,6,perez,47,2,15.277
5614,2021,6,hamilton,47,2,15.432
5615,2021,6,vettel,47,2,14.945
5616,2021,6,gasly,47,2,15.085
5617,2021,6,leclerc,47,2,15.092
5618,2021,7,leclerc,14,1,30.798
5619,2021,7,tsunoda,15,1,30.226
5620,2021,7,mick_schumacher,15,1,31.457
5621,2021,7,ricciardo,16,1,29.951
5622,2021,7,bottas,17,1,30.572
5623,2021,7,sainz,17,1,30.534
5624,2021,7,gasly,17,1,30.781
5625,2021,7,russell,17,1,30.092
5626,2021,7,max_verstappen,18,1,29.803
5627,2021,7,alonso,18,1,31.288
5628,2021,7,latifi,18,1,29.775
5629,2021,7,hamilton,19,1,30.263
5630,2021,7,perez,24,1,29.682
5631,2021,7,norris,24,1,30.531
5632,2021,7,ocon,28,1,30.207
5633,2021,7,giovinazzi,28,1,30.586
5634,2021,7,mazepin,31,1,30.983
5635,2021,7,max_verstappen,32,2,30.123
5636,2021,7,raikkonen,33,1,31.327
5637,2021,7,stroll,34,1,30.996
5638,2021,7,vettel,37,1,31.069
5639,2021,7,leclerc,38,2,31.368
5640,2021,8,leclerc,1,1,28.386
5641,2021,8,latifi,1,1,26.419
5642,2021,8,mazepin,21,1,22.759
5643,2021,8,giovinazzi,23,1,21.210
5644,2021,8,russell,25,1,37.309
5645,2021,8,perez,26,1,23.477
5646,2021,8,latifi,25,2,21.953
5647,2021,8,tsunoda,26,1,21.234
5648,2021,8,russell,26,2,46.315
5649,2021,8,bottas,27,1,21.752
5650,2021,8,alonso,27,1,21.131
5651,2021,8,vettel,27,1,21.546
5652,2021,8,hamilton,28,1,21.219
5653,2021,8,stroll,28,1,20.936
5654,2021,8,max_verstappen,29,1,20.936
5655,2021,8,norris,31,1,21.692
5656,2021,8,mick_schumacher,33,1,22.400
5657,2021,8,raikkonen,36,1,21.227
5658,2021,8,ocon,36,1,21.238
5659,2021,8,leclerc,37,2,21.924
5660,2021,8,sainz,41,1,21.226
5661,2021,8,ricciardo,41,1,21.410
5662,2021,8,perez,54,2,20.961
5663,2021,8,hamilton,69,2,21.640
5664,2021,9,giovinazzi,1,1,21.129
5665,2021,9,tsunoda,12,1,21.145
5666,2021,9,gasly,13,1,22.564
5667,2021,9,stroll,14,1,21.391
5668,2021,9,vettel,17,1,21.086
5669,2021,9,mazepin,27,1,
5670,2021,9,ricciardo,29,1,21.151
5671,2021,9,giovinazzi,29,2,27.122
5672,2021,9,norris,30,1,26.474
5673,2021,9,bottas,30,1,21.071
5674,2021,9,russell,30,1,21.606
5675,2021,9,hamilton,31,1,21.005
5676,2021,9,max_verstappen,32,1,21.090
5677,2021,9,perez,32,1,21.735
5678,2021,9,alonso,32,1,22.663
5679,2021,9,latifi,33,1,21.152
5680,2021,9,leclerc,34,1,21.143
5681,2021,9,mick_schumacher,34,1,21.798
5682,2021,9,raikkonen,37,1,21.896
5683,2021,9,gasly,45,2,20.850
5684,2021,9,mazepin,45,2,23.182
5685,2021,9,stroll,46,2,21.472
5686,2021,9,sainz,48,1,21.431
5687,2021,9,vettel,49,2,20.841
5688,2021,9,tsunoda,51,2,26.604
5689,2021,9,hamilton,53,2,21.421
5690,2021,9,max_verstappen,60,2,21.236
5691,2021,10,leclerc,2,1,34:07.731
5692,2021,10,hamilton,2,1,34:08.376
5693,2021,10,bottas,2,1,34:09.149
5694,2021,10,norris,2,1,34:12.218
5695,2021,10,ricciardo,2,1,34:11.281
5696,2021,10,vettel,2,1,34:15.222
5697,2021,10,alonso,2,1,34:18.580
5698,2021,10,sainz,2,1,34:19.122
5699,2021,10,raikkonen,2,1,34:22.984
5700,2021,10,ocon,2,1,34:26.994
5701,2021,10,stroll,2,1,34:27.861
5702,2021,10,gasly,2,1,34:27.244
5703,2021,10,giovinazzi,2,1,34:30.250
5704,2021,10,russell,2,1,34:32.543
5705,2021,10,tsunoda,2,1,34:35.695
5706,2021,10,mick_schumacher,2,1,34:35.728
5707,2021,10,latifi,2,1,34:37.164
5708,2021,10,mazepin,2,1,34:36.977
5709,2021,10,perez,2,1,34:36.405
5710,2021,10,raikkonen,18,2,28.110
5711,2021,10,perez,18,2,27.892
5712,2021,10,russell,18,2,27.812
5713,2021,10,vettel,18,2,28.145
5714,2021,10,ocon,19,2,28.772
5715,2021,10,latifi,19,2,27.543
5716,2021,10,ricciardo,20,2,28.817
5717,2021,10,norris,21,2,31.706
5718,2021,10,bottas,22,2,28.209
5719,2021,10,stroll,23,2,28.213
5720,2021,10,giovinazzi,23,2,28.137
5721,2021,11,max_verstappen,1,1,22.569
5722,2021,11,mazepin,1,1,23.715
5723,2021,11,norris,1,1,38.267
5724,2021,11,giovinazzi,1,1,26.573
5725,2021,11,hamilton,2,1,24:09.259
5726,2021,11,ocon,2,1,24:10.190
5727,2021,11,vettel,2,1,24:11.890
5728,2021,11,sainz,2,1,24:12.527
5729,2021,11,tsunoda,2,1,24:13.630
5730,2021,11,latifi,2,1,24:14.435
5731,2021,11,alonso,2,1,24:14.979
5732,2021,11,russell,2,1,24:17.487
5733,2021,11,raikkonen,2,1,24:17.844
5734,2021,11,mick_schumacher,2,1,24:17.042
5735,2021,11,gasly,2,1,24:17.615
5736,2021,11,ricciardo,2,1,24:17.127
5737,2021,11,max_verstappen,2,2,24:16.349
5738,2021,11,mazepin,2,2,24:17.420
5739,2021,11,giovinazzi,2,2,24:16.349
5740,2021,11,ocon,3,2,39.522
5741,2021,11,vettel,3,2,40.882
5742,2021,11,sainz,3,2,42.786
5743,2021,11,tsunoda,3,2,40.740
5744,2021,11,latifi,3,2,39.081
5745,2021,11,alonso,3,2,37.122
5746,2021,11,russell,3,2,29.374
5747,2021,11,raikkonen,3,2,35.451
5748,2021,11,mick_schumacher,3,2,36.813
5749,2021,11,gasly,3,2,39.839
5750,2021,11,ricciardo,3,2,34.492
5751,2021,13,mick_schumacher,4,1,35.573
5752,2021,13,perez,8,1,19.287
5753,2021,13,vettel,10,1,18.664
5754,2021,13,hamilton,20,1,19.770
5755,2021,13,max_verstappen,21,1,19.142
5756,2021,13,latifi,23,1,20.646
5757,2021,13,gasly,24,1,19.163
5758,2021,13,giovinazzi,27,1,19.049
5759,2021,13,russell,27,1,18.634
5760,2021,13,stroll,27,1,19.389
5761,2021,13,ricciardo,30,1,19.449
5762,2021,13,bottas,31,1,18.873
5763,2021,13,sainz,31,1,20.327
5764,2021,13,ocon,31,1,19.240
5765,2021,13,tsunoda,31,1,19.850
5766,2021,13,mick_schumacher,30,2,24.578
5767,2021,13,alonso,33,1,19.018
5768,2021,13,giovinazzi,33,2,20.043
5769,2021,13,mazepin,33,1,19.999
5770,2021,13,leclerc,34,1,19.490
5771,2021,13,hamilton,39,2,18.868
5772,2021,13,max_verstappen,40,2,18.578
5773,2021,13,kubica,40,1,19.708
5774,2021,13,norris,42,1,20.443
5775,2021,13,vettel,44,2,18.681
5776,2021,13,perez,47,2,18.555
5777,2021,13,bottas,67,2,21.730
5778,2021,13,hamilton,70,3,19.202
5779,2021,13,russell,68,2,25.533
5780,2021,14,giovinazzi,1,1,37.190
5781,2021,14,ricciardo,22,1,23.812
5782,2021,14,vettel,22,1,25.157
5783,2021,14,max_verstappen,23,1,32.456
5784,2021,14,latifi,23,1,24.168
5785,2021,14,mick_schumacher,23,1,24.714
5786,2021,14,norris,24,1,24.168
5787,2021,14,mazepin,24,1,24.928
5788,2021,14,hamilton,25,1,25.619
5789,2021,14,stroll,25,1,24.846
5790,2021,14,alonso,25,1,24.797
5791,2021,14,giovinazzi,25,2,30.551
5792,2021,14,leclerc,26,1,24.557
5793,2021,14,perez,26,1,23.906
5794,2021,14,sainz,26,1,24.283
5795,2021,14,bottas,26,1,24.308
5796,2021,14,ocon,26,1,30.333
5797,2021,14,russell,26,1,24.156
5798,2021,14,kubica,26,1,24.501
5799,2021,14,vettel,26,2,25.927
5800,2021,14,mazepin,28,2,24.806
5801,2021,14,mazepin,39,3,30.917
5802,2021,15,stroll,12,1,30.241
5803,2021,15,russell,13,1,30.665
5804,2021,15,latifi,13,1,30.056
5805,2021,15,tsunoda,13,1,30.112
5806,2021,15,sainz,14,1,30.715
5807,2021,15,mazepin,14,1,30.127
5808,2021,15,ocon,15,1,29.901
5809,2021,15,raikkonen,15,1,30.102
5810,2021,15,mick_schumacher,20,1,29.996
5811,2021,15,ricciardo,22,1,33.617
5812,2021,15,hamilton,26,1,29.878
5813,2021,15,max_verstappen,26,1,29.578
5814,2021,15,vettel,26,1,29.242
5815,2021,15,norris,28,1,29.824
5816,2021,15,bottas,28,1,29.936
5817,2021,15,gasly,33,1,29.354
5818,2021,15,leclerc,35,1,31.849
5819,2021,15,perez,36,1,36.026
5820,2021,15,alonso,36,1,30.157
5821,2021,15,giovinazzi,36,1,30.081
5822,2021,15,russell,47,2,32.081
5823,2021,15,bottas,47,2,29.569
5824,2021,15,raikkonen,47,2,30.131
5825,2021,15,mazepin,46,2,33.931
5826,2021,15,tsunoda,47,2,30.980
5827,2021,15,max_verstappen,48,2,31.017
5828,2021,15,sainz,48,2,30.677
5829,2021,15,ricciardo,48,2,31.016
5830,2021,15,stroll,48,2,43.124
5831,2021,15,hamilton,49,2,30.045
5832,2021,16,ricciardo,21,1,23.028
5833,2021,16,alonso,30,1,29.116
5834,2021,16,norris,34,1,23.239
5835,2021,16,latifi,34,1,24.104
5836,2021,16,tsunoda,35,1,23.329
5837,2021,16,russell,35,1,23.551
5838,2021,16,max_verstappen,36,1,22.442
5839,2021,16,sainz,36,1,28.353
5840,2021,16,mazepin,35,1,23.829
5841,2021,16,vettel,36,1,23.500
5842,2021,16,bottas,37,1,22.962
5843,2021,16,perez,37,1,22.463
5844,2021,16,raikkonen,37,1,23.164
5845,2021,16,vettel,37,2,23.514
5846,2021,16,gasly,39,1,29.310
5847,2021,16,stroll,39,1,35.509
5848,2021,16,mick_schumacher,39,1,23.892
5849,2021,16,giovinazzi,40,1,23.150
5850,2021,16,leclerc,47,1,23.646
5851,2021,16,hamilton,50,1,22.684
5852,2021,17,mazepin,1,1,30.673
5853,2021,17,ocon,3,1,40.800
5854,2021,17,latifi,5,1,32.610
5855,2021,17,alonso,7,1,23.576
5856,2021,17,giovinazzi,8,1,23.993
5857,2021,17,tsunoda,9,1,23.802
5858,2021,17,russell,9,1,23.572
5859,2021,17,max_verstappen,10,1,23.727
5860,2021,17,norris,10,1,24.385
5861,2021,17,gasly,10,1,23.745
5862,2021,17,ricciardo,11,1,24.176
5863,2021,17,sainz,11,1,23.414
5864,2021,17,mick_schumacher,11,1,24.293
5865,2021,17,perez,12,1,25.018
5866,2021,17,leclerc,12,1,24.011
5867,2021,17,raikkonen,12,1,24.191
5868,2021,17,hamilton,13,1,24.481
5869,2021,17,bottas,15,1,24.444
5870,2021,17,vettel,17,1,24.977
5871,2021,17,stroll,18,1,23.827
5872,2021,17,mazepin,24,2,24.611
5873,2021,17,latifi,25,2,23.653
5874,2021,17,ocon,25,2,23.919
5875,2021,17,giovinazzi,26,2,23.502
5876,2021,17,alonso,28,2,23.844
5877,2021,17,max_verstappen,29,2,24.052
5878,2021,17,sainz,29,2,26.866
5879,2021,17,perez,30,2,23.604
5880,2021,17,ricciardo,30,2,24.036
5881,2021,17,norris,30,2,25.548
5882,2021,18,ricciardo,1,1,38.128
5883,2021,18,bottas,1,1,22.463
5884,2021,18,latifi,11,1,23.681
5885,2021,18,stroll,12,1,23.586
5886,2021,18,mazepin,13,1,25.094
5887,2021,18,ocon,14,1,23.100
5888,2021,18,russell,15,1,21.984
5889,2021,18,giovinazzi,16,1,22.205
5890,2021,18,hamilton,29,1,22.373
5891,2021,18,leclerc,30,1,22.085
5892,2021,18,gasly,31,1,22.549
5893,2021,18,raikkonen,32,1,22.424
5894,2021,18,max_verstappen,33,1,21.908
5895,2021,18,vettel,33,1,22.277
5896,2021,18,stroll,34,2,26.056
5897,2021,18,ricciardo,38,2,22.813
5898,2021,18,alonso,39,1,23.985
5899,2021,18,perez,40,1,22.114
5900,2021,18,bottas,40,2,31.664
5901,2021,18,sainz,42,1,22.031
5902,2021,18,norris,44,1,22.534
5903,2021,18,latifi,49,2,22.739
5904,2021,18,mazepin,58,2,23.637
5905,2021,18,bottas,63,3,22.680
5906,2021,18,bottas,67,4,26.443
5907,2021,19,norris,1,1,27.313
5908,2021,19,tsunoda,4,1,31.939
5909,2021,19,russell,6,1,22.978
5910,2021,19,tsunoda,6,2,17.758
5911,2021,19,norris,6,2,17.719
5912,2021,19,max_verstappen,7,1,17.916
5913,2021,19,perez,7,1,18.308
5914,2021,19,hamilton,7,1,17.910
5915,2021,19,bottas,7,1,17.899
5916,2021,19,leclerc,7,1,17.943
5917,2021,19,sainz,7,1,18.460
5918,2021,19,vettel,7,1,18.107
5919,2021,19,gasly,7,1,19.439
5920,2021,19,ocon,7,1,19.285
5921,2021,19,ricciardo,7,1,19.732
5922,2021,19,alonso,7,1,17.751
5923,2021,19,stroll,7,1,17.948
5924,2021,19,giovinazzi,7,1,17.713
5925,2021,19,mazepin,7,1,17.995
5926,2021,19,mick_schumacher,7,1,17.861
5927,2021,19,latifi,7,1,18.153
5928,2021,19,raikkonen,7,1,18.327
5929,2021,19,russell,7,2,20.844
5930,2021,19,tsunoda,7,3,17.711
5931,2021,19,norris,7,3,17.673
5932,2021,19,max_verstappen,8,2,17.807
5933,2021,19,perez,8,2,18.136
5934,2021,19,hamilton,8,2,18.660
5935,2021,19,bottas,8,2,17.837
5936,2021,19,leclerc,8,2,17.771
5937,2021,20,tsunoda,9,1,25.659
5938,2021,20,raikkonen,10,1,26.174
5939,2021,20,gasly,13,1,25.630
5940,2021,20,giovinazzi,15,1,25.987
5941,2021,20,max_verstappen,17,1,25.300
5942,2021,20,russell,17,1,26.121
5943,2021,20,hamilton,18,1,25.235
5944,2021,20,latifi,18,1,25.811
5945,2021,20,perez,19,1,25.419
5946,2021,20,mick_schumacher,22,1,25.881
5947,2021,20,alonso,23,1,25.991
5948,2021,20,stroll,23,1,26.157
5949,2021,20,ocon,24,1,25.517
5950,2021,20,norris,25,1,25.319
5951,2021,20,ricciardo,26,1,25.562
5952,2021,20,vettel,26,1,25.726
5953,2021,20,sainz,27,1,25.639
5954,2021,20,leclerc,27,1,25.799
5955,2021,20,raikkonen,30,2,25.633
5956,2021,20,mazepin,31,1,26.515
5957,2021,20,giovinazzi,32,2,25.347
5958,2021,20,bottas,33,1,36.341
5959,2021,20,tsunoda,34,2,26.674
5960,2021,20,gasly,35,2,26.109
5961,2021,20,max_verstappen,41,2,25.175
5962,2021,20,perez,41,2,25.420
5963,2021,20,hamilton,42,2,25.381
5964,2021,20,norris,49,2,26.552
5965,2021,20,russell,49,2,35.006
5966,2021,20,max_verstappen,55,3,25.465
5967,2021,21,stroll,9,1,27.165
5968,2021,21,russell,9,1,20.519
5969,2021,21,hamilton,10,1,20.580
5970,2021,21,bottas,10,1,21.668
5971,2021,21,leclerc,10,1,20.531
5972,2021,21,perez,10,1,20.710
5973,2021,21,norris,10,1,20.973
5974,2021,21,alonso,10,1,20.405
5975,2021,21,latifi,10,1,24.220
5976,2021,21,max_verstappen,13,1,16:36.375
5977,2021,21,hamilton,13,2,16:35.856
5978,2021,21,bottas,13,2,16:35.942
5979,2021,21,ocon,13,1,16:37.126
5980,2021,21,ricciardo,13,1,16:37.029
5981,2021,21,leclerc,13,2,16:39.485
5982,2021,21,gasly,13,1,16:41.775
5983,2021,21,perez,13,2,16:42.619
5984,2021,21,sainz,13,1,16:44.618
5985,2021,21,giovinazzi,13,1,16:44.917
5986,2021,21,tsunoda,13,1,16:46.407
5987,2021,21,raikkonen,13,1,16:48.569
5988,2021,21,vettel,13,1,16:52.304
5989,2021,21,norris,13,2,16:57.303
5990,2021,21,alonso,13,2,16:59.850
5991,2021,21,mazepin,13,1,16:59.226
5992,2021,21,russell,13,2,17:01.615
5993,2021,21,stroll,13,2,17:00.939
5994,2021,21,latifi,13,2,16:57.257
5995,2021,21,max_verstappen,15,2,18:07.591
5996,2021,21,ocon,15,2,18:08.290
5997,2021,22,mick_schumacher,10,1,22.124
5998,2021,22,max_verstappen,13,1,21.152
5999,2021,22,hamilton,14,1,21.595
6000,2021,22,leclerc,15,1,22.461
6001,2021,22,ocon,15,1,21.677
6002,2021,22,norris,17,1,21.380
6003,2021,22,giovinazzi,17,1,22.283
6004,2021,22,ricciardo,18,1,21.449
6005,2021,22,sainz,19,1,22.213
6006,2021,22,perez,21,1,21.471
6007,2021,22,stroll,21,1,22.288
6008,2021,22,raikkonen,21,1,22.338
6009,2021,22,tsunoda,23,1,22.455
6010,2021,22,vettel,23,1,21.221
6011,2021,22,latifi,28,1,21.241
6012,2021,22,bottas,30,1,21.669
6013,2021,22,leclerc,35,2,21.173
6014,2021,22,max_verstappen,36,2,21.871
6015,2021,22,perez,36,2,21.413
6016,2021,22,gasly,36,1,22.133
6017,2021,22,alonso,36,1,21.304
6018,2021,22,norris,48,2,22.173
6019,2021,22,max_verstappen,53,3,21.453
6020,2021,22,ricciardo,52,2,22.056
6021,2021,22,stroll,52,2,22.661
6022,2021,22,perez,53,3,21.385
6023,2021,22,mick_schumacher,52,2,22.070
6024,2021,22,tsunoda,53,2,21.909
6025,2021,22,gasly,54,2,21.920
6026,2022,1,hamilton,11,1,25.201
6027,2022,1,alonso,11,1,25.365
6028,2022,1,mick_schumacher,12,1,25.214
6029,2022,1,albon,13,1,24.874
6030,2022,1,max_verstappen,14,1,24.897
6031,2022,1,sainz,14,1,24.666
6032,2022,1,kevin_magnussen,14,1,25.478
6033,2022,1,gasly,14,1,24.575
6034,2022,1,ocon,14,1,30.484
6035,2022,1,bottas,14,1,25.893
6036,2022,1,latifi,14,1,24.457
6037,2022,1,leclerc,15,1,25.012
6038,2022,1,perez,15,1,25.046
6039,2022,1,russell,15,1,25.888
6040,2022,1,tsunoda,15,1,26.095
6041,2022,1,zhou,15,1,25.428
6042,2022,1,ricciardo,17,1,24.915
6043,2022,1,stroll,18,1,25.739
6044,2022,1,hulkenberg,19,1,27.365
6045,2022,1,norris,24,1,24.568
6046,2022,1,alonso,25,2,24.909
6047,2022,1,hamilton,27,2,25.796
6048,2022,1,tsunoda,29,2,24.350
6049,2022,1,max_verstappen,30,2,24.937
6050,2022,1,ocon,30,2,25.393
6051,2022,1,leclerc,31,2,24.527
6052,2022,1,gasly,32,2,25.875
6053,2022,1,latifi,32,2,24.778
6054,2022,1,sainz,33,2,24.438
6055,2022,1,perez,33,2,24.173
6056,2022,2,ricciardo,8,1,20.650
6057,2022,2,stroll,13,1,22.339
6058,2022,2,albon,13,1,20.683
6059,2022,2,perez,15,1,20.481
6060,2022,2,gasly,15,1,22.820
6061,2022,2,leclerc,16,1,21.038
6062,2022,2,max_verstappen,16,1,20.731
6063,2022,2,sainz,16,1,21.521
6064,2022,2,russell,16,1,21.415
6065,2022,2,alonso,16,1,21.543
6066,2022,2,bottas,16,1,22.561
6067,2022,2,ocon,16,1,21.141
6068,2022,2,norris,16,1,20.383
6069,2022,2,zhou,16,1,33.734
6070,2022,2,zhou,27,2,15.103
6071,2022,2,bottas,35,2,22.710
6072,2022,2,kevin_magnussen,37,1,22.374
6073,2022,2,hulkenberg,37,1,21.425
6074,2022,2,hamilton,40,1,21.788
6075,2022,3,stroll,3,1,18.242
6076,2022,3,stroll,4,2,18.560
6077,2022,3,latifi,13,1,18.552
6078,2022,3,mick_schumacher,14,1,19.039
6079,2022,3,ocon,17,1,19.128
6080,2022,3,max_verstappen,18,1,18.281
6081,2022,3,tsunoda,18,1,18.443
6082,2022,3,perez,20,1,17.434
6083,2022,3,norris,20,1,17.556
6084,2022,3,ricciardo,21,1,18.150
6085,2022,3,gasly,21,1,18.926
6086,2022,3,zhou,21,1,18.380
6087,2022,3,leclerc,22,1,17.973
6088,2022,3,hamilton,22,1,17.877
6089,2022,3,bottas,22,1,18.413
6090,2022,3,russell,23,1,18.479
6091,2022,3,stroll,23,3,20.402
6092,2022,3,latifi,23,2,17.936
6093,2022,3,alonso,39,1,18.796
6094,2022,3,kevin_magnussen,39,1,19.111
6095,2022,3,alonso,53,2,18.394
6096,2022,3,albon,57,1,19.845
6097,2022,4,ricciardo,2,1,32.362
6098,2022,4,ricciardo,16,2,30.422
6099,2022,4,vettel,17,1,30.484
6100,2022,4,gasly,17,1,30.405
6101,2022,4,albon,17,1,30.793
6102,2022,4,perez,18,1,30.366
6103,2022,4,russell,18,1,31.079
6104,2022,4,bottas,18,1,40.957
6105,2022,4,kevin_magnussen,18,1,33.765
6106,2022,4,tsunoda,18,1,30.372
6107,2022,4,stroll,18,1,32.667
6108,2022,4,hamilton,18,1,32.740
6109,2022,4,ocon,18,1,31.409
6110,2022,4,latifi,18,1,31.125
6111,2022,4,zhou,18,1,32.203
6112,2022,4,mick_schumacher,18,1,31.320
6113,2022,4,max_verstappen,19,1,30.001
6114,2022,4,leclerc,19,1,31.794
6115,2022,4,norris,19,1,30.070
6116,2022,4,ricciardo,30,3,30.155
6117,2022,4,leclerc,49,2,30.042
6118,2022,4,perez,50,2,29.627
6119,2022,4,max_verstappen,51,2,29.942
6120,2022,4,mick_schumacher,52,2,30.984
6121,2022,4,leclerc,53,3,36.560
6122,2022,5,tsunoda,11,1,18.870
6123,2022,5,kevin_magnussen,12,1,19.760
6124,2022,5,mick_schumacher,14,1,20.413
6125,2022,5,alonso,15,1,21.638
6126,2022,5,gasly,16,1,19.543
6127,2022,5,albon,16,1,20.059
6128,2022,5,norris,18,1,19.986
6129,2022,5,hamilton,22,1,18.820
6130,2022,5,leclerc,24,1,19.697
6131,2022,5,max_verstappen,26,1,18.798
6132,2022,5,bottas,26,1,19.614
6133,2022,5,sainz,27,1,22.063
6134,2022,5,perez,27,1,18.519
6135,2022,5,ricciardo,30,1,19.484
6136,2022,5,latifi,34,1,19.185
6137,2022,5,russell,40,1,19.035
6138,2022,5,stroll,40,1,19.074
6139,2022,5,gasly,40,2,19.007
6140,2022,5,perez,41,2,18.433
6141,2022,5,ocon,41,1,19.019
6142,2022,5,vettel,41,1,19.861
6143,2022,5,ricciardo,41,2,19.280
6144,2022,5,tsunoda,41,2,19.618
6145,2022,5,kevin_magnussen,42,2,20.673
6146,2022,5,mick_schumacher,54,2,32.381
6147,2022,6,hamilton,1,1,31.054
6148,2022,6,kevin_magnussen,1,1,29.632
6149,2022,6,sainz,10,1,22.341
6150,2022,6,alonso,10,1,22.375
6151,2022,6,gasly,10,1,22.008
6152,2022,6,zhou,10,1,23.109
6153,2022,6,tsunoda,11,1,23.083
6154,2022,6,ricciardo,11,1,22.124
6155,2022,6,albon,11,1,23.419
6156,2022,6,norris,12,1,21.916
6157,2022,6,mick_schumacher,12,1,23.582
6158,2022,6,latifi,12,1,23.189
6159,2022,6,russell,13,1,22.154
6160,2022,6,max_verstappen,13,1,22.173
6161,2022,6,ocon,13,1,22.137
6162,2022,6,bottas,14,1,22.987
6163,2022,6,stroll,14,1,22.833
6164,2022,6,perez,17,1,22.032
6165,2022,6,leclerc,21,1,21.794
6166,2022,6,vettel,21,1,22.536
6167,2022,6,hamilton,22,2,22.105
6168,2022,6,albon,25,2,22.657
6169,2022,6,latifi,26,2,22.311
6170,2022,6,stroll,27,2,23.394
6171,2022,6,max_verstappen,28,2,21.966
6172,2022,6,gasly,29,2,27.947
6173,2022,6,kevin_magnussen,29,2,23.878
6174,2022,6,mick_schumacher,30,2,23.127
6175,2022,6,sainz,31,2,21.867
6176,2022,6,alonso,31,2,21.914
6177,2022,7,stroll,1,1,26.731
6178,2022,7,latifi,1,1,36.773
6179,2022,7,gasly,2,1,35.486
6180,2022,7,stroll,2,2,32.750
6181,2022,7,latifi,2,2,36.351
6182,2022,7,mick_schumacher,4,1,27.637
6183,2022,7,vettel,6,1,24.965
6184,2022,7,tsunoda,6,1,25.068
6185,2022,7,hamilton,15,1,24.796
6186,2022,7,perez,16,1,24.409
6187,2022,7,norris,17,1,24.872
6188,2022,7,mick_schumacher,17,2,36.854
6189,2022,7,leclerc,18,1,25.710
6190,2022,7,max_verstappen,18,1,27.009
6191,2022,7,albon,18,1,27.231
6192,2022,7,ricciardo,19,1,26.056
6193,2022,7,zhou,19,1,25.594
6194,2022,7,latifi,19,3,26.910
6195,2022,7,bottas,20,1,25.865
6196,2022,7,sainz,21,1,24.666
6197,2022,7,leclerc,21,2,28.034
6198,2022,7,russell,21,1,25.352
6199,2022,7,alonso,21,1,24.526
6200,2022,7,ocon,21,1,24.875
6201,2022,7,tsunoda,21,2,26.021
6202,2022,7,perez,22,2,24.536
6203,2022,7,max_verstappen,22,2,26.930
6204,2022,7,norris,22,2,24.760
6205,2022,7,hamilton,22,2,24.507
6206,2022,7,gasly,22,2,28.770
6207,2022,8,latifi,3,1,29.395
6208,2022,8,leclerc,9,1,23.212
6209,2022,8,russell,9,1,20.538
6210,2022,8,gasly,9,1,22.698
6211,2022,8,hamilton,9,1,21.470
6212,2022,8,vettel,9,1,20.249
6213,2022,8,tsunoda,9,1,23.083
6214,2022,8,zhou,9,1,23.001
6215,2022,8,kevin_magnussen,9,1,21.555
6216,2022,8,albon,9,1,25.577
6217,2022,8,mick_schumacher,9,1,26.973
6218,2022,8,perez,16,1,23.379
6219,2022,8,latifi,17,2,22.069
6220,2022,8,max_verstappen,18,1,21.468
6221,2022,8,alonso,18,1,20.571
6222,2022,8,norris,20,1,21.443
6223,2022,8,mick_schumacher,23,2,22.231
6224,2022,8,albon,29,2,21.540
6225,2022,8,stroll,30,1,22.059
6226,2022,8,max_verstappen,33,2,20.722
6227,2022,8,perez,33,2,22.349
6228,2022,8,russell,33,2,20.527
6229,2022,8,hamilton,33,2,20.831
6230,2022,8,ricciardo,33,1,21.794
6231,2022,8,ocon,33,1,22.638
6232,2022,8,bottas,33,1,20.979
6233,2022,8,tsunoda,38,2,41.500
6234,2022,9,vettel,5,1,23.406
6235,2022,9,gasly,5,1,23.557
6236,2022,9,kevin_magnussen,7,1,38.262
6237,2022,9,max_verstappen,9,1,24.217
6238,2022,9,hamilton,9,1,23.845
6239,2022,9,tsunoda,9,1,23.248
6240,2022,9,latifi,9,1,24.020
6241,2022,9,albon,18,1,23.804
6242,2022,9,russell,19,1,23.951
6243,2022,9,ocon,19,1,25.684
6244,2022,9,zhou,19,1,24.281
6245,2022,9,ricciardo,19,1,27.937
6246,2022,9,norris,19,1,43.032
6247,2022,9,vettel,19,2,23.681
6248,2022,9,sainz,20,1,24.215
6249,2022,9,alonso,28,1,23.779
6250,2022,9,gasly,36,2,23.613
6251,2022,9,latifi,37,2,30.034
6252,2022,9,leclerc,41,1,26.199
6253,2022,9,max_verstappen,43,2,23.704
6254,2022,9,norris,42,2,24.134
6255,2022,9,hamilton,44,2,23.841
6256,2022,9,russell,45,2,24.069
6257,2022,9,stroll,47,1,25.252
6258,2022,9,tsunoda,47,2,23.450
6259,2022,9,sainz,49,2,24.881
6260,2022,9,albon,48,2,23.530
6261,2022,9,ocon,49,2,23.945
6262,2022,9,alonso,49,2,25.139
6263,2022,9,bottas,49,1,26.089
6264,2022,10,max_verstappen,1,1,50:37.323
6265,2022,10,sainz,1,1,50:31.752
6266,2022,10,hamilton,1,1,50:46.888
6267,2022,10,leclerc,1,1,50:36.360
6268,2022,10,alonso,1,1,50:55.700
6269,2022,10,perez,1,1,50:34.772
6270,2022,10,norris,1,1,50:43.215
6271,2022,10,latifi,1,1,50:51.904
6272,2022,10,bottas,1,1,50:55.732
6273,2022,10,ricciardo,1,1,51:03.314
6274,2022,10,gasly,1,1,50:48.950
6275,2022,10,kevin_magnussen,1,1,51:03.613
6276,2022,10,vettel,1,1,51:07.301
6277,2022,10,stroll,1,1,51:09.017
6278,2022,10,mick_schumacher,1,1,51:05.174
6279,2022,10,tsunoda,1,1,50:11.861
6280,2022,10,ocon,1,1,49:10.760
6281,2022,10,perez,5,2,37.302
6282,2022,10,vettel,6,2,29.846
6283,2022,10,max_verstappen,12,2,29.395
6284,2022,10,stroll,15,2,28.632
6285,2022,10,gasly,16,2,29.632
6286,2022,10,tsunoda,18,2,34.759
6287,2022,10,latifi,19,2,28.829
6288,2022,10,mick_schumacher,19,2,29.147
6289,2022,10,sainz,20,2,28.574
6290,2022,10,ricciardo,20,2,30.262
6291,2022,10,ocon,22,2,30.342
6292,2022,10,kevin_magnussen,22,2,29.473
6293,2022,10,max_verstappen,23,3,29.296
6294,2022,11,perez,1,1,23.681
6295,2022,11,bottas,6,1,24.677
6296,2022,11,russell,11,1,38.201
6297,2022,11,albon,11,1,22.301
6298,2022,11,ricciardo,12,1,21.356
6299,2022,11,gasly,12,1,22.724
6300,2022,11,latifi,12,1,21.722
6301,2022,11,max_verstappen,13,1,22.022
6302,2022,11,norris,14,1,22.684
6303,2022,11,kevin_magnussen,15,1,22.205
6304,2022,11,ocon,16,1,21.755
6305,2022,11,mick_schumacher,16,1,22.120
6306,2022,11,vettel,20,1,22.112
6307,2022,11,zhou,24,1,22.704
6308,2022,11,leclerc,26,1,21.532
6309,2022,11,tsunoda,26,1,21.749
6310,2022,11,sainz,27,1,21.212
6311,2022,11,alonso,27,1,21.552
6312,2022,11,hamilton,28,1,23.026
6313,2022,11,stroll,29,1,21.431
6314,2022,11,latifi,35,2,21.206
6315,2022,11,max_verstappen,36,2,21.444
6316,2022,11,bottas,39,2,22.278
6317,2022,11,russell,40,2,21.731
6318,2022,11,gasly,40,2,27.610
6319,2022,11,kevin_magnussen,41,2,22.088
6320,2022,11,albon,41,2,22.122
6321,2022,11,mick_schumacher,43,2,22.880
6322,2022,11,norris,43,2,27.324
6323,2022,11,ocon,44,2,22.109
6324,2022,12,kevin_magnussen,8,1,36.779
6325,2022,12,mick_schumacher,9,1,36.704
6326,2022,12,zhou,9,1,36.444
6327,2022,12,tsunoda,11,1,37.648
6328,2022,12,max_verstappen,16,1,35.266
6329,2022,12,hamilton,18,1,37.189
6330,2022,12,perez,18,1,38.061
6331,2022,12,russell,18,1,38.277
6332,2022,12,alonso,18,1,36.524
6333,2022,12,norris,18,1,37.539
6334,2022,12,ocon,18,1,44.747
6335,2022,12,sainz,18,1,41.458
6336,2022,12,ricciardo,18,1,36.264
6337,2022,12,stroll,18,1,39.844
6338,2022,12,albon,18,1,37.380
6339,2022,12,gasly,18,1,35.969
6340,2022,12,bottas,18,1,37.855
6341,2022,12,kevin_magnussen,18,2,36.403
6342,2022,12,mick_schumacher,18,2,37.003
6343,2022,12,vettel,19,1,36.671
6344,2022,12,latifi,19,1,37.497
6345,2022,12,zhou,22,2,50.790
6346,2022,12,bottas,36,2,36.520
6347,2022,12,latifi,38,2,36.942
6348,2022,12,sainz,42,2,42.292
6349,2022,13,albon,2,1,31.224
6350,2022,13,kevin_magnussen,6,1,29.641
6351,2022,13,tsunoda,13,1,21.577
6352,2022,13,norris,14,1,23.567
6353,2022,13,stroll,14,1,21.779
6354,2022,13,ricciardo,15,1,21.558
6355,2022,13,vettel,15,1,21.402
6356,2022,13,russell,16,1,22.763
6357,2022,13,max_verstappen,16,1,21.351
6358,2022,13,gasly,16,1,21.675
6359,2022,13,sainz,17,1,22.820
6360,2022,13,perez,18,1,21.118
6361,2022,13,latifi,18,1,21.865
6362,2022,13,hamilton,19,1,21.699
6363,2022,13,leclerc,21,1,21.775
6364,2022,13,alonso,21,1,22.083
6365,2022,13,mick_schumacher,21,1,22.953
6366,2022,13,albon,21,2,21.816
6367,2022,13,ocon,23,1,23.581
6368,2022,13,bottas,26,1,22.272
6369,2022,13,zhou,27,1,22.321
6370,2022,13,tsunoda,33,2,22.016
6371,2022,13,kevin_magnussen,35,2,23.210
6372,2022,13,max_verstappen,38,2,21.228
6373,2022,13,leclerc,39,2,21.972
6374,2022,13,russell,39,2,21.743
6375,2022,13,latifi,39,2,22.452
6376,2022,13,albon,40,3,24.298
6377,2022,13,mick_schumacher,41,2,22.566
6378,2022,13,perez,42,2,21.167
6379,2022,14,leclerc,3,1,24.198
6380,2022,14,latifi,3,1,35.825
6381,2022,14,albon,10,1,23.334
6382,2022,14,gasly,10,1,22.857
6383,2022,14,sainz,11,1,22.543
6384,2022,14,alonso,11,1,22.641
6385,2022,14,kevin_magnussen,11,1,26.815
6386,2022,14,ricciardo,12,1,23.085
6387,2022,14,ocon,12,1,23.511
6388,2022,14,russell,13,1,22.825
6389,2022,14,norris,13,1,23.036
6390,2022,14,perez,14,1,22.349
6391,2022,14,vettel,14,1,23.222
6392,2022,14,zhou,14,1,23.744
6393,2022,14,mick_schumacher,14,1,24.158
6394,2022,14,max_verstappen,15,1,22.882
6395,2022,14,stroll,15,1,23.555
6396,2022,14,latifi,15,2,24.168
6397,2022,14,tsunoda,18,1,30.055
6398,2022,14,gasly,22,2,22.542
6399,2022,14,sainz,25,2,22.750
6400,2022,14,leclerc,25,2,23.189
6401,2022,14,alonso,25,2,23.954
6402,2022,14,albon,26,2,24.415
6403,2022,14,stroll,26,2,23.349
6404,2022,14,perez,27,2,22.650
6405,2022,14,kevin_magnussen,27,2,23.396
6406,2022,14,zhou,28,2,23.364
6407,2022,14,russell,29,2,22.977
6408,2022,14,norris,29,2,23.560
6409,2022,15,vettel,9,1,22.391
6410,2022,15,gasly,11,1,18.789
6411,2022,15,ricciardo,11,1,19.546
6412,2022,15,alonso,12,1,19.578
6413,2022,15,zhou,12,1,19.548
6414,2022,15,mick_schumacher,13,1,26.813
6415,2022,15,tsunoda,13,1,18.774
6416,2022,15,latifi,13,1,20.284
6417,2022,15,sainz,14,1,29.705
6418,2022,15,perez,14,1,18.835
6419,2022,15,kevin_magnussen,14,1,20.785
6420,2022,15,stroll,16,1,20.205
6421,2022,15,bottas,16,1,19.741
6422,2022,15,leclerc,17,1,19.080
6423,2022,15,norris,17,1,19.303
6424,2022,15,max_verstappen,18,1,19.634
6425,2022,15,ocon,18,1,19.455
6426,2022,15,albon,21,1,19.325
6427,2022,15,latifi,26,2,20.733
6428,2022,15,ricciardo,27,2,19.567
6429,2022,15,hamilton,29,1,19.046
6430,2022,15,russell,31,1,19.359
6431,2022,15,gasly,32,2,18.700
6432,2022,15,mick_schumacher,33,2,21.814
6433,2022,15,bottas,34,2,21.049
6434,2022,15,kevin_magnussen,34,2,23.710
6435,2022,15,vettel,35,2,19.156
6436,2022,15,zhou,37,2,25.433
6437,2022,15,stroll,38,2,20.214
6438,2022,15,perez,40,2,18.738
6439,2022,16,perez,7,1,23.698
6440,2022,16,leclerc,12,1,23.531
6441,2022,16,latifi,15,1,26.782
6442,2022,16,gasly,18,1,25.376
6443,2022,16,zhou,18,1,25.366
6444,2022,16,stroll,18,1,24.254
6445,2022,16,ricciardo,19,1,25.164
6446,2022,16,de_vries,19,1,24.628
6447,2022,16,ocon,19,1,24.336
6448,2022,16,tsunoda,19,1,24.009
6449,2022,16,russell,23,1,25.075
6450,2022,16,kevin_magnussen,24,1,30.164
6451,2022,16,max_verstappen,25,1,23.791
6452,2022,16,sainz,30,1,23.728
6453,2022,16,leclerc,33,2,23.904
6454,2022,16,hamilton,33,1,24.282
6455,2022,16,mick_schumacher,33,1,24.817
6456,2022,16,norris,35,1,26.714
6457,2022,16,bottas,35,1,24.758
6458,2022,16,perez,42,2,23.299
6459,2022,16,russell,47,2,24.114
6460,2022,16,kevin_magnussen,46,2,24.846
6461,2022,16,sainz,47,2,24.525
6462,2022,16,norris,47,2,24.784
6463,2022,16,max_verstappen,48,2,24.091
6464,2022,16,tsunoda,47,2,23.904
6465,2022,16,leclerc,48,3,23.719
6466,2022,16,latifi,47,2,24.263
6467,2022,17,kevin_magnussen,7,1,39.247
6468,2022,17,russell,21,1,30.378
6469,2022,17,gasly,33,1,29.867
6470,2022,17,tsunoda,33,1,31.293
6471,2022,17,bottas,33,1,32.167
6472,2022,17,kevin_magnussen,33,2,32.603
6473,2022,17,leclerc,34,1,32.058
6474,2022,17,hamilton,34,1,41.019
6475,2022,17,vettel,34,1,29.704
6476,2022,17,mick_schumacher,34,1,31.201
6477,2022,17,perez,35,1,29.550
6478,2022,17,sainz,35,1,30.603
6479,2022,17,max_verstappen,35,1,29.407
6480,2022,17,stroll,35,1,29.863
6481,2022,17,russell,35,2,29.713
6482,2022,17,norris,36,1,30.528
6483,2022,17,ricciardo,36,1,30.946
6484,2022,17,max_verstappen,40,2,29.775
6485,2022,17,mick_schumacher,41,2,34.722
6486,2022,17,russell,41,3,33.211
6487,2022,17,russell,51,4,29.893
6488,2022,18,gasly,1,1,41.319
6489,2022,18,max_verstappen,2,1,6:27.399
6490,2022,18,leclerc,2,1,6:29.973
6491,2022,18,perez,2,1,6:32.517
6492,2022,18,ocon,2,1,6:33.601
6493,2022,18,hamilton,2,1,6:36.504
6494,2022,18,alonso,2,1,6:36.837
6495,2022,18,russell,2,1,6:41.057
6496,2022,18,ricciardo,2,1,6:41.749
6497,2022,18,tsunoda,2,1,6:42.478
6498,2022,18,mick_schumacher,2,1,6:40.857
6499,2022,18,stroll,2,1,6:40.463
6500,2022,18,kevin_magnussen,2,1,6:42.029
6501,2022,18,norris,2,1,6:46.256
6502,2022,18,bottas,2,1,6:47.553
6503,2022,18,latifi,2,1,6:47.673
6504,2022,18,vettel,2,1,6:49.647
6505,2022,18,zhou,2,1,6:50.005
6506,2022,18,gasly,2,2,6:49.011
6507,2022,18,latifi,5,2,24.785
6508,2022,18,vettel,5,2,24.218
6509,2022,18,norris,6,2,24.595
6510,2022,18,bottas,6,2,24.869
6511,2022,18,max_verstappen,7,2,24.308
6512,2022,18,leclerc,7,2,25.899
6513,2022,18,perez,7,2,25.322
6514,2022,18,ocon,7,2,25.172
6515,2022,18,hamilton,7,2,25.059
6516,2022,18,russell,7,2,28.728
6517,2022,18,tsunoda,7,2,24.439
6518,2022,19,latifi,5,1,25.321
6519,2022,19,albon,9,1,24.624
6520,2022,19,zhou,9,1,27.326
6521,2022,19,bottas,10,1,25.013
6522,2022,19,tsunoda,10,1,23.688
6523,2022,19,ricciardo,10,1,26.206
6524,2022,19,gasly,11,1,23.670
6525,2022,19,hamilton,12,1,24.362
6526,2022,19,max_verstappen,13,1,23.866
6527,2022,19,russell,13,1,30.038
6528,2022,19,perez,14,1,23.403
6529,2022,19,norris,14,1,24.026
6530,2022,19,stroll,15,1,25.417
6531,2022,19,leclerc,18,1,24.314
6532,2022,19,vettel,18,1,24.307
6533,2022,19,alonso,18,1,23.870
6534,2022,19,ocon,18,1,24.816
6535,2022,19,mick_schumacher,18,1,25.209
6536,2022,19,kevin_magnussen,18,1,29.039
6537,2022,19,albon,18,2,24.311
6538,2022,19,latifi,18,2,24.195
6539,2022,19,alonso,22,2,39.707
6540,2022,19,zhou,23,2,25.015
6541,2022,19,gasly,32,2,28.918
6542,2022,19,tsunoda,33,2,23.241
6543,2022,19,mick_schumacher,33,2,24.651
6544,2022,19,hamilton,34,2,24.135
6545,2022,19,norris,34,2,23.702
6546,2022,19,max_verstappen,35,2,32.254
6547,2022,19,leclerc,35,2,23.755
6548,2022,20,stroll,17,1,23.509
6549,2022,20,perez,23,1,24.892
6550,2022,20,latifi,23,1,23.826
6551,2022,20,mick_schumacher,24,1,23.679
6552,2022,20,max_verstappen,25,1,22.487
6553,2022,20,leclerc,28,1,22.193
6554,2022,20,hamilton,29,1,23.194
6555,2022,20,sainz,29,1,23.469
6556,2022,20,tsunoda,29,1,22.468
6557,2022,20,norris,31,1,22.585
6558,2022,20,ocon,33,1,22.343
6559,2022,20,russell,34,1,22.795
6560,2022,20,vettel,38,1,22.534
6561,2022,20,albon,38,1,23.182
6562,2022,20,kevin_magnussen,38,1,23.722
6563,2022,20,bottas,39,1,23.863
6564,2022,20,alonso,40,1,23.159
6565,2022,20,gasly,40,1,29.168
6566,2022,20,stroll,40,2,23.119
6567,2022,20,ricciardo,44,1,22.280
6568,2022,20,zhou,45,1,24.218
6569,2022,20,latifi,52,2,24.039
6570,2022,20,russell,69,2,23.118
6571,2022,21,albon,4,1,24.361
6572,2022,21,max_verstappen,7,1,30.942
6573,2022,21,leclerc,7,1,30.080
6574,2022,21,alonso,14,1,23.478
6575,2022,21,zhou,16,1,24.332
6576,2022,21,sainz,17,1,25.206
6577,2022,21,gasly,19,1,23.460
6578,2022,21,tsunoda,20,1,23.287
6579,2022,21,latifi,20,1,28.807
6580,2022,21,leclerc,21,2,23.172
6581,2022,21,perez,23,1,22.869
6582,2022,21,max_verstappen,23,2,31.682
6583,2022,21,russell,24,1,23.521
6584,2022,21,norris,24,1,29.338
6585,2022,21,bottas,24,1,23.908
6586,2022,21,ocon,24,1,23.868
6587,2022,21,mick_schumacher,24,1,24.487
6588,2022,21,albon,25,2,23.352
6589,2022,21,vettel,26,1,24.248
6590,2022,21,hamilton,29,1,24.081
6591,2022,21,stroll,29,1,23.469
6592,2022,21,latifi,32,2,24.292
6593,2022,21,alonso,35,2,28.855
6594,2022,21,gasly,35,2,23.328
6595,2022,21,sainz,36,2,23.483
6596,2022,21,zhou,37,2,25.111
6597,2022,21,tsunoda,40,2,23.645
6598,2022,21,leclerc,44,3,23.124
6599,2022,21,bottas,45,2,24.616
6600,2022,21,vettel,45,2,24.028
6601,2022,22,albon,12,1,21.793
6602,2022,22,stroll,13,1,21.814
6603,2022,22,ocon,14,1,21.895
6604,2022,22,tsunoda,14,1,21.591
6605,2022,22,mick_schumacher,14,1,22.276
6606,2022,22,gasly,14,1,21.855
6607,2022,22,perez,15,1,21.360
6608,2022,22,russell,15,1,24.243
6609,2022,22,norris,15,1,22.234
6610,2022,22,zhou,15,1,22.435
6611,2022,22,latifi,15,1,22.423
6612,2022,22,sainz,17,1,21.930
6613,2022,22,hamilton,18,1,21.270
6614,2022,22,alonso,19,1,21.740
6615,2022,22,ricciardo,19,1,21.893
6616,2022,22,max_verstappen,20,1,22.735
6617,2022,22,leclerc,21,1,22.210
6618,2022,22,vettel,25,1,23.186
6619,2022,22,kevin_magnussen,28,1,22.387
6620,2022,22,bottas,30,1,22.573
6621,2022,22,perez,33,2,21.367
6622,2022,22,mick_schumacher,34,2,23.530
6623,2022,22,albon,35,2,21.798
6624,2022,22,tsunoda,38,2,22.262
6625,2022,22,sainz,39,2,21.575
6626,2022,22,russell,39,2,27.931
6627,2022,22,latifi,38,2,25.174
6628,2022,22,stroll,40,2,21.802
6629,2022,22,ocon,41,2,21.734
6630,2022,22,norris,42,2,21.559
6631,2023,1,gasly,9,1,25.885
6632,2023,1,norris,10,1,32.766
6633,2023,1,tsunoda,10,1,25.267
6634,2023,1,bottas,11,1,25.399
6635,2023,1,albon,11,1,25.054
6636,2023,1,de_vries,11,1,25.018
6637,2023,1,hulkenberg,11,1,26.075
6638,2023,1,hamilton,12,1,24.682
6639,2023,1,ocon,12,1,24.966
6640,2023,1,sargeant,12,1,25.600
6641,2023,1,zhou,12,1,25.787
6642,2023,1,leclerc,13,1,24.345
6643,2023,1,sainz,13,1,24.500
6644,2023,1,russell,13,1,27.062
6645,2023,1,max_verstappen,14,1,24.289
6646,2023,1,alonso,14,1,25.800
6647,2023,1,stroll,15,1,25.449
6648,2023,1,kevin_magnussen,15,1,25.439
6649,2023,1,ocon,15,2,41.462
6650,2023,1,perez,17,1,24.264
6651,2023,1,norris,17,2,33.661
6652,2023,1,gasly,25,2,24.879
6653,2023,1,albon,26,2,24.920
6654,2023,1,tsunoda,26,2,24.372
6655,2023,1,hulkenberg,26,2,37.769
6656,2023,1,de_vries,27,2,25.234
6657,2023,1,norris,27,3,33.467
6658,2023,1,bottas,29,2,25.643
6659,2023,1,kevin_magnussen,29,2,25.344
6660,2023,1,hamilton,30,2,24.690
6661,2023,2,piastri,1,1,31.534
6662,2023,2,norris,2,1,29.444
6663,2023,2,kevin_magnussen,8,1,20.870
6664,2023,2,bottas,9,1,21.505
6665,2023,2,zhou,11,1,21.703
6666,2023,2,hulkenberg,11,1,21.567
6667,2023,2,stroll,13,1,21.150
6668,2023,2,gasly,14,1,20.719
6669,2023,2,sainz,15,1,20.760
6670,2023,2,leclerc,16,1,20.026
6671,2023,2,ocon,16,1,20.762
6672,2023,2,tsunoda,17,1,21.414
6673,2023,2,albon,17,1,21.397
6674,2023,2,de_vries,17,1,21.116
6675,2023,2,bottas,17,2,22.191
6676,2023,2,perez,18,1,20.715
6677,2023,2,alonso,18,1,26.879
6678,2023,2,russell,18,1,20.828
6679,2023,2,max_verstappen,18,1,20.824
6680,2023,2,hamilton,18,1,21.102
6681,2023,2,sargeant,18,1,21.064
6682,2023,2,zhou,18,2,21.282
6683,2023,2,norris,19,2,21.352
6684,2023,2,bottas,35,3,21.808
6685,2023,3,ocon,1,1,18.056
6686,2023,3,zhou,1,1,18.951
6687,2023,3,sargeant,1,1,18.382
6688,2023,3,perez,1,1,17.657
6689,2023,3,bottas,1,1,21.659
6690,2023,3,sargeant,2,2,19.158
6691,2023,3,perez,2,2,17.814
6692,2023,3,russell,7,1,19.146
6693,2023,3,sainz,7,1,18.319
6694,2023,3,kevin_magnussen,7,1,20.789
6695,2023,3,hamilton,8,1,15:25.181
6696,2023,3,max_verstappen,8,1,15:25.112
6697,2023,3,alonso,8,1,15:26.940
6698,2023,3,stroll,8,1,15:27.222
6699,2023,3,gasly,8,1,15:26.996
6700,2023,3,hulkenberg,8,1,15:26.326
6701,2023,3,russell,8,2,15:30.824
6702,2023,3,tsunoda,8,1,15:31.820
6703,2023,3,norris,8,1,15:34.763
6704,2023,3,piastri,8,1,15:34.541
6705,2023,3,sainz,8,2,15:37.024
6706,2023,3,de_vries,8,1,15:37.874
6707,2023,3,ocon,8,2,15:37.929
6708,2023,3,perez,8,3,15:37.512
6709,2023,3,zhou,8,2,15:37.849
6710,2023,3,bottas,8,2,15:37.594
6711,2023,3,sargeant,8,3,15:38.017
6712,2023,3,kevin_magnussen,8,2,15:40.228
6713,2023,3,sargeant,36,4,19.018
6714,2023,3,de_vries,45,2,18.080
6715,2023,4,gasly,5,1,20.235
6716,2023,4,bottas,6,1,20.967
6717,2023,4,albon,7,1,21.103
6718,2023,4,tsunoda,8,1,20.497
6719,2023,4,piastri,8,1,20.902
6720,2023,4,sargeant,8,1,21.015
6721,2023,4,hamilton,9,1,20.324
6722,2023,4,norris,9,1,20.346
6723,2023,4,max_verstappen,10,1,20.707
6724,2023,4,kevin_magnussen,10,1,30.951
6725,2023,4,perez,11,1,20.389
6726,2023,4,leclerc,11,1,21.126
6727,2023,4,sainz,11,1,21.970
6728,2023,4,alonso,11,1,23.148
6729,2023,4,stroll,11,1,23.161
6730,2023,4,russell,11,1,20.459
6731,2023,4,zhou,11,1,22.247
6732,2023,4,bottas,12,2,22.354
6733,2023,4,gasly,23,2,21.169
6734,2023,4,bottas,34,3,21.012
6735,2023,4,russell,49,2,21.389
6736,2023,4,hulkenberg,49,1,24.748
6737,2023,4,ocon,50,1,20.367
6738,2023,5,sargeant,2,1,48.938
6739,2023,5,norris,4,1,24.090
6740,2023,5,piastri,5,1,22.205
6741,2023,5,kevin_magnussen,14,1,22.616
6742,2023,5,gasly,15,1,22.417
6743,2023,5,bottas,15,1,23.158
6744,2023,5,de_vries,15,1,23.487
6745,2023,5,russell,17,1,22.335
6746,2023,5,leclerc,17,1,22.068
6747,2023,5,sainz,18,1,22.278
6748,2023,5,perez,20,1,21.884
6749,2023,5,albon,22,1,22.482
6750,2023,5,alonso,24,1,22.631
6751,2023,5,zhou,31,1,22.796
6752,2023,5,hulkenberg,33,1,23.120
6753,2023,5,tsunoda,36,1,22.390
6754,2023,5,hamilton,37,1,22.150
6755,2023,5,ocon,39,1,21.942
6756,2023,5,stroll,42,1,22.651
6757,2023,5,max_verstappen,45,1,22.688
6758,2023,6,hulkenberg,1,1,32.494
6759,2023,6,zhou,1,1,26.141
6760,2023,6,perez,1,1,24.887
6761,2023,6,albon,18,1,24.290
6762,2023,6,sargeant,20,1,24.376
6763,2023,6,sargeant,23,2,27.774
6764,2023,6,hamilton,31,1,24.594
6765,2023,6,ocon,32,1,25.833
6766,2023,6,sainz,33,1,24.252
6767,2023,6,perez,34,2,32.749
6768,2023,6,leclerc,44,1,24.192
6769,2023,6,gasly,47,1,23.902
6770,2023,6,norris,50,1,24.663
6771,2023,6,bottas,51,1,30.395
6772,2023,6,stroll,51,1,24.656
6773,2023,6,zhou,52,2,25.260
6774,2023,6,albon,52,2,26.990
6775,2023,6,tsunoda,53,1,33.706
6776,2023,6,sargeant,52,3,25.946
6777,2023,6,alonso,54,1,24.414
6778,2023,6,de_vries,53,1,24.539
6779,2023,6,russell,54,1,30.980
6780,2023,6,ocon,54,2,24.707
6781,2023,6,hamilton,54,2,26.685
6782,2023,6,gasly,54,2,29.949
6783,2023,6,perez,53,3,24.217
6784,2023,6,max_verstappen,55,1,24.798
6785,2023,6,piastri,54,1,25.851
6786,2023,6,norris,54,2,33.428
6787,2023,6,alonso,55,2,25.916
6788,2023,7,norris,1,1,37.736
6789,2023,7,bottas,5,1,23.691
6790,2023,7,hulkenberg,8,1,22.298
6791,2023,7,zhou,9,1,23.430
6792,2023,7,de_vries,9,1,22.522
6793,2023,7,tsunoda,10,1,22.176
6794,2023,7,kevin_magnussen,10,1,22.124
6795,2023,7,ocon,13,1,22.112
6796,2023,7,stroll,14,1,22.355
6797,2023,7,sainz,15,1,22.321
6798,2023,7,leclerc,16,1,21.778
6799,2023,7,albon,16,1,23.319
6800,2023,7,piastri,17,1,22.370
6801,2023,7,sargeant,17,1,22.583
6802,2023,7,alonso,19,1,22.558
6803,2023,7,gasly,19,1,23.388
6804,2023,7,norris,22,2,22.850
6805,2023,7,hamilton,24,1,22.575
6806,2023,7,kevin_magnussen,24,2,24.800
6807,2023,7,russell,25,1,22.275
6808,2023,7,max_verstappen,26,1,22.241
6809,2023,7,hulkenberg,26,2,23.257
6810,2023,7,perez,27,1,21.775
6811,2023,7,stroll,34,2,23.371
6812,2023,7,tsunoda,34,2,22.009
6813,2023,7,ocon,35,2,24.110
6814,2023,7,zhou,36,2,22.889
6815,2023,7,sargeant,36,2,23.827
6816,2023,7,albon,37,2,23.449
6817,2023,7,de_vries,38,2,21.976
6818,2023,8,tsunoda,1,1,23.646
6819,2023,8,gasly,10,1,27.515
6820,2023,8,hulkenberg,11,1,24.880
6821,2023,8,stroll,11,1,23.711
6822,2023,8,de_vries,11,1,24.960
6823,2023,8,max_verstappen,12,1,23.644
6824,2023,8,hamilton,12,1,24.339
6825,2023,8,alonso,12,1,24.031
6826,2023,8,ocon,12,1,24.402
6827,2023,8,piastri,12,1,24.828
6828,2023,8,norris,12,1,25.862
6829,2023,8,albon,12,1,25.064
6830,2023,8,zhou,12,1,24.161
6831,2023,8,russell,12,1,1:28.943
6832,2023,8,stroll,27,2,23.839
6833,2023,8,hulkenberg,31,2,24.200
6834,2023,8,zhou,32,2,27.509
6835,2023,8,gasly,33,2,24.117
6836,2023,8,tsunoda,34,2,27.523
6837,2023,8,norris,35,2,23.570
6838,2023,8,kevin_magnussen,35,1,24.909
6839,2023,8,ocon,36,2,23.698
6840,2023,8,bottas,36,1,24.038
6841,2023,8,perez,37,1,23.281
6842,2023,8,piastri,37,2,23.436
6843,2023,8,sainz,38,1,24.133
6844,2023,8,leclerc,39,1,24.343
6845,2023,8,hamilton,40,2,23.749
6846,2023,8,alonso,41,2,23.928
6847,2023,8,max_verstappen,42,2,23.910
6848,2023,9,kevin_magnussen,1,1,26.587
6849,2023,9,tsunoda,1,1,29.691
6850,2023,9,max_verstappen,2,1,16.369
6851,2023,9,leclerc,2,1,16.393
6852,2023,9,sainz,2,1,16.380
6853,2023,9,hamilton,2,1,16.415
6854,2023,9,norris,2,1,18.076
6855,2023,9,alonso,2,1,16.600
6856,2023,9,hulkenberg,2,1,16.778
6857,2023,9,stroll,2,1,16.646
6858,2023,9,gasly,2,1,16.380
6859,2023,9,albon,2,1,16.737
6860,2023,9,russell,2,1,17.946
6861,2023,9,ocon,2,1,18.143
6862,2023,9,perez,2,1,17.428
6863,2023,9,zhou,2,1,17.467
6864,2023,9,piastri,2,1,17.324
6865,2023,9,sargeant,2,1,17.337
6866,2023,9,bottas,2,1,17.130
6867,2023,9,de_vries,2,1,17.033
6868,2023,9,kevin_magnussen,2,2,25.654
6869,2023,9,tsunoda,2,2,16.246
6870,2023,9,zhou,8,2,24.374
6871,2023,9,hulkenberg,11,2,21.891
6872,2023,9,de_vries,12,2,21.333
6873,2023,9,hamilton,14,2,21.993
6874,2023,9,norris,14,2,21.290
6875,2023,9,gasly,14,2,21.814
6876,2023,9,albon,14,2,21.562
6877,2023,9,russell,14,2,22.262
6878,2023,10,hulkenberg,7,1,41.972
6879,2023,10,tsunoda,14,1,28.353
6880,2023,10,leclerc,18,1,28.244
6881,2023,10,zhou,24,1,29.177
6882,2023,10,sainz,26,1,28.869
6883,2023,10,de_vries,27,1,28.242
6884,2023,10,russell,28,1,29.455
6885,2023,10,perez,28,1,28.060
6886,2023,10,piastri,29,1,28.655
6887,2023,10,sargeant,29,1,28.847
6888,2023,10,gasly,31,1,28.458
6889,2023,10,stroll,31,1,28.561
6890,2023,10,albon,32,1,29.634
6891,2023,10,leclerc,32,2,28.805
6892,2023,10,bottas,32,1,29.662
6893,2023,10,tsunoda,32,2,28.603
6894,2023,10,de_vries,32,2,28.413
6895,2023,10,hulkenberg,32,2,30.003
6896,2023,10,max_verstappen,33,1,29.056
6897,2023,10,norris,33,1,28.438
6898,2023,10,hamilton,33,1,29.169
6899,2023,10,alonso,33,1,28.679
6900,2023,10,zhou,33,2,28.709
6901,2023,10,zhou,36,3,34.374
6902,2023,11,albon,8,1,22.076
6903,2023,11,stroll,9,1,21.910
6904,2023,11,tsunoda,9,1,26.170
6905,2023,11,bottas,9,1,22.114
6906,2023,11,zhou,10,1,29.211
6907,2023,11,sargeant,13,1,24.001
6908,2023,11,kevin_magnussen,14,1,22.753
6909,2023,11,sainz,15,1,21.402
6910,2023,11,hamilton,16,1,21.974
6911,2023,11,hulkenberg,16,1,22.922
6912,2023,11,norris,17,1,21.541
6913,2023,11,leclerc,17,1,28.404
6914,2023,11,piastri,18,1,21.171
6915,2023,11,ricciardo,18,1,21.958
6916,2023,11,alonso,20,1,22.916
6917,2023,11,max_verstappen,23,1,21.407
6918,2023,11,perez,24,1,21.862
6919,2023,11,russell,28,1,21.886
6920,2023,11,ricciardo,29,2,22.203
6921,2023,11,albon,31,2,21.762
6922,2023,11,stroll,34,2,22.403
6923,2023,11,sargeant,34,2,22.197
6924,2023,11,hulkenberg,38,2,21.955
6925,2023,11,zhou,38,2,22.853
6926,2023,11,bottas,40,2,23.242
6927,2023,11,kevin_magnussen,41,2,22.152
6928,2023,11,piastri,42,2,22.030
6929,2023,11,perez,42,2,20.880
6930,2023,11,leclerc,43,2,21.452
6931,2023,11,alonso,43,2,24.152
6932,2023,12,norris,5,1,25.012
6933,2023,12,kevin_magnussen,5,1,23.638
6934,2023,12,ricciardo,5,1,22.843
6935,2023,12,ocon,6,1,23.085
6936,2023,12,bottas,6,1,23.362
6937,2023,12,albon,7,1,25.015
6938,2023,12,sainz,7,1,23.303
6939,2023,12,zhou,7,1,24.449
6940,2023,12,sargeant,8,1,23.570
6941,2023,12,tsunoda,9,1,22.610
6942,2023,12,alonso,10,1,23.085
6943,2023,12,hamilton,12,1,23.090
6944,2023,12,hulkenberg,12,1,24.571
6945,2023,12,perez,13,1,23.684
6946,2023,12,leclerc,13,1,23.224
6947,2023,12,max_verstappen,14,1,22.887
6948,2023,12,norris,17,2,23.744
6949,2023,12,stroll,20,1,25.397
6950,2023,12,russell,22,1,23.837
6951,2023,12,ricciardo,22,2,23.290
6952,2023,12,gasly,23,1,25.664
6953,2023,12,albon,23,2,23.596
6954,2023,12,tsunoda,24,2,22.737
6955,2023,12,bottas,24,2,23.786
6956,2023,12,hulkenberg,24,2,25.238
6957,2023,12,sargeant,24,2,23.938
6958,2023,12,ocon,25,2,23.339
6959,2023,12,kevin_magnussen,25,2,23.572
6960,2023,12,zhou,25,2,24.045
6961,2023,12,hamilton,27,2,23.023
6962,2023,13,perez,1,1,22.666
6963,2023,13,leclerc,1,1,32.686
6964,2023,13,gasly,1,1,28.469
6965,2023,13,zhou,1,1,23.088
6966,2023,13,tsunoda,1,1,32.321
6967,2023,13,lawson,1,1,42.641
6968,2023,13,kevin_magnussen,1,1,31.341
6969,2023,13,max_verstappen,2,1,20.379
6970,2023,13,alonso,2,1,20.647
6971,2023,13,sainz,2,1,20.973
6972,2023,13,ocon,2,1,22.534
6973,2023,13,norris,3,1,20.170
6974,2023,13,hamilton,3,1,20.266
6975,2023,13,russell,4,1,21.201
6976,2023,13,stroll,4,1,20.036
6977,2023,13,kevin_magnussen,9,2,20.137
6978,2023,13,hamilton,9,2,19.970
6979,2023,13,stroll,9,2,20.208
6980,2023,13,zhou,10,2,20.231
6981,2023,13,alonso,10,2,20.109
6982,2023,13,sainz,10,2,19.511
6983,2023,13,tsunoda,10,2,18.904
6984,2023,13,ocon,10,2,19.795
6985,2023,13,norris,10,2,20.395
6986,2023,13,lawson,10,2,30.836
6987,2023,13,russell,10,2,20.148
6988,2023,13,max_verstappen,11,2,19.289
6989,2023,13,gasly,11,2,19.518
6990,2023,13,leclerc,11,2,27.202
6991,2023,13,perez,12,2,19.460
6992,2023,14,gasly,10,1,27.376
6993,2023,14,zhou,11,1,24.396
6994,2023,14,kevin_magnussen,12,1,24.660
6995,2023,14,lawson,13,1,24.212
6996,2023,14,hulkenberg,14,1,26.095
6997,2023,14,sargeant,14,1,24.779
6998,2023,14,albon,15,1,24.538
6999,2023,14,sainz,19,1,25.183
7000,2023,14,russell,19,1,24.215
7001,2023,14,max_verstappen,20,1,24.228
7002,2023,14,leclerc,20,1,23.931
7003,2023,14,stroll,20,1,25.667
7004,2023,14,perez,21,1,23.819
7005,2023,14,alonso,21,1,24.798
7006,2023,14,norris,22,1,23.727
7007,2023,14,piastri,23,1,24.133
7008,2023,14,ocon,24,1,24.249
7009,2023,14,bottas,25,1,24.658
7010,2023,14,hamilton,27,1,24.255
7011,2023,14,gasly,31,2,24.686
7012,2023,14,lawson,33,2,24.281
7013,2023,14,zhou,33,2,25.959
7014,2023,14,kevin_magnussen,33,2,24.765
7015,2023,14,hulkenberg,39,2,24.328
7016,2023,14,piastri,41,2,31.799
7017,2023,15,zhou,2,1,30.032
7018,2023,15,sargeant,19,1,1:03.543
7019,2023,15,sainz,20,1,29.499
7020,2023,15,leclerc,20,1,32.888
7021,2023,15,russell,20,1,29.976
7022,2023,15,norris,20,1,29.485
7023,2023,15,hamilton,20,1,32.631
7024,2023,15,alonso,20,1,30.670
7025,2023,15,ocon,20,1,29.755
7026,2023,15,kevin_magnussen,20,1,31.475
7027,2023,15,hulkenberg,20,1,35.497
7028,2023,15,gasly,20,1,31.802
7029,2023,15,lawson,20,1,32.348
7030,2023,15,piastri,20,1,29.369
7031,2023,15,albon,20,1,30.138
7032,2023,15,zhou,20,2,30.637
7033,2023,15,perez,39,1,28.977
7034,2023,15,max_verstappen,40,1,29.698
7035,2023,15,bottas,40,1,30.487
7036,2023,15,albon,43,2,29.787
7037,2023,15,kevin_magnussen,43,2,33.078
7038,2023,15,sargeant,43,2,31.018
7039,2023,15,russell,44,2,30.039
7040,2023,15,hamilton,44,2,33.581
7041,2023,15,alonso,44,2,52.708
7042,2023,16,albon,1,1,50.143
7043,2023,16,zhou,1,1,41.041
7044,2023,16,ocon,1,1,27.056
7045,2023,16,bottas,1,1,55.802
7046,2023,16,perez,2,1,32.450
7047,2023,16,sargeant,2,1,32.715
7048,2023,16,sargeant,5,2,43.868
7049,2023,16,bottas,6,2,53.512
7050,2023,16,hulkenberg,8,1,23.520
7051,2023,16,tsunoda,9,1,22.944
7052,2023,16,lawson,10,1,23.136
7053,2023,16,zhou,10,2,24.091
7054,2023,16,alonso,11,1,24.086
7055,2023,16,perez,12,2,41.499
7056,2023,16,kevin_magnussen,12,1,23.816
7057,2023,16,piastri,13,1,24.455
7058,2023,16,albon,13,2,52.165
7059,2023,16,stroll,14,1,23.441
7060,2023,16,perez,13,3,41:25.913
7061,2023,16,max_verstappen,16,1,24.382
7062,2023,16,hamilton,16,1,24.841
7063,2023,16,norris,17,1,23.523
7064,2023,16,leclerc,17,1,23.197
7065,2023,16,sainz,18,1,23.075
7066,2023,16,gasly,18,1,24.488
7067,2023,16,hulkenberg,21,2,23.660
7068,2023,16,sargeant,21,3,35.182
7069,2023,16,russell,24,1,24.034
7070,2023,16,alonso,25,2,24.294
7071,2023,16,lawson,25,2,23.671
7072,2023,17,russell,1,1,39.686
7073,2023,17,bottas,3,1,29.977
7074,2023,17,kevin_magnussen,3,1,28.743
7075,2023,17,stroll,3,1,28.886
7076,2023,17,lawson,3,1,29.330
7077,2023,17,tsunoda,9,1,27.781
7078,2023,17,ocon,10,1,28.961
7079,2023,17,alonso,11,1,28.373
7080,2023,17,gasly,11,1,28.429
7081,2023,17,piastri,12,1,28.875
7082,2023,17,leclerc,12,1,28.228
7083,2023,17,norris,13,1,28.134
7084,2023,17,hulkenberg,13,1,39.879
7085,2023,17,sargeant,13,1,29.436
7086,2023,17,russell,14,2,28.542
7087,2023,17,max_verstappen,17,1,28.233
7088,2023,17,perez,17,1,27.808
7089,2023,17,albon,18,1,29.253
7090,2023,17,zhou,18,1,28.984
7091,2023,17,bottas,21,2,29.387
7092,2023,17,stroll,21,2,28.156
7093,2023,17,kevin_magnussen,21,2,28.948
7094,2023,17,lawson,21,2,28.665
7095,2023,17,tsunoda,22,2,27.596
7096,2023,17,piastri,25,2,27.868
7097,2023,17,leclerc,25,2,27.873
7098,2023,17,ocon,25,2,28.969
7099,2023,17,alonso,26,2,28.432
7100,2023,17,gasly,26,2,30.192
7101,2023,17,sargeant,26,2,29.373
7102,2023,18,zhou,9,1,25.636
7103,2023,18,albon,10,1,24.563
7104,2023,18,bottas,10,1,24.783
7105,2023,18,kevin_magnussen,10,1,25.067
7106,2023,18,sargeant,11,1,24.990
7107,2023,18,max_verstappen,16,1,23.756
7108,2023,18,norris,17,1,24.155
7109,2023,18,sainz,17,1,23.668
7110,2023,18,perez,17,1,24.245
7111,2023,18,tsunoda,17,1,24.354
7112,2023,18,gasly,18,1,23.900
7113,2023,18,alonso,19,1,25.055
7114,2023,18,hulkenberg,19,1,26.573
7115,2023,18,hamilton,20,1,24.916
7116,2023,18,stroll,20,1,24.457
7117,2023,18,russell,21,1,24.357
7118,2023,18,ricciardo,22,1,24.364
7119,2023,18,leclerc,23,1,23.963
7120,2023,18,zhou,27,2,24.717
7121,2023,18,bottas,28,2,25.020
7122,2023,18,albon,29,2,24.354
7123,2023,18,kevin_magnussen,29,2,24.745
7124,2023,18,sargeant,32,2,25.547
7125,2023,18,norris,34,2,23.361
7126,2023,18,tsunoda,34,2,24.125
7127,2023,18,hulkenberg,34,2,24.308
7128,2023,18,max_verstappen,35,2,24.974
7129,2023,18,sainz,35,2,23.673
7130,2023,18,perez,37,2,23.747
7131,2023,18,gasly,37,2,24.880
7132,2023,19,tsunoda,9,1,30.121
7133,2023,19,norris,11,1,23.408
7134,2023,19,max_verstappen,19,1,22.427
7135,2023,19,zhou,21,1,22.817
7136,2023,19,sargeant,22,1,23.945
7137,2023,19,hulkenberg,23,1,23.144
7138,2023,19,kevin_magnussen,23,1,23.642
7139,2023,19,hamilton,24,1,22.210
7140,2023,19,piastri,25,1,23.734
7141,2023,19,russell,26,1,22.311
7142,2023,19,ricciardo,27,1,22.406
7143,2023,19,gasly,28,1,22.627
7144,2023,19,alonso,29,1,22.844
7145,2023,19,sainz,30,1,22.067
7146,2023,19,stroll,30,1,22.582
7147,2023,19,leclerc,31,1,22.248
7148,2023,19,bottas,31,1,23.638
7149,2023,19,max_verstappen,33,2,22.372
7150,2023,19,norris,33,2,22.563
7151,2023,19,albon,33,1,23.680
7152,2023,19,max_verstappen,34,3,20:09.136
7153,2023,19,leclerc,34,2,20:10.512
7154,2023,19,hamilton,34,2,20:12.908
7155,2023,19,sainz,34,2,20:15.432
7156,2023,19,ricciardo,34,2,20:17.136
7157,2023,19,piastri,34,2,20:19.064
7158,2023,19,russell,34,2,20:18.200
7159,2023,19,tsunoda,34,2,20:18.057
7160,2023,19,hulkenberg,34,2,20:19.826
7161,2023,19,norris,34,3,20:26.386
7162,2023,20,max_verstappen,1,1,18.535
7163,2023,20,norris,1,1,19.386
7164,2023,20,hamilton,1,1,18.521
7165,2023,20,alonso,1,1,18.487
7166,2023,20,stroll,1,1,18.504
7167,2023,20,russell,1,1,20.449
7168,2023,20,perez,1,1,20.811
7169,2023,20,sainz,1,1,23.030
7170,2023,20,ocon,1,1,22.209
7171,2023,20,piastri,1,1,26:24.007
7172,2023,20,tsunoda,1,1,20.969
7173,2023,20,gasly,1,1,20.523
7174,2023,20,bottas,1,1,20.732
7175,2023,20,zhou,1,1,21.256
7176,2023,20,sargeant,1,1,27.472
7177,2023,20,ricciardo,1,1,26:16.725
7178,2023,20,hulkenberg,1,1,34.261
7179,2023,20,max_verstappen,2,2,23:22.632
7180,2023,20,norris,2,2,23:24.611
7181,2023,20,hamilton,2,2,23:26.375
7182,2023,20,alonso,2,2,23:28.154
7183,2023,20,stroll,2,2,23:29.984
7184,2023,20,russell,2,2,23:30.984
7185,2023,20,perez,2,2,23:31.712
7186,2023,20,sainz,2,2,23:33.704
7187,2023,20,ocon,2,2,23:34.725
7188,2023,20,tsunoda,2,2,23:35.420
7189,2023,20,gasly,2,2,23:36.706
7190,2023,20,bottas,2,2,23:38.156
7191,2023,20,zhou,2,2,23:39.945
7192,2023,21,perez,1,1,33.599
7193,2023,21,alonso,1,1,29.304
7194,2023,21,bottas,1,1,43.914
7195,2023,21,stroll,3,1,22.222
7196,2023,21,sainz,3,1,21.261
7197,2023,21,tsunoda,10,1,20.619
7198,2023,21,hulkenberg,12,1,22.154
7199,2023,21,kevin_magnussen,14,1,21.611
7200,2023,21,russell,15,1,21.257
7201,2023,21,sargeant,15,1,21.367
7202,2023,21,max_verstappen,16,1,26.686
7203,2023,21,albon,16,1,21.242
7204,2023,21,piastri,16,1,23.269
7205,2023,21,gasly,17,1,22.262
7206,2023,21,hamilton,17,1,25.047
7207,2023,21,ricciardo,17,1,22.242
7208,2023,21,ocon,20,1,21.763
7209,2023,21,leclerc,21,1,22.559
7210,2023,21,tsunoda,21,2,20.894
7211,2023,21,bottas,24,2,21.575
7212,2023,21,perez,26,2,21.568
7213,2023,21,stroll,26,2,22.570
7214,2023,21,max_verstappen,26,2,21.323
7215,2023,21,russell,26,2,21.952
7216,2023,21,sainz,26,2,22.630
7217,2023,21,alonso,26,2,23.214
7218,2023,21,zhou,26,1,22.155
7219,2023,21,kevin_magnussen,26,2,21.868
7220,2023,21,hulkenberg,26,2,25.453
7221,2023,21,hamilton,26,2,22.508
7222,2023,22,kevin_magnussen,5,1,22.764
7223,2023,22,ricciardo,7,1,21.692
7224,2023,22,alonso,12,1,22.462
7225,2023,22,piastri,13,1,21.697
7226,2023,22,hulkenberg,13,1,21.861
7227,2023,22,zhou,13,1,22.867
7228,2023,22,norris,14,1,24.061
7229,2023,22,russell,14,1,21.650
7230,2023,22,hamilton,15,1,22.195
7231,2023,22,ocon,15,1,22.160
7232,2023,22,sargeant,15,1,22.124
7233,2023,22,max_verstappen,16,1,21.662
7234,2023,22,albon,16,1,22.170
7235,2023,22,leclerc,17,1,21.919
7236,2023,22,perez,17,1,21.446
7237,2023,22,gasly,17,1,23.091
7238,2023,22,tsunoda,22,1,21.486
7239,2023,22,stroll,22,1,21.866
7240,2023,22,kevin_magnussen,22,2,22.163
7241,2023,22,sainz,23,1,21.229
7242,2023,22,bottas,29,1,22.665
7243,2023,22,ricciardo,31,2,21.740
7244,2023,22,gasly,32,2,23.478
7245,2023,22,norris,33,2,21.432
7246,2023,22,hulkenberg,33,2,22.081
7247,2023,22,russell,34,2,22.084
7248,2023,22,leclerc,35,2,21.246
7249,2023,22,hamilton,35,2,22.045
7250,2023,22,piastri,36,2,21.156
7251,2023,22,alonso,36,2,21.841
7252,2024,1,hulkenberg,1,1,36.604
7253,2024,1,zhou,9,1,25.208
7254,2024,1,stroll,9,1,24.418
7255,2024,1,ocon,10,1,24.877
7256,2024,1,sargeant,10,1,35.729
7257,2024,1,russell,11,1,24.778
7258,2024,1,leclerc,11,1,24.069
7259,2024,1,kevin_magnussen,11,1,25.951
7260,2024,1,perez,12,1,24.516
7261,2024,1,piastri,12,1,25.450
7262,2024,1,hamilton,12,1,25.087
7263,2024,1,gasly,12,1,29.980
7264,2024,1,bottas,12,1,26.420
7265,2024,1,norris,13,1,24.205
7266,2024,1,ricciardo,13,1,24.988
7267,2024,1,sainz,14,1,24.474
7268,2024,1,tsunoda,14,1,24.724
7269,2024,1,alonso,15,1,24.786
7270,2024,1,albon,15,1,24.681
7271,2024,1,max_verstappen,17,1,25.064
7272,2024,1,hulkenberg,20,2,24.768
7273,2024,1,stroll,27,2,24.545
7274,2024,1,zhou,28,2,25.094
7275,2024,1,sargeant,28,2,25.070
7276,2024,1,ocon,30,2,25.145
7277,2024,1,bottas,30,2,1:14.773
7278,2024,1,russell,31,2,24.866
7279,2024,1,gasly,31,2,26.462
7280,2024,1,kevin_magnussen,32,2,24.446
7281,2024,1,norris,33,2,24.705
7282,2024,2,max_verstappen,7,1,20.607
7283,2024,2,perez,7,1,22.196
7284,2024,2,leclerc,7,1,23.419
7285,2024,2,piastri,7,1,21.427
7286,2024,2,alonso,7,1,22.129
7287,2024,2,russell,7,1,21.013
7288,2024,2,bearman,7,1,22.457
7289,2024,2,tsunoda,7,1,21.694
7290,2024,2,albon,7,1,21.723
7291,2024,2,kevin_magnussen,7,1,21.460
7292,2024,2,ricciardo,7,1,1:03.364
7293,2024,2,ocon,7,1,22.502
7294,2024,2,bottas,7,1,22.795
7295,2024,2,sargeant,7,1,23.645
7296,2024,2,hulkenberg,33,1,21.035
7297,2024,2,bottas,35,2,23.281
7298,2024,2,hamilton,36,1,20.170
7299,2024,2,norris,37,1,22.211
7300,2024,2,zhou,41,1,46.381
7301,2024,3,ricciardo,5,1,18.265
7302,2024,3,albon,6,1,17.755
7303,2024,3,zhou,6,1,19.032
7304,2024,3,hamilton,7,1,17.596
7305,2024,3,kevin_magnussen,7,1,18.301
7306,2024,3,russell,8,1,18.046
7307,2024,3,stroll,8,1,17.901
7308,2024,3,bottas,8,1,46.969
7309,2024,3,leclerc,9,1,17.409
7310,2024,3,piastri,9,1,17.573
7311,2024,3,tsunoda,9,1,18.523
7312,2024,3,ocon,9,1,18.287
7313,2024,3,norris,14,1,17.776
7314,2024,3,perez,14,1,18.112
7315,2024,3,sainz,16,1,17.599
7316,2024,3,ocon,16,2,30.626
7317,2024,3,alonso,17,1,18.160
7318,2024,3,hulkenberg,17,1,18.320
7319,2024,3,gasly,17,1,20.316
7320,2024,3,albon,27,2,17.745
7321,2024,3,ricciardo,29,2,17.751
7322,2024,3,kevin_magnussen,33,2,18.151
7323,2024,3,leclerc,34,2,17.308
7324,2024,3,perez,35,2,17.222
7325,2024,3,hulkenberg,35,2,18.145
7326,2024,3,zhou,35,2,36.866
7327,2024,3,tsunoda,36,2,17.535
7328,2024,3,bottas,36,2,18.938
7329,2024,3,stroll,37,2,17.977
7330,2024,3,piastri,39,2,18.533
7331,2024,4,max_verstappen,1,1,26:15.603
7332,2024,4,perez,1,1,26:17.661
7333,2024,4,norris,1,1,26:20.116
7334,2024,4,sainz,1,1,26:20.097
7335,2024,4,alonso,1,1,26:20.924
7336,2024,4,piastri,1,1,26:20.204
7337,2024,4,hamilton,1,1,26:20.696
7338,2024,4,leclerc,1,1,26:23.333
7339,2024,4,russell,1,1,26:21.238
7340,2024,4,hulkenberg,1,1,26:20.886
7341,2024,4,bottas,1,1,26:22.542
7342,2024,4,tsunoda,1,1,26:24.553
7343,2024,4,ocon,1,1,26:26.095
7344,2024,4,gasly,1,1,26:26.793
7345,2024,4,stroll,1,1,26:25.911
7346,2024,4,kevin_magnussen,1,1,26:24.630
7347,2024,4,sargeant,1,1,26:25.267
7348,2024,4,zhou,1,1,26:22.912
7349,2024,4,hulkenberg,5,2,23.622
7350,2024,4,bottas,6,2,24.824
7351,2024,4,tsunoda,7,2,23.358
7352,2024,4,zhou,7,2,23.910
7353,2024,4,norris,11,2,23.049
7354,2024,4,zhou,11,3,26.653
7355,2024,4,piastri,12,2,23.420
7356,2024,4,stroll,12,2,23.358
7357,2024,4,alonso,13,2,22.998
7358,2024,4,perez,15,2,22.990
7359,2024,4,sainz,15,2,23.136
7360,2024,4,max_verstappen,16,2,23.177
7361,2024,5,hulkenberg,8,1,23.004
7362,2024,5,tsunoda,8,1,23.160
7363,2024,5,zhou,8,1,23.362
7364,2024,5,stroll,9,1,23.823
7365,2024,5,bottas,9,1,22.949
7366,2024,5,ocon,9,1,23.156
7367,2024,5,albon,9,1,23.273
7368,2024,5,hamilton,9,1,22.518
7369,2024,5,alonso,11,1,23.049
7370,2024,5,russell,11,1,22.415
7371,2024,5,gasly,11,1,39.712
7372,2024,5,sargeant,12,1,23.229
7373,2024,5,max_verstappen,13,1,22.456
7374,2024,5,perez,13,1,22.027
7375,2024,5,ricciardo,14,1,22.598
7376,2024,5,piastri,16,1,22.673
7377,2024,5,sainz,17,1,22.629
7378,2024,5,kevin_magnussen,17,1,22.974
7379,2024,5,leclerc,21,1,22.360
7380,2024,5,stroll,21,2,22.911
7381,2024,5,hamilton,21,2,22.662
7382,2024,5,norris,22,1,22.161
7383,2024,5,max_verstappen,23,2,22.270
7384,2024,5,perez,23,2,22.371
7385,2024,5,alonso,23,2,22.687
7386,2024,5,russell,23,2,22.707
7387,2024,5,hulkenberg,23,2,23.336
7388,2024,5,ocon,23,2,23.208
7389,2024,5,tsunoda,23,2,22.387
7390,2024,5,albon,23,2,23.600
7391,2024,6,albon,10,1,22.828
7392,2024,6,stroll,11,1,23.038
7393,2024,6,sargeant,11,1,22.611
7394,2024,6,bottas,11,1,23.730
7395,2024,6,hulkenberg,12,1,23.055
7396,2024,6,gasly,12,1,22.466
7397,2024,6,perez,17,1,21.695
7398,2024,6,leclerc,19,1,21.825
7399,2024,6,ocon,22,1,22.663
7400,2024,6,alonso,22,1,22.374
7401,2024,6,kevin_magnussen,22,1,23.265
7402,2024,6,max_verstappen,23,1,22.187
7403,2024,6,russell,24,1,22.800
7404,2024,6,hamilton,26,1,22.107
7405,2024,6,piastri,27,1,22.216
7406,2024,6,sainz,27,1,22.805
7407,2024,6,perez,28,2,22.396
7408,2024,6,tsunoda,28,1,22.153
7409,2024,6,zhou,28,1,23.017
7410,2024,6,ricciardo,28,1,22.540
7411,2024,6,hulkenberg,28,2,22.487
7412,2024,6,stroll,28,2,22.631
7413,2024,6,kevin_magnussen,28,2,29.727
7414,2024,6,norris,29,1,22.041
7415,2024,6,bottas,29,2,22.765
7416,2024,6,kevin_magnussen,31,3,30.732
7417,2024,6,piastri,40,2,30.409
7418,2024,6,albon,53,2,22.567
7419,2024,7,alonso,7,1,31.368
7420,2024,7,albon,8,1,30.050
7421,2024,7,gasly,8,1,30.081
7422,2024,7,bottas,8,1,30.240
7423,2024,7,albon,9,2,33.179
7424,2024,7,ricciardo,11,1,30.068
7425,2024,7,tsunoda,12,1,29.628
7426,2024,7,hulkenberg,13,1,29.749
7427,2024,7,russell,21,1,29.664
7428,2024,7,norris,22,1,29.956
7429,2024,7,piastri,23,1,29.770
7430,2024,7,max_verstappen,24,1,30.416
7431,2024,7,albon,23,3,38.413
7432,2024,7,leclerc,25,1,30.149
7433,2024,7,ocon,25,1,30.659
7434,2024,7,sainz,27,1,30.508
7435,2024,7,hamilton,27,1,29.547
7436,2024,7,albon,28,4,31.131
7437,2024,7,gasly,30,2,30.654
7438,2024,7,sargeant,31,1,31.085
7439,2024,7,zhou,33,1,30.244
7440,2024,7,perez,37,1,29.669
7441,2024,7,stroll,37,1,29.971
7442,2024,7,kevin_magnussen,37,1,31.302
7443,2024,7,alonso,40,2,30.483
7444,2024,7,russell,52,2,29.605
7445,2024,7,alonso,59,3,29.931
7446,2024,8,leclerc,1,1,39:18.026
7447,2024,8,piastri,1,1,39:17.645
7448,2024,8,norris,1,1,39:25.538
7449,2024,8,russell,1,1,39:29.363
7450,2024,8,max_verstappen,1,1,39:32.670
7451,2024,8,hamilton,1,1,39:35.369
7452,2024,8,tsunoda,1,1,39:37.564
7453,2024,8,albon,1,1,39:41.390
7454,2024,8,gasly,1,1,39:41.893
7455,2024,8,stroll,1,1,39:43.588
7456,2024,8,ricciardo,1,1,39:45.823
7457,2024,8,alonso,1,1,39:49.467
7458,2024,8,sargeant,1,1,39:51.600
7459,2024,8,bottas,1,1,39:54.053
7460,2024,8,sainz,1,1,38:47.072
7461,2024,8,zhou,1,1,39:46.414
7462,2024,8,bottas,15,2,24.239
7463,2024,8,stroll,42,2,24.132
7464,2024,8,stroll,48,3,28.211
7465,2024,8,hamilton,51,2,24.232
7466,2024,8,max_verstappen,52,2,23.813
7467,2024,8,sargeant,57,2,24.384
7468,2024,8,zhou,70,2,24.367
7469,2024,9,kevin_magnussen,7,1,30.472
7470,2024,9,hulkenberg,12,1,24.233
7471,2024,9,zhou,24,1,25.598
7472,2024,9,max_verstappen,25,1,24.306
7473,2024,9,russell,25,1,24.044
7474,2024,9,piastri,25,1,23.977
7475,2024,9,alonso,25,1,25.788
7476,2024,9,hamilton,25,1,23.762
7477,2024,9,stroll,25,1,24.284
7478,2024,9,albon,25,1,24.753
7479,2024,9,leclerc,25,1,24.031
7480,2024,9,sainz,25,1,27.626
7481,2024,9,kevin_magnussen,25,2,26.794
7482,2024,9,gasly,25,1,24.911
7483,2024,9,perez,25,1,33.762
7484,2024,9,hulkenberg,25,2,24.668
7485,2024,9,norris,26,1,23.423
7486,2024,9,ricciardo,26,1,30.298
7487,2024,9,leclerc,28,2,47.186
7488,2024,9,leclerc,31,3,24.629
7489,2024,9,gasly,40,2,24.408
7490,2024,9,kevin_magnussen,41,3,24.833
7491,2024,9,bottas,42,1,24.929
7492,2024,9,hamilton,43,2,24.226
7493,2024,9,ricciardo,43,2,23.860
7494,2024,9,sainz,43,2,24.125
7495,2024,9,perez,43,2,24.423
7496,2024,9,piastri,44,2,23.476
7497,2024,9,alonso,44,2,24.346
7498,2024,9,tsunoda,44,1,25.569
7499,2024,10,zhou,9,1,22.523
7500,2024,10,tsunoda,9,1,22.064
7501,2024,10,kevin_magnussen,10,1,23.360
7502,2024,10,bottas,11,1,22.744
7503,2024,10,hulkenberg,12,1,22.722
7504,2024,10,ocon,13,1,21.834
7505,2024,10,perez,13,1,22.181
7506,2024,10,gasly,14,1,26.097
7507,2024,10,sargeant,14,1,22.401
7508,2024,10,russell,15,1,25.023
7509,2024,10,sainz,15,1,22.194
7510,2024,10,hamilton,16,1,21.840
7511,2024,10,ricciardo,16,1,22.364
7512,2024,10,max_verstappen,17,1,21.544
7513,2024,10,stroll,17,1,21.880
7514,2024,10,albon,18,1,23.248
7515,2024,10,alonso,19,1,21.957
7516,2024,10,piastri,21,1,22.224
7517,2024,10,norris,23,1,21.618
7518,2024,10,leclerc,24,1,22.260
7519,2024,10,tsunoda,27,2,22.084
7520,2024,10,bottas,28,2,22.963
7521,2024,10,kevin_magnussen,29,2,28.967
7522,2024,10,perez,31,2,21.464
7523,2024,10,sargeant,34,2,22.506
7524,2024,10,russell,36,2,22.700
7525,2024,10,sainz,36,2,22.249
7526,2024,10,ocon,37,2,21.921
7527,2024,10,stroll,37,2,23.381
7528,2024,10,gasly,38,2,21.687
7529,2024,11,leclerc,1,1,31.917
7530,2024,11,sargeant,1,1,31.722
7531,2024,11,kevin_magnussen,10,1,21.518
7532,2024,11,ricciardo,10,1,21.502
7533,2024,11,hulkenberg,11,1,22.355
7534,2024,11,alonso,11,1,21.483
7535,2024,11,albon,12,1,21.878
7536,2024,11,leclerc,16,2,21.685
7537,2024,11,ocon,19,1,22.291
7538,2024,11,bottas,19,1,21.918
7539,2024,11,gasly,20,1,21.431
7540,2024,11,stroll,20,1,21.399
7541,2024,11,sargeant,20,2,22.502
7542,2024,11,hamilton,21,1,21.563
7543,2024,11,perez,21,1,21.291
7544,2024,11,tsunoda,21,1,21.250
7545,2024,11,russell,22,1,21.673
7546,2024,11,sainz,22,1,21.226
7547,2024,11,max_verstappen,23,1,21.899
7548,2024,11,norris,23,1,21.617
7549,2024,11,piastri,25,1,20.978
7550,2024,11,zhou,28,1,23.198
7551,2024,11,leclerc,33,3,22.243
7552,2024,11,alonso,35,2,33.947
7553,2024,11,ricciardo,37,2,21.093
7554,2024,11,kevin_magnussen,38,2,21.832
7555,2024,11,hulkenberg,39,2,21.814
7556,2024,11,albon,39,2,21.692
7557,2024,11,gasly,42,2,22.043
7558,2024,11,bottas,42,2,21.991
7559,2024,12,zhou,12,1,29.178
7560,2024,12,leclerc,19,1,28.481
7561,2024,12,perez,19,1,28.391
7562,2024,12,ocon,19,1,28.495
7563,2024,12,zhou,19,2,29.838
7564,2024,12,ocon,21,2,28.276
7565,2024,12,max_verstappen,26,1,28.365
7566,2024,12,sainz,26,1,29.199
7567,2024,12,hulkenberg,26,1,29.412
7568,2024,12,stroll,26,1,29.023
7569,2024,12,ricciardo,26,1,28.875
7570,2024,12,bottas,26,1,30.628
7571,2024,12,norris,27,1,28.661
7572,2024,12,hamilton,27,1,28.929
7573,2024,12,russell,27,1,32.045
7574,2024,12,alonso,27,1,29.341
7575,2024,12,tsunoda,27,1,
7576,2024,12,albon,27,1,34.742
7577,2024,12,ocon,26,3,29.289
7578,2024,12,kevin_magnussen,27,1,30.308
7579,2024,12,sargeant,27,1,32.801
7580,2024,12,zhou,26,3,29.125
7581,2024,12,piastri,28,1,29.541
7582,2024,12,leclerc,27,2,29.233
7583,2024,12,perez,28,2,32.313
7584,2024,12,kevin_magnussen,37,2,29.884
7585,2024,12,ricciardo,37,2,29.873
7586,2024,12,bottas,37,2,31.527
7587,2024,12,hamilton,38,2,30.038
7588,2024,12,max_verstappen,38,2,29.076
7589,2024,13,hulkenberg,2,1,22.287
7590,2024,13,albon,6,1,22.091
7591,2024,13,kevin_magnussen,6,1,21.871
7592,2024,13,ocon,6,1,21.829
7593,2024,13,alonso,7,1,22.542
7594,2024,13,ricciardo,7,1,21.084
7595,2024,13,zhou,7,1,21.993
7596,2024,13,sargeant,8,1,21.757
7597,2024,13,stroll,14,1,23.237
7598,2024,13,hamilton,16,1,21.306
7599,2024,13,bottas,16,1,22.146
7600,2024,13,norris,17,1,21.861
7601,2024,13,piastri,18,1,21.641
7602,2024,13,max_verstappen,21,1,22.101
7603,2024,13,sainz,21,1,21.655
7604,2024,13,leclerc,23,1,21.894
7605,2024,13,perez,28,1,21.395
7606,2024,13,gasly,28,1,21.405
7607,2024,13,ricciardo,28,2,21.378
7608,2024,13,tsunoda,29,1,21.467
7609,2024,13,hulkenberg,29,2,22.472
7610,2024,13,albon,29,2,23.410
7611,2024,13,ocon,30,2,21.444
7612,2024,13,russell,33,1,21.369
7613,2024,13,sargeant,33,2,21.398
7614,2024,13,kevin_magnussen,34,2,22.531
7615,2024,13,zhou,36,2,22.183
7616,2024,13,alonso,37,2,21.800
7617,2024,13,hamilton,40,2,21.910
7618,2024,13,leclerc,40,2,21.723
7619,2024,14,hulkenberg,7,1,23.562
7620,2024,14,albon,8,1,23.606
7621,2024,14,ricciardo,8,1,22.643
7622,2024,14,sargeant,8,1,23.338
7623,2024,14,gasly,9,1,22.900
7624,2024,14,russell,10,1,22.686
7625,2024,14,max_verstappen,10,1,23.214
7626,2024,14,hamilton,11,1,23.188
7627,2024,14,perez,11,1,22.692
7628,2024,14,piastri,11,1,22.623
7629,2024,14,bottas,11,1,23.147
7630,2024,14,leclerc,12,1,22.942
7631,2024,14,ocon,12,1,23.366
7632,2024,14,stroll,12,1,23.010
7633,2024,14,alonso,13,1,23.075
7634,2024,14,norris,15,1,22.682
7635,2024,14,tsunoda,15,1,23.452
7636,2024,14,kevin_magnussen,17,1,23.619
7637,2024,14,sainz,20,1,23.080
7638,2024,14,hulkenberg,20,2,23.268
7639,2024,14,perez,21,2,22.648
7640,2024,14,ricciardo,21,2,22.328
7641,2024,14,albon,23,2,23.146
7642,2024,14,sargeant,24,2,23.692
7643,2024,14,leclerc,25,2,23.330
7644,2024,14,hamilton,26,2,22.704
7645,2024,14,max_verstappen,28,2,22.943
7646,2024,14,sainz,28,2,23.089
7647,2024,14,gasly,28,2,22.844
7648,2024,14,norris,29,2,22.610
7649,2024,15,albon,12,1,21.258
7650,2024,15,hulkenberg,14,1,21.619
7651,2024,15,tsunoda,14,1,21.249
7652,2024,15,bottas,15,1,21.095
7653,2024,15,zhou,18,1,21.214
7654,2024,15,sargeant,22,1,22.030
7655,2024,15,hamilton,23,1,21.168
7656,2024,15,leclerc,24,1,20.841
7657,2024,15,russell,25,1,21.846
7658,2024,15,max_verstappen,27,1,20.785
7659,2024,15,norris,28,1,21.536
7660,2024,15,perez,29,1,22.934
7661,2024,15,ricciardo,29,1,20.942
7662,2024,15,sainz,30,1,20.840
7663,2024,15,stroll,30,1,21.385
7664,2024,15,ocon,30,1,21.015
7665,2024,15,alonso,31,1,21.348
7666,2024,15,gasly,32,1,22.646
7667,2024,15,tsunoda,32,2,20.880
7668,2024,15,piastri,33,1,20.969
7669,2024,15,kevin_magnussen,40,1,21.403
7670,2024,15,bottas,43,2,21.273
7671,2024,15,hamilton,48,2,21.026
7672,2024,15,zhou,51,2,22.044
7673,2024,15,russell,54,2,21.159
7674,2024,15,albon,54,2,21.016
7675,2024,16,hulkenberg,5,1,38.875
7676,2024,16,gasly,10,1,24.335
7677,2024,16,russell,11,1,32.696
7678,2024,16,ricciardo,11,1,30.317
7679,2024,16,alonso,12,1,24.866
7680,2024,16,norris,14,1,24.169
7681,2024,16,kevin_magnussen,14,1,25.672
7682,2024,16,leclerc,15,1,24.551
7683,2024,16,hamilton,15,1,24.469
7684,2024,16,zhou,15,1,27.138
7685,2024,16,piastri,16,1,23.793
7686,2024,16,colapinto,16,1,25.147
7687,2024,16,albon,17,1,24.801
7688,2024,16,sainz,19,1,24.313
7689,2024,16,stroll,19,1,24.980
7690,2024,16,max_verstappen,22,1,28.198
7691,2024,16,perez,23,1,24.728
7692,2024,16,gasly,30,2,24.203
7693,2024,16,ocon,31,1,24.146
7694,2024,16,norris,32,2,24.870
7695,2024,16,hulkenberg,32,2,36.576
7696,2024,16,russell,33,2,26.297
7697,2024,16,bottas,33,1,24.410
7698,2024,16,perez,35,2,24.030
7699,2024,16,alonso,35,2,24.501
7700,2024,16,stroll,36,2,24.209
7701,2024,16,hamilton,37,2,24.155
7702,2024,16,piastri,38,2,24.670
7703,2024,16,max_verstappen,41,2,24.150
7704,2024,16,stroll,50,3,25.269
7705,2024,17,stroll,1,1,21.123
7706,2024,17,colapinto,10,1,20.596
7707,2024,17,alonso,11,1,20.073
7708,2024,17,bottas,11,1,20.045
7709,2024,17,max_verstappen,12,1,21.145
7710,2024,17,russell,12,1,19.954
7711,2024,17,hamilton,12,1,21.289
7712,2024,17,tsunoda,12,1,20.922
7713,2024,17,perez,13,1,20.630
7714,2024,17,bearman,14,1,21.276
7715,2024,17,piastri,15,1,20.181
7716,2024,17,hulkenberg,15,1,21.617
7717,2024,17,leclerc,16,1,20.671
7718,2024,17,sainz,17,1,21.483
7719,2024,17,stroll,22,2,20.214
7720,2024,17,albon,31,1,20.287
7721,2024,17,zhou,34,1,20.520
7722,2024,17,norris,37,1,19.712
7723,2024,17,max_verstappen,49,2,20.725
7724,2024,17,ricciardo,49,1,21.984
7725,2024,17,ocon,49,1,20.634
7726,2024,17,gasly,50,1,20.257
7727,2024,18,ricciardo,10,1,30.316
7728,2024,18,albon,11,1,29.126
7729,2024,18,sainz,13,1,29.385
7730,2024,18,hamilton,17,1,29.272
7731,2024,18,alonso,25,1,29.251
7732,2024,18,stroll,26,1,29.816
7733,2024,18,russell,27,1,28.739
7734,2024,18,perez,28,1,28.990
7735,2024,18,kevin_magnussen,28,1,29.707
7736,2024,18,max_verstappen,29,1,29.655
7737,2024,18,hulkenberg,29,1,29.808
7738,2024,18,colapinto,29,1,29.772
7739,2024,18,ocon,29,1,29.601
7740,2024,18,norris,30,1,29.091
7741,2024,18,tsunoda,33,1,29.662
7742,2024,18,bottas,33,1,30.423
7743,2024,18,zhou,34,1,29.360
7744,2024,18,leclerc,36,1,29.042
7745,2024,18,gasly,37,1,31.509
7746,2024,18,piastri,38,1,29.152
7747,2024,18,ricciardo,46,2,29.066
7748,2024,18,kevin_magnussen,49,2,31.291
7749,2024,18,ricciardo,58,3,29.653
7750,2024,19,albon,3,1,34.983
7751,2024,19,zhou,13,1,24.433
7752,2024,19,bottas,15,1,24.439
7753,2024,19,kevin_magnussen,17,1,23.966
7754,2024,19,gasly,18,1,28.228
7755,2024,19,tsunoda,18,1,24.193
7756,2024,19,sainz,21,1,23.963
7757,2024,19,max_verstappen,25,1,24.228
7758,2024,19,leclerc,26,1,23.817
7759,2024,19,perez,26,1,23.580
7760,2024,19,alonso,26,1,24.247
7761,2024,19,hulkenberg,27,1,24.500
7762,2024,19,stroll,27,1,26.399
7763,2024,19,norris,31,1,23.731
7764,2024,19,ocon,31,1,24.156
7765,2024,19,piastri,32,1,24.107
7766,2024,19,albon,33,2,24.391
7767,2024,19,zhou,35,2,24.890
7768,2024,19,lawson,36,1,23.839
7769,2024,19,kevin_magnussen,38,2,24.087
7770,2024,19,colapinto,39,1,23.971
7771,2024,19,russell,40,1,29.327
7772,2024,19,ocon,51,2,26.175
7773,2024,20,perez,20,1,27.730
7774,2024,20,max_verstappen,26,1,43.730
7775,2024,20,stroll,26,1,22.592
7776,2024,20,hamilton,28,1,22.538
7777,2024,20,gasly,28,1,23.204
7778,2024,20,hulkenberg,29,1,23.077
7779,2024,20,norris,30,1,22.111
7780,2024,20,kevin_magnussen,30,1,23.332
7781,2024,20,leclerc,31,1,22.860
7782,2024,20,russell,31,1,22.462
7783,2024,20,sainz,32,1,22.249
7784,2024,20,piastri,39,1,21.825
7785,2024,20,lawson,39,1,22.586
7786,2024,20,zhou,43,1,22.935
7787,2024,20,perez,43,2,22.174
7788,2024,20,colapinto,47,1,23.895
7789,2024,20,ocon,48,1,23.245
7790,2024,20,bottas,49,1,22.505
7791,2024,20,lawson,65,2,30.299
7792,2024,20,leclerc,69,2,22.690
7793,2024,20,perez,68,3,21.920
7794,2024,21,leclerc,24,1,24.573
7795,2024,21,hulkenberg,25,1,25.369
7796,2024,21,colapinto,26,1,25.287
7797,2024,21,piastri,27,1,26.050
7798,2024,21,alonso,27,1,25.107
7799,2024,21,bearman,27,1,35.755
7800,2024,21,hamilton,27,1,25.205
7801,2024,21,sainz,27,1,25.920
7802,2024,21,perez,27,1,26.692
7803,2024,21,zhou,27,1,25.248
7804,2024,21,russell,28,1,25.698
7805,2024,21,norris,28,1,24.764
7806,2024,21,tsunoda,28,1,25.431
7807,2024,21,lawson,28,1,28.167
7808,2024,21,hulkenberg,27,2,58.984
7809,2024,21,zhou,28,2,27.067
7810,2024,21,colapinto,30,2,25.239
7811,2024,21,hulkenberg,29,3,28.590
7812,2024,21,ocon,32,1,23:28.695
7813,2024,21,max_verstappen,32,1,23:29.303
7814,2024,21,zhou,31,3,21:23.154
7815,2024,21,gasly,32,1,23:27.586
7816,2024,21,norris,32,2,23:35.363
7817,2024,21,russell,32,2,23:35.838
7818,2024,21,tsunoda,32,2,23:39.030
7819,2024,21,leclerc,32,2,23:40.260
7820,2024,21,piastri,32,2,23:40.270
7821,2024,21,alonso,32,2,23:42.872
7822,2024,21,lawson,32,2,23:42.722
7823,2024,21,hamilton,32,2,23:45.703
7824,2024,22,alonso,4,1,21.407
7825,2024,22,leclerc,9,1,21.329
7826,2024,22,norris,9,1,21.194
7827,2024,22,albon,9,1,22.012
7828,2024,22,stroll,9,1,34.863
7829,2024,22,sainz,10,1,21.048
7830,2024,22,gasly,10,1,22.179
7831,2024,22,tsunoda,10,1,21.168
7832,2024,22,piastri,10,1,27.732
7833,2024,22,max_verstappen,11,1,20.697
7834,2024,22,ocon,11,1,15.790
7835,2024,22,zhou,11,1,22.960
7836,2024,22,lawson,11,1,21.049
7837,2024,22,russell,12,1,21.072
7838,2024,22,ocon,12,2,21.142
7839,2024,22,hamilton,13,1,21.067
7840,2024,22,hulkenberg,14,1,21.511
7841,2024,22,colapinto,16,1,21.170
7842,2024,22,perez,17,1,21.294
7843,2024,22,kevin_magnussen,17,1,21.963
7844,2024,22,bottas,17,1,21.623
7845,2024,22,alonso,24,2,21.407
7846,2024,22,piastri,25,2,21.082
7847,2024,22,colapinto,26,2,21.221
7848,2024,22,max_verstappen,27,2,22.254
7849,2024,22,hamilton,27,2,21.355
7850,2024,22,sainz,28,2,20.879
7851,2024,22,stroll,28,2,21.588
7852,2024,22,tsunoda,29,2,21.208
7853,2024,22,norris,30,2,20.668
7854,2024,23,stroll,1,1,29.783
7855,2024,23,hulkenberg,1,1,32.957
7856,2024,23,stroll,7,2,41.674
7857,2024,23,russell,23,1,32.309
7858,2024,23,bottas,24,1,29.034
7859,2024,23,kevin_magnussen,27,1,28.543
7860,2024,23,hulkenberg,31,2,28.343
7861,2024,23,piastri,34,1,27.818
7862,2024,23,sainz,34,1,36.143
7863,2024,23,hamilton,34,1,37.915
7864,2024,23,max_verstappen,35,1,28.303
7865,2024,23,norris,35,1,28.024
7866,2024,23,leclerc,35,1,28.460
7867,2024,23,perez,35,1,28.088
7868,2024,23,gasly,35,1,28.792
7869,2024,23,russell,35,2,27.870
7870,2024,23,alonso,35,1,28.628
7871,2024,23,zhou,35,1,29.085
7872,2024,23,tsunoda,35,1,29.024
7873,2024,23,albon,35,1,29.179
7874,2024,23,lawson,35,1,45.049
7875,2024,23,max_verstappen,36,2,23.884
7876,2024,23,hamilton,35,2,23.412
7877,2024,23,bottas,35,2,28.968
7878,2024,23,norris,36,2,25.592
7879,2024,23,leclerc,36,2,25.675
7880,2024,23,piastri,36,2,22.867
7881,2024,23,perez,36,2,22.705
7882,2024,23,gasly,36,2,22.717
7883,2024,23,russell,36,3,22.763
7884,2024,24,colapinto,3,1,24.941
7885,2024,24,piastri,4,1,23.582
7886,2024,24,bottas,6,1,41.144
7887,2024,24,stroll,11,1,23.266
7888,2024,24,kevin_magnussen,12,1,26.363
7889,2024,24,zhou,12,1,23.024
7890,2024,24,albon,12,1,22.065
7891,2024,24,hulkenberg,13,1,21.530
7892,2024,24,alonso,13,1,23.326
7893,2024,24,gasly,14,1,22.059
7894,2024,24,leclerc,20,1,21.869
7895,2024,24,tsunoda,22,1,21.869
7896,2024,24,doohan,22,1,22.080
7897,2024,24,lawson,23,1,23.415
7898,2024,24,lawson,24,2,22.565
7899,2024,24,sainz,25,1,21.280
7900,2024,24,norris,26,1,21.276
7901,2024,24,russell,26,1,21.656
7902,2024,24,max_verstappen,29,1,32.652
7903,2024,24,kevin_magnussen,29,2,21.678
7904,2024,24,lawson,29,3,32.317
7905,2024,24,kevin_magnussen,30,3,22.815
7906,2024,24,piastri,32,2,32.774
7907,2024,24,stroll,32,2,22.053
7908,2024,24,hamilton,34,1,21.694
7909,2024,24,alonso,37,2,22.437
7910,2024,24,zhou,39,2,28.765
7911,2024,24,kevin_magnussen,55,4,22.090
7912,2025,1,norris,2,1,13.341
7913,2025,1,max_verstappen,2,1,13.416
7914,2025,1,piastri,2,1,13.078
7915,2025,1,russell,2,1,13.672
7916,2025,1,leclerc,2,1,14.182
7917,2025,1,tsunoda,2,1,14.957
7918,2025,1,albon,2,1,15.020
7919,2025,1,hamilton,2,1,15.002
7920,2025,1,gasly,2,1,15.104
7921,2025,1,alonso,2,1,15.535
7922,2025,1,stroll,2,1,15.505
7923,2025,1,hulkenberg,2,1,15.130
7924,2025,1,antonelli,2,1,14.658
7925,2025,1,bortoleto,2,1,14.432
7926,2025,1,ocon,2,1,14.395
7927,2025,1,lawson,2,1,14.790
7928,2025,1,bearman,2,1,14.605
7929,2025,1,norris,3,2,12.910
7930,2025,1,max_verstappen,3,2,13.740
7931,2025,1,piastri,3,2,13.838
7932,2025,1,russell,3,2,14.104
7933,2025,1,leclerc,3,2,14.621
7934,2025,1,tsunoda,3,2,15.223
7935,2025,1,albon,3,2,16.993
7936,2025,1,hamilton,3,2,16.191
7937,2025,1,gasly,3,2,15.744
7938,2025,1,alonso,3,2,16.241
7939,2025,1,stroll,3,2,16.014
7940,2025,1,hulkenberg,3,2,15.971
7941,2025,1,antonelli,3,2,16.374
7942,2025,2,bortoleto,1,1,23.385
7943,2025,2,gasly,10,1,23.138
7944,2025,2,tsunoda,11,1,22.519
7945,2025,2,ocon,11,1,23.114
7946,2025,2,doohan,11,1,22.793
7947,2025,2,antonelli,12,1,22.675
7948,2025,2,hadjar,12,1,22.896
7949,2025,2,hamilton,13,1,22.388
7950,2025,2,max_verstappen,13,1,22.454
7951,2025,2,piastri,14,1,23.938
7952,2025,2,russell,14,1,22.324
7953,2025,2,norris,15,1,22.213
7954,2025,2,leclerc,15,1,22.151
7955,2025,2,sainz,17,1,22.721
7956,2025,2,lawson,18,1,22.536
7957,2025,2,albon,20,1,23.362
7958,2025,2,hulkenberg,20,1,22.959
7959,2025,2,bearman,26,1,22.808
7960,2025,2,bortoleto,26,2,22.790
7961,2025,2,lawson,30,2,22.355
7962,2025,2,hadjar,33,2,22.234
7963,2025,2,tsunoda,35,2,22.583
7964,2025,2,stroll,36,1,22.995
7965,2025,2,hamilton,37,2,22.364
7966,2025,2,tsunoda,46,3,38.102
7967,2025,3,stroll,9,1,23.724
7968,2025,3,doohan,15,1,23.382
7969,2025,3,russell,19,1,23.184
7970,2025,3,piastri,20,1,23.037
7971,2025,3,max_verstappen,21,1,24.397
7972,2025,3,norris,21,1,23.222
7973,2025,3,leclerc,21,1,23.346
7974,2025,3,hulkenberg,22,1,23.515
7975,2025,3,bearman,23,1,24.834
7976,2025,3,tsunoda,23,1,24.181
7977,2025,3,albon,24,1,23.093
7978,2025,3,alonso,24,1,25.708
7979,2025,3,gasly,24,1,26.041
7980,2025,3,hadjar,25,1,23.333
7981,2025,3,hamilton,30,1,22.937
7982,2025,3,stroll,30,2,23.608
7983,2025,3,antonelli,31,1,24.380
7984,2025,3,bortoleto,31,1,23.419
7985,2025,3,ocon,32,1,24.464
7986,2025,3,lawson,33,1,23.662
7987,2025,3,sainz,33,1,23.337
7988,2025,4,hulkenberg,5,1,24.229
7989,2025,4,hadjar,6,1,25.265
7990,2025,4,ocon,8,1,24.876
7991,2025,4,doohan,9,1,24.791
7992,2025,4,norris,10,1,29.822
7993,2025,4,gasly,10,1,25.033
7994,2025,4,max_verstappen,10,1,26.518
7995,2025,4,tsunoda,11,1,26.493
7996,2025,4,antonelli,12,1,24.807
7997,2025,4,stroll,12,1,24.611
7998,2025,4,russell,13,1,24.044
7999,2025,4,bortoleto,13,1,24.143
8000,2025,4,piastri,14,1,24.498
8001,2025,4,sainz,14,1,24.600
8002,2025,4,bearman,14,1,24.562
8003,2025,4,lawson,14,1,25.242
8004,2025,4,albon,16,1,25.394
8005,2025,4,alonso,16,1,24.826
8006,2025,4,leclerc,17,1,24.802
8007,2025,4,hamilton,17,1,24.340
8008,2025,4,max_verstappen,26,2,28.067
8009,2025,4,ocon,27,2,24.832
8010,2025,4,antonelli,27,2,24.506
8011,2025,4,hulkenberg,27,2,24.291
8012,2025,4,gasly,28,2,24.958
8013,2025,4,doohan,28,2,25.093
8014,2025,4,hadjar,28,2,24.640
8015,2025,4,piastri,32,2,24.900
8016,2025,4,russell,32,2,24.100
8017,2025,4,leclerc,32,2,24.241
8018,2025,5,doohan,1,1,20.571
8019,2025,5,ocon,1,1,21.512
8020,2025,5,bortoleto,1,1,21.854
8021,2025,5,bearman,18,1,22.095
8022,2025,5,piastri,19,1,21.388
8023,2025,5,antonelli,19,1,20.399
8024,2025,5,alonso,19,1,21.891
8025,2025,5,russell,20,1,20.329
8026,2025,5,lawson,20,1,20.534
8027,2025,5,max_verstappen,21,1,26.030
8028,2025,5,sainz,21,1,24.148
8029,2025,5,albon,22,1,22.135
8030,2025,5,hamilton,23,1,20.144
8031,2025,5,leclerc,29,1,20.131
8032,2025,5,doohan,32,2,21.521
8033,2025,5,hulkenberg,33,1,20.441
8034,2025,5,norris,34,1,20.427
8035,2025,5,hadjar,34,1,20.827
8036,2025,5,stroll,39,1,20.487
8037,2025,6,bortoleto,19,1,22.188
8038,2025,6,stroll,20,1,22.317
8039,2025,6,hadjar,22,1,22.115
8040,2025,6,ocon,23,1,23.162
8041,2025,6,antonelli,25,1,24.383
8042,2025,6,sainz,25,1,22.415
8043,2025,6,max_verstappen,26,1,22.501
8044,2025,6,albon,26,1,21.906
8045,2025,6,tsunoda,27,1,22.560
8046,2025,6,hamilton,28,1,23.104
8047,2025,6,alonso,28,1,23.602
8048,2025,6,lawson,28,1,22.439
8049,2025,6,piastri,29,1,22.106
8050,2025,6,norris,29,1,22.044
8051,2025,6,russell,29,1,24.257
8052,2025,6,leclerc,29,1,22.183
8053,2025,6,gasly,32,1,22.060
8054,2025,6,hulkenberg,36,1,22.108
8055,2025,7,ocon,1,1,30.506
8056,2025,7,gasly,9,1,31.488
8057,2025,7,leclerc,10,1,29.634
8058,2025,7,lawson,10,1,29.695
8059,2025,7,russell,11,1,29.784
8060,2025,7,sainz,11,1,30.080
8061,2025,7,alonso,12,1,30.163
8062,2025,7,bortoleto,12,1,30.906
8063,2025,7,piastri,13,1,30.973
8064,2025,7,stroll,14,1,31.218
8065,2025,7,colapinto,22,1,30.317
8066,2025,7,norris,28,1,29.513
8067,2025,7,max_verstappen,29,1,29.991
8068,2025,7,albon,29,1,30.471
8069,2025,7,hadjar,29,1,30.123
8070,2025,7,antonelli,29,1,30.051
8071,2025,7,hamilton,29,1,29.949
8072,2025,7,leclerc,29,2,31.898
8073,2025,7,hulkenberg,29,1,30.184
8074,2025,7,bearman,29,1,31.414
8075,2025,7,russell,29,2,30.754
8076,2025,7,tsunoda,29,1,29.807
8077,2025,7,sainz,29,2,30.635
8078,2025,7,gasly,29,2,32.003
8079,2025,7,lawson,29,2,30.291
8080,2025,7,bortoleto,29,2,30.605
8081,2025,7,piastri,30,2,30.609
8082,2025,7,bearman,31,2,56.757
8083,2025,7,max_verstappen,46,2,29.657
8084,2025,7,norris,46,2,31.675
8085,2025,8,tsunoda,1,1,24.525
8086,2025,8,gasly,1,1,24.376
8087,2025,8,bearman,1,1,50.191
8088,2025,8,bortoleto,1,1,37.243
8089,2025,8,hulkenberg,12,1,24.065
8090,2025,8,colapinto,13,1,24.355
8091,2025,8,hadjar,14,1,24.311
8092,2025,8,alonso,16,1,25.375
8093,2025,8,ocon,16,1,25.575
8094,2025,8,stroll,17,1,23.978
8095,2025,8,bearman,17,2,24.580
8096,2025,8,hamilton,18,1,23.565
8097,2025,8,norris,19,1,24.545
8098,2025,8,hadjar,19,2,24.031
8099,2025,8,piastri,20,1,25.756
8100,2025,8,leclerc,22,1,23.576
8101,2025,8,bortoleto,26,2,24.483
8102,2025,8,colapinto,26,2,24.497
8103,2025,8,max_verstappen,28,1,24.114
8104,2025,8,ocon,28,2,24.773
8105,2025,8,lawson,31,1,24.206
8106,2025,8,albon,32,1,23.927
8107,2025,8,bortoleto,35,3,24.246
8108,2025,8,lawson,40,2,24.320
8109,2025,8,albon,40,2,24.190
8110,2025,8,hulkenberg,44,2,24.397
8111,2025,8,piastri,48,2,23.908
8112,2025,8,leclerc,49,2,23.678
8113,2025,8,sainz,48,1,24.498
8114,2025,8,norris,50,2,23.704
8115,2025,9,albon,6,1,30.823
8116,2025,9,bearman,8,1,22.009
8117,2025,9,tsunoda,8,1,21.868
8118,2025,9,hulkenberg,9,1,22.233
8119,2025,9,sainz,9,1,30.547
8120,2025,9,gasly,10,1,22.224
8121,2025,9,max_verstappen,13,1,21.869
8122,2025,9,colapinto,14,1,22.491
8123,2025,9,alonso,15,1,22.782
8124,2025,9,hamilton,16,1,21.957
8125,2025,9,leclerc,17,1,21.863
8126,2025,9,lawson,18,1,22.039
8127,2025,9,hadjar,19,1,21.769
8128,2025,9,bortoleto,19,1,22.041
8129,2025,9,russell,20,1,21.739
8130,2025,9,ocon,20,1,22.554
8131,2025,9,norris,21,1,22.454
8132,2025,9,antonelli,21,1,22.234
8133,2025,9,piastri,22,1,21.858
8134,2025,9,tsunoda,24,2,22.056
8135,2025,9,albon,26,2,37.674
8136,2025,9,max_verstappen,29,2,21.933
8137,2025,9,gasly,31,2,22.006
8138,2025,9,sainz,34,2,22.346
8139,2025,9,bearman,35,2,22.270
8140,2025,9,leclerc,40,2,21.893
8141,2025,9,colapinto,39,2,22.119
8142,2025,9,russell,41,2,21.752
8143,2025,9,alonso,42,2,22.242
8144,2025,9,ocon,43,2,22.468
8145,2025,10,max_verstappen,12,1,23.604
8146,2025,10,russell,13,1,23.231
8147,2025,10,hadjar,13,1,24.130
8148,2025,10,antonelli,14,1,23.320
8149,2025,10,colapinto,14,1,24.735
8150,2025,10,hamilton,15,1,23.604
8151,2025,10,alonso,15,1,24.021
8152,2025,10,piastri,16,1,23.245
8153,2025,10,bearman,18,1,23.562
8154,2025,10,hulkenberg,19,1,23.476
8155,2025,10,albon,23,1,23.898
8156,2025,10,stroll,24,1,23.742
8157,2025,10,leclerc,28,1,23.360
8158,2025,10,norris,29,1,23.223
8159,2025,10,max_verstappen,37,2,23.121
8160,2025,10,antonelli,38,2,23.416
8161,2025,10,lawson,38,1,23.280
8162,2025,10,russell,42,2,24.262
8163,2025,10,piastri,45,2,23.174
8164,2025,10,hamilton,45,2,23.338
8165,2025,10,norris,47,2,23.471
8166,2025,10,bortoleto,49,1,23.715
8167,2025,10,alonso,50,2,23.409
8168,2025,10,stroll,51,2,34.742
8169,2025,10,leclerc,53,2,23.859
8170,2025,10,gasly,53,1,23.987
8171,2025,10,tsunoda,56,1,25.178
8172,2025,10,ocon,57,1,24.452
8173,2025,10,sainz,57,1,23.269
8174,2025,10,alonso,66,3,18.200
8175,2025,11,hadjar,2,1,21.297
8176,2025,11,bearman,11,1,21.910
8177,2025,11,gasly,12,1,21.959
8178,2025,11,hulkenberg,12,1,21.236
8179,2025,11,albon,13,1,21.210
8180,2025,11,colapinto,13,1,23.038
8181,2025,11,russell,18,1,21.344
8182,2025,11,tsunoda,18,1,21.492
8183,2025,11,ocon,19,1,23.188
8184,2025,11,norris,20,1,22.131
8185,2025,11,bortoleto,21,1,21.676
8186,2025,11,piastri,24,1,22.599
8187,2025,11,leclerc,25,1,21.308
8188,2025,11,hamilton,26,1,21.287
8189,2025,11,stroll,26,1,22.907
8190,2025,11,hadjar,28,2,21.680
8191,2025,11,tsunoda,30,2,
8192,2025,11,lawson,32,1,21.434
8193,2025,11,alonso,33,1,21.865
8194,2025,11,gasly,38,2,22.105
8195,2025,11,bearman,39,2,21.771
8196,2025,11,colapinto,39,2,21.087
8197,2025,11,hulkenberg,42,2,21.045
8198,2025,11,russell,45,2,21.854
8199,2025,11,leclerc,49,2,21.536
8200,2025,11,bortoleto,49,2,21.286
8201,2025,11,hamilton,50,2,21.158
8202,2025,11,ocon,50,2,22.284
8203,2025,11,norris,52,2,21.427
8204,2025,11,piastri,53,2,21.033
8205,2025,12,antonelli,2,1,28.721
8206,2025,12,stroll,6,1,29.125
8207,2025,12,hulkenberg,9,1,29.736
8208,2025,12,antonelli,9,2,28.707
8209,2025,12,stroll,10,2,28.853
8210,2025,12,russell,10,1,28.647
8211,2025,12,leclerc,10,1,29.089
8212,2025,12,hadjar,10,1,28.523
8213,2025,12,bearman,10,1,29.201
8214,2025,12,piastri,11,1,29.491
8215,2025,12,norris,11,1,30.630
8216,2025,12,max_verstappen,11,1,28.182
8217,2025,12,hamilton,11,1,28.917
8218,2025,12,gasly,11,1,28.912
8219,2025,12,alonso,11,1,28.707
8220,2025,12,sainz,11,1,29.554
8221,2025,12,tsunoda,11,1,28.544
8222,2025,12,albon,12,1,29.251
8223,2025,12,ocon,18,1,29.562
8224,2025,12,antonelli,20,3,29.728
8225,2025,12,alonso,37,2,28.534
8226,2025,12,russell,38,2,28.205
8227,2025,12,hamilton,41,2,29.127
8228,2025,12,stroll,41,3,28.553
8229,2025,12,max_verstappen,41,2,29.689
8230,2025,12,gasly,41,2,28.469
8231,2025,12,sainz,41,2,28.655
8232,2025,12,bearman,41,2,29.090
8233,2025,12,tsunoda,41,2,40.145
8234,2025,12,hulkenberg,42,2,29.952
8235,2025,13,hamilton,11,1,23.284
8236,2025,13,gasly,11,1,26.825
8237,2025,13,hulkenberg,11,1,23.599
8238,2025,13,alonso,11,1,23.404
8239,2025,13,piastri,12,1,23.844
8240,2025,13,leclerc,12,1,23.806
8241,2025,13,max_verstappen,12,1,25.913
8242,2025,13,russell,12,1,23.635
8243,2025,13,albon,12,1,24.029
8244,2025,13,lawson,12,1,23.269
8245,2025,13,bortoleto,12,1,23.274
8246,2025,13,bearman,12,1,24.130
8247,2025,13,colapinto,12,1,23.665
8248,2025,13,sainz,12,1,27.528
8249,2025,13,antonelli,12,1,23.609
8250,2025,13,stroll,12,1,23.787
8251,2025,13,norris,13,1,24.376
8252,2025,13,tsunoda,13,1,23.330
8253,2025,13,hadjar,13,1,23.580
8254,2025,13,ocon,13,1,23.802
8255,2025,13,hadjar,20,2,23.376
8256,2025,13,sainz,26,2,23.770
8257,2025,13,colapinto,28,2,23.449
8258,2025,13,alonso,29,2,23.692
8259,2025,13,antonelli,30,2,23.059
8260,2025,13,hulkenberg,32,2,23.890
8261,2025,14,hulkenberg,5,1,21.594
8262,2025,14,colapinto,13,1,30.248
8263,2025,14,ocon,14,1,22.444
8264,2025,14,albon,14,1,21.345
8265,2025,14,sainz,15,1,21.670
8266,2025,14,max_verstappen,17,1,21.433
8267,2025,14,piastri,18,1,21.145
8268,2025,14,leclerc,19,1,21.130
8269,2025,14,russell,19,1,21.703
8270,2025,14,tsunoda,20,1,21.295
8271,2025,14,antonelli,21,1,22.328
8272,2025,14,bearman,30,1,21.754
8273,2025,14,norris,31,1,20.940
8274,2025,14,gasly,32,1,21.699
8275,2025,14,hadjar,33,1,21.096
8276,2025,14,colapinto,35,2,26.280
8277,2025,14,stroll,36,1,21.464
8278,2025,14,tsunoda,37,2,21.541
8279,2025,14,albon,38,2,22.726
8280,2025,14,alonso,39,1,22.204
8281,2025,14,leclerc,40,2,21.136
8282,2025,14,bortoleto,40,1,21.773
8283,2025,14,lawson,40,1,22.136
8284,2025,14,hulkenberg,41,2,28.777
8285,2025,14,hamilton,42,1,21.150
8286,2025,14,russell,43,2,21.450
8287,2025,14,piastri,45,2,20.940
8288,2025,14,max_verstappen,48,2,21.258
8289,2025,14,sainz,51,2,21.423
8290,2025,15,stroll,8,1,17.561
8291,2025,15,alonso,18,1,17.417
8292,2025,15,tsunoda,19,1,18.348
8293,2025,15,colapinto,19,1,17.986
8294,2025,15,hulkenberg,19,1,17.602
8295,2025,15,leclerc,22,1,17.081
8296,2025,15,bortoleto,22,1,17.908
8297,2025,15,piastri,23,1,17.375
8298,2025,15,norris,23,1,20.042
8299,2025,15,max_verstappen,23,1,18.740
8300,2025,15,hadjar,23,1,17.414
8301,2025,15,russell,23,1,18.832
8302,2025,15,lawson,23,1,17.549
8303,2025,15,sainz,23,1,17.670
8304,2025,15,albon,23,1,19.692
8305,2025,15,antonelli,23,1,17.476
8306,2025,15,gasly,23,1,19.223
8307,2025,15,sainz,27,2,29.443
8308,2025,15,lawson,27,2,22.209
8309,2025,15,alonso,40,2,17.949
8310,2025,15,antonelli,51,2,17.365
8311,2025,15,leclerc,52,2,17.042
8312,2025,15,sainz,51,3,30.340
8313,2025,15,stroll,52,2,17.598
8314,2025,15,ocon,52,1,18.270
8315,2025,15,piastri,53,2,18.589
8316,2025,15,norris,53,2,22.608
8317,2025,15,max_verstappen,53,2,18.261
8318,2025,15,hadjar,53,2,18.535
8319,2025,15,russell,53,2,17.344
8320,2025,16,lawson,9,1,24.156
8321,2025,16,bearman,18,1,25.372
8322,2025,16,tsunoda,19,1,24.372
8323,2025,16,bortoleto,20,1,26.143
8324,2025,16,alonso,20,1,25.160
8325,2025,16,russell,27,1,25.021
8326,2025,16,antonelli,28,1,24.916
8327,2025,16,sainz,30,1,24.605
8328,2025,16,hadjar,32,1,24.326
8329,2025,16,leclerc,33,1,24.235
8330,2025,16,colapinto,33,1,24.971
8331,2025,16,max_verstappen,37,1,24.545
8332,2025,16,hamilton,38,1,23.971
8333,2025,16,albon,41,1,24.717
8334,2025,16,piastri,45,1,23.602
8335,2025,16,norris,46,1,27.498
8336,2025,16,stroll,49,1,38.418
8337,2025,16,gasly,49,1,25.012
8338,2025,16,ocon,51,1,30.754
8339,2025,17,ocon,1,1,20.691
8340,2025,17,albon,1,1,20.758
8341,2025,17,ocon,2,2,20.759
8342,2025,17,albon,15,2,20.489
8343,2025,17,colapinto,16,1,21.088
8344,2025,17,antonelli,18,1,20.669
8345,2025,17,leclerc,19,1,20.542
8346,2025,17,lawson,20,1,20.283
8347,2025,17,alonso,21,1,25.768
8348,2025,17,bortoleto,26,1,20.845
8349,2025,17,sainz,27,1,20.508
8350,2025,17,bearman,28,1,21.194
8351,2025,17,hadjar,29,1,20.294
8352,2025,17,gasly,35,1,21.500
8353,2025,17,hamilton,36,1,20.062
8354,2025,17,hulkenberg,36,1,19.970
8355,2025,17,norris,37,1,21.975
8356,2025,17,stroll,37,1,21.820
8357,2025,17,tsunoda,38,1,20.323
8358,2025,17,russell,39,1,19.809
8359,2025,17,max_verstappen,40,1,20.221
8360,2025,18,bortoleto,13,1,32.856
8361,2025,18,tsunoda,13,1,24.610
8362,2025,18,colapinto,14,1,24.040
8363,2025,18,max_verstappen,19,1,24.008
8364,2025,18,hadjar,20,1,23.827
8365,2025,18,leclerc,21,1,23.630
8366,2025,18,bearman,23,1,23.979
8367,2025,18,hamilton,24,1,24.794
8368,2025,18,gasly,24,1,25.583
8369,2025,18,russell,25,1,23.966
8370,2025,18,antonelli,25,1,23.806
8371,2025,18,hulkenberg,25,1,24.193
8372,2025,18,norris,26,1,23.314
8373,2025,18,piastri,27,1,26.637
8374,2025,18,alonso,27,1,30.749
8375,2025,18,ocon,30,1,25.078
8376,2025,18,stroll,38,1,24.012
8377,2025,18,albon,42,1,25.732
8378,2025,18,hulkenberg,44,2,31.894
8379,2025,18,hamilton,46,2,23.344
8380,2025,18,lawson,48,1,24.027
8381,2025,18,sainz,50,1,24.075
8382,2025,18,gasly,51,2,25.188
8383,2025,19,albon,7,1,23.763
8384,2025,19,bortoleto,14,1,25.567
8385,2025,19,leclerc,22,1,23.718
8386,2025,19,ocon,24,1,25.060
8387,2025,19,gasly,27,1,26.631
8388,2025,19,stroll,28,1,24.192
8389,2025,19,hadjar,28,1,23.831
8390,2025,19,tsunoda,29,1,24.539
8391,2025,19,piastri,30,1,23.452
8392,2025,19,bearman,30,1,24.110
8393,2025,19,alonso,30,1,24.054
8394,2025,19,lawson,30,1,23.681
8395,2025,19,hamilton,31,1,23.937
8396,2025,19,antonelli,31,1,23.949
8397,2025,19,norris,32,1,24.580
8398,2025,19,colapinto,32,1,24.045
8399,2025,19,max_verstappen,33,1,23.987
8400,2025,19,russell,33,1,23.555
8401,2025,19,hulkenberg,33,1,23.753
8402,2025,19,albon,36,2,24.582
8403,2025,19,bortoleto,36,2,24.007
8404,2025,20,lawson,2,1,34.212
8405,2025,20,sainz,17,1,22.502
8406,2025,20,alonso,20,1,26.816
8407,2025,20,antonelli,22,1,22.476
8408,2025,20,hamilton,23,1,33.308
8409,2025,20,bearman,24,1,22.647
8410,2025,20,piastri,24,1,23.211
8411,2025,20,russell,25,1,22.347
8412,2025,20,stroll,26,1,22.071
8413,2025,20,ocon,27,1,23.203
8414,2025,20,leclerc,31,1,22.215
8415,2025,20,gasly,33,1,22.834
8416,2025,20,norris,34,1,22.567
8417,2025,20,hadjar,34,1,22.196
8418,2025,20,tsunoda,36,1,31.630
8419,2025,20,max_verstappen,37,1,22.762
8420,2025,20,bortoleto,37,1,22.410
8421,2025,20,albon,41,1,22.040
8422,2025,20,stroll,43,2,23.713
8423,2025,20,sainz,46,2,30.546
8424,2025,20,antonelli,47,2,24.523
8425,2025,20,piastri,47,2,22.159
8426,2025,20,hamilton,47,2,23.342
8427,2025,20,bearman,48,2,22.174
8428,2025,20,russell,48,2,22.470
8429,2025,20,colapinto,48,1,22.789
8430,2025,20,sainz,56,3,17.969
8431,2025,21,tsunoda,2,1,22.974
8432,2025,21,hamilton,2,1,40.076
8433,2025,21,max_verstappen,7,1,23.197
8434,2025,21,ocon,8,1,24.204
8435,2025,21,hamilton,14,2,23.426
8436,2025,21,bearman,17,1,23.748
8437,2025,21,sainz,17,1,26.064
8438,2025,21,hadjar,18,1,23.708
8439,2025,21,gasly,18,1,23.673
8440,2025,21,lawson,19,1,22.899
8441,2025,21,antonelli,21,1,23.356
8442,2025,21,tsunoda,24,2,34.185
8443,2025,21,alonso,28,1,23.942
8444,2025,21,colapinto,29,1,23.710
8445,2025,21,stroll,29,1,23.760
8446,2025,21,norris,30,1,23.490
8447,2025,21,hamilton,32,3,30.752
8448,2025,21,russell,34,1,23.358
8449,2025,21,max_verstappen,34,2,23.058
8450,2025,21,albon,35,1,23.061
8451,2025,21,hulkenberg,36,1,23.086
8452,2025,21,hadjar,37,2,23.460
8453,2025,21,piastri,38,1,34.644
8454,2025,21,sainz,38,2,23.234
8455,2025,21,gasly,39,2,23.648
8456,2025,21,bearman,42,2,24.654
8457,2025,21,colapinto,43,2,26.124
8458,2025,21,alonso,46,2,23.563
8459,2025,21,antonelli,47,2,23.401
8460,2025,21,ocon,47,2,24.177
8461,2025,22,tsunoda,1,1,21.383
8462,2025,22,bortoleto,1,1,33.230
8463,2025,22,antonelli,2,1,21.968
8464,2025,22,lawson,2,1,32.736
8465,2025,22,gasly,2,1,23.903
8466,2025,22,albon,13,1,23.361
8467,2025,22,albon,14,2,30.065
8468,2025,22,alonso,16,1,21.068
8469,2025,22,russell,17,1,20.929
8470,2025,22,bearman,17,1,21.491
8471,2025,22,hadjar,20,1,21.324
8472,2025,22,piastri,21,1,21.371
8473,2025,22,norris,22,1,21.049
8474,2025,22,sainz,22,1,21.164
8475,2025,22,leclerc,24,1,21.351
8476,2025,22,max_verstappen,25,1,21.708
8477,2025,22,colapinto,25,1,22.842
8478,2025,22,ocon,27,1,22.389
8479,2025,22,tsunoda,27,2,20.680
8480,2025,22,lawson,28,2,21.287
8481,2025,22,hamilton,29,1,21.638
8482,2025,22,hulkenberg,30,1,22.333
8483,2025,22,albon,34,3,29.308
8484,2025,23,max_verstappen,7,1,29.970
8485,2025,23,antonelli,7,1,32.002
8486,2025,23,sainz,7,1,28.560
8487,2025,23,alonso,7,1,28.288
8488,2025,23,russell,7,1,33.241
8489,2025,23,hadjar,7,1,28.815
8490,2025,23,leclerc,7,1,30.395
8491,2025,23,bearman,7,1,28.837
8492,2025,23,lawson,7,1,28.993
8493,2025,23,hamilton,7,1,32.166
8494,2025,23,tsunoda,7,1,29.188
8495,2025,23,albon,7,1,28.890
8496,2025,23,bortoleto,7,1,28.471
8497,2025,23,stroll,7,1,28.124
8498,2025,23,colapinto,7,1,29.538
8499,2025,23,gasly,7,1,31.343
8500,2025,23,ocon,8,1,34.006
8501,2025,23,ocon,9,2,34.540
8502,2025,23,piastri,24,1,29.047
8503,2025,23,stroll,24,2,28.064
8504,2025,23,norris,25,1,27.938
8505,2025,23,max_verstappen,32,2,28.168
8506,2025,23,sainz,32,2,28.181
8507,2025,23,antonelli,32,2,28.544
8508,2025,23,alonso,32,2,28.935
8509,2025,23,hadjar,32,2,27.931
8510,2025,23,russell,32,2,29.077
8511,2025,23,leclerc,32,2,28.999
8512,2025,23,bearman,32,2,45.232
8513,2025,23,lawson,32,2,28.078
8514,2025,24,hulkenberg,7,1,21.619
8515,2025,24,hamilton,8,1,21.601
8516,2025,24,albon,8,1,21.551
8517,2025,24,gasly,13,1,22.585
8518,2025,24,russell,14,1,21.979
8519,2025,24,hadjar,14,1,21.932
8520,2025,24,bearman,14,1,22.263
8521,2025,24,bortoleto,15,1,22.121
8522,2025,24,colapinto,15,1,21.953
8523,2025,24,norris,16,1,21.323
8524,2025,24,leclerc,16,1,21.692
8525,2025,24,alonso,16,1,23.267
8526,2025,24,sainz,18,1,21.799
8527,2025,24,ocon,19,1,22.254
8528,2025,24,lawson,21,1,28.369
8529,2025,24,max_verstappen,23,1,21.703
8530,2025,24,hamilton,31,2,21.417
8531,2025,24,tsunoda,32,1,27.041
8532,2025,24,antonelli,32,1,22.155
8533,2025,24,albon,33,2,21.495
8534,2025,24,leclerc,39,2,20.902
8535,2025,24,norris,40,2,21.407
8536,2025,24,gasly,40,2,22.234
8537,2025,24,colapinto,40,2,22.955
8538,2025,24,piastri,41,1,21.565
8539,2025,24,stroll,42,1,21.535
8540,2025,24,hulkenberg,42,2,21.468
