,season,raceId,driverId,constructorId,position,status,grid,laps,round
0,2011,1,vettel,red_bull,1,Finished,1,58,
1,2011,1,hamilton,mclaren,2,Finished,2,58,
2,2011,1,petrov,renault,3,Finished,6,58,
3,2011,1,alonso,ferrari,4,Finished,5,58,
4,2011,1,webber,red_bull,5,Finished,3,58,
5,2011,1,button,mclaren,6,Finished,4,58,
6,2011,1,massa,ferrari,7,Finished,8,58,
7,2011,1,buemi,toro_rosso,8,+1 Lap,10,57,
8,2011,1,sutil,force_india,9,+1 Lap,16,57,
9,2011,1,resta,force_india,10,+1 Lap,14,57,
10,2011,1,alguersuari,toro_rosso,11,+1 Lap,12,57,
11,2011,1,heidfeld,renault,12,+1 Lap,18,57,
12,2011,1,trulli,lotus_racing,13,+2 Laps,20,56,
13,2011,1,ambrosio,virgin,14,+4 Laps,22,54,
14,2011,1,glock,virgin,15,+9 Laps,21,49,
15,2011,1,barrichello,williams,16,Transmission,17,48,
16,2011,1,rosberg,mercedes,17,Collision,7,22,
17,2011,1,kovalainen,lotus_racing,18,Water leak,19,19,
18,2011,1,michael_schumacher,mercedes,19,Collision,11,19,
19,2011,1,maldonado,williams,20,Transmission,15,9,
20,2011,1,kobayashi,sauber,21,Disqualified,9,58,
21,2011,1,perez,sauber,22,Disqualified,13,58,
22,2011,2,vettel,red_bull,1,Finished,1,56,
23,2011,2,button,mclaren,2,Finished,4,56,
24,2011,2,heidfeld,renault,3,Finished,6,56,
25,2011,2,webber,red_bull,4,Finished,3,56,
26,2011,2,massa,ferrari,5,Finished,7,56,
27,2011,2,alonso,ferrari,6,Finished,5,56,
28,2011,2,kobayashi,sauber,7,Finished,10,56,
29,2011,2,hamilton,mclaren,8,Finished,2,56,
30,2011,2,michael_schumacher,mercedes,9,Finished,11,56,
31,2011,2,resta,force_india,10,Finished,14,56,
32,2011,2,sutil,force_india,11,+1 Lap,17,55,
33,2011,2,rosberg,mercedes,12,+1 Lap,9,55,
34,2011,2,buemi,toro_rosso,13,+1 Lap,12,55,
35,2011,2,alguersuari,toro_rosso,14,+1 Lap,13,55,
36,2011,2,kovalainen,lotus_racing,15,+1 Lap,19,55,
37,2011,2,glock,virgin,16,+2 Laps,21,54,
38,2011,2,petrov,renault,17,Accident,8,52,
39,2011,2,liuzzi,hrt,18,+10 Laps,23,46,
40,2011,2,ambrosio,virgin,19,Accident,22,42,
41,2011,2,trulli,lotus_racing,20,Clutch,20,31,
42,2011,2,perez,sauber,21,Accident,16,23,
43,2011,2,barrichello,williams,22,Gearbox,15,22,
44,2011,2,karthikeyan,hrt,23,+42 Laps,24,14,
45,2011,2,maldonado,williams,24,Engine misfire,18,8,
46,2011,3,hamilton,mclaren,1,Finished,3,56,
47,2011,3,vettel,red_bull,2,Finished,1,56,
48,2011,3,webber,red_bull,3,Finished,18,56,
49,2011,3,button,mclaren,4,Finished,2,56,
50,2011,3,rosberg,mercedes,5,Finished,4,56,
51,2011,3,massa,ferrari,6,Finished,6,56,
52,2011,3,alonso,ferrari,7,Finished,5,56,
53,2011,3,michael_schumacher,mercedes,8,Finished,14,56,
54,2011,3,petrov,renault,9,Finished,10,56,
55,2011,3,kobayashi,sauber,10,Finished,13,56,
56,2011,3,resta,force_india,11,Finished,8,56,
57,2011,3,heidfeld,renault,12,Finished,16,56,
58,2011,3,barrichello,williams,13,Finished,15,56,
59,2011,3,buemi,toro_rosso,14,Finished,9,56,
60,2011,3,sutil,force_india,15,+1 Lap,11,55,
61,2011,3,kovalainen,lotus_racing,16,+1 Lap,19,55,
62,2011,3,perez,sauber,17,+1 Lap,12,55,
63,2011,3,maldonado,williams,18,+1 Lap,17,55,
64,2011,3,trulli,lotus_racing,19,+1 Lap,20,55,
65,2011,3,ambrosio,virgin,20,+2 Laps,21,54,
66,2011,3,glock,virgin,21,+2 Laps,22,54,
67,2011,3,liuzzi,hrt,22,+2 Laps,23,54,
68,2011,3,karthikeyan,hrt,23,+2 Laps,24,54,
69,2011,3,alguersuari,toro_rosso,24,Wheel,7,9,
70,2011,4,vettel,red_bull,1,Finished,1,58,
71,2011,4,webber,red_bull,2,Finished,2,58,
72,2011,4,alonso,ferrari,3,Finished,5,58,
73,2011,4,hamilton,mclaren,4,Finished,4,58,
74,2011,4,rosberg,mercedes,5,Finished,3,58,
75,2011,4,button,mclaren,6,Finished,6,58,
76,2011,4,heidfeld,renault,7,Finished,9,58,
77,2011,4,petrov,renault,8,Finished,7,58,
78,2011,4,buemi,toro_rosso,9,Finished,16,58,
79,2011,4,kobayashi,sauber,10,Finished,24,58,
80,2011,4,massa,ferrari,11,Finished,10,58,
81,2011,4,michael_schumacher,mercedes,12,Finished,8,58,
82,2011,4,sutil,force_india,13,+1 Lap,12,57,
83,2011,4,perez,sauber,14,+1 Lap,15,57,
84,2011,4,barrichello,williams,15,+1 Lap,11,57,
85,2011,4,alguersuari,toro_rosso,16,+1 Lap,17,57,
86,2011,4,maldonado,williams,17,+1 Lap,14,57,
87,2011,4,trulli,lotus_racing,18,+1 Lap,19,57,
88,2011,4,kovalainen,lotus_racing,19,+2 Laps,18,56,
89,2011,4,ambrosio,virgin,20,+2 Laps,23,56,
90,2011,4,karthikeyan,hrt,21,+3 Laps,22,55,
91,2011,4,liuzzi,hrt,22,+5 Laps,20,53,
92,2011,4,resta,force_india,23,Retired,13,44,
93,2011,4,glock,virgin,24,Gearbox,21,0,
94,2011,5,vettel,red_bull,1,Finished,2,66,
95,2011,5,hamilton,mclaren,2,Finished,3,66,
96,2011,5,button,mclaren,3,Finished,5,66,
97,2011,5,webber,red_bull,4,Finished,1,66,
98,2011,5,alonso,ferrari,5,+1 Lap,4,65,
99,2011,5,michael_schumacher,mercedes,6,+1 Lap,10,65,
100,2011,5,rosberg,mercedes,7,+1 Lap,7,65,
101,2011,5,heidfeld,renault,8,+1 Lap,24,65,
102,2011,5,perez,sauber,9,+1 Lap,12,65,
103,2011,5,kobayashi,sauber,10,+1 Lap,14,65,
104,2011,5,petrov,renault,11,+1 Lap,6,65,
105,2011,5,resta,force_india,12,+1 Lap,16,65,
106,2011,5,sutil,force_india,13,+1 Lap,17,65,
107,2011,5,buemi,toro_rosso,14,+1 Lap,11,65,
108,2011,5,maldonado,williams,15,+1 Lap,9,65,
109,2011,5,alguersuari,toro_rosso,16,+2 Laps,13,64,
110,2011,5,barrichello,williams,17,+2 Laps,19,64,
111,2011,5,trulli,lotus_racing,18,+2 Laps,18,64,
112,2011,5,glock,virgin,19,+3 Laps,20,63,
113,2011,5,ambrosio,virgin,20,+4 Laps,23,62,
114,2011,5,karthikeyan,hrt,21,+5 Laps,22,61,
115,2011,5,massa,ferrari,22,Gearbox,8,58,
116,2011,5,kovalainen,lotus_racing,23,Accident,15,48,
117,2011,5,liuzzi,hrt,24,Gearbox,21,28,
118,2011,6,vettel,red_bull,1,Finished,1,78,
119,2011,6,alonso,ferrari,2,Finished,4,78,
120,2011,6,button,mclaren,3,Finished,2,78,
121,2011,6,webber,red_bull,4,Finished,3,78,
122,2011,6,kobayashi,sauber,5,Finished,12,78,
123,2011,6,hamilton,mclaren,6,Finished,9,78,
124,2011,6,sutil,force_india,7,+1 Lap,14,77,
125,2011,6,heidfeld,renault,8,+1 Lap,15,77,
126,2011,6,barrichello,williams,9,+1 Lap,11,77,
127,2011,6,buemi,toro_rosso,10,+1 Lap,16,77,
128,2011,6,rosberg,mercedes,11,+2 Laps,7,76,
129,2011,6,resta,force_india,12,+2 Laps,13,76,
130,2011,6,trulli,lotus_racing,13,+2 Laps,18,76,
131,2011,6,kovalainen,lotus_racing,14,+2 Laps,17,76,
132,2011,6,ambrosio,virgin,15,+3 Laps,21,75,
133,2011,6,liuzzi,hrt,16,+3 Laps,23,75,
134,2011,6,karthikeyan,hrt,17,+4 Laps,22,74,
135,2011,6,maldonado,williams,18,Accident,8,73,
136,2011,6,petrov,renault,19,Collision,10,67,
137,2011,6,alguersuari,toro_rosso,20,Collision,19,66,
138,2011,6,massa,ferrari,21,Accident,6,32,
139,2011,6,michael_schumacher,mercedes,22,Engine,5,32,
140,2011,6,glock,virgin,23,Suspension,20,30,
141,2011,6,perez,sauber,24,Injury,0,0,
142,2011,7,button,mclaren,1,Finished,7,70,
143,2011,7,vettel,red_bull,2,Finished,1,70,
144,2011,7,webber,red_bull,3,Finished,4,70,
145,2011,7,michael_schumacher,mercedes,4,Finished,8,70,
146,2011,7,petrov,renault,5,Finished,10,70,
147,2011,7,massa,ferrari,6,Finished,3,70,
148,2011,7,kobayashi,sauber,7,Finished,13,70,
149,2011,7,alguersuari,toro_rosso,8,Finished,24,70,
150,2011,7,barrichello,williams,9,Finished,16,70,
151,2011,7,buemi,toro_rosso,10,Finished,15,70,
152,2011,7,rosberg,mercedes,11,Finished,6,70,
153,2011,7,rosa,sauber,12,Finished,17,70,
154,2011,7,liuzzi,hrt,13,+1 Lap,20,69,
155,2011,7,ambrosio,virgin,14,+1 Lap,23,69,
156,2011,7,glock,virgin,15,+1 Lap,21,69,
157,2011,7,trulli,lotus_racing,16,+1 Lap,18,69,
158,2011,7,karthikeyan,hrt,17,+1 Lap,22,69,
159,2011,7,resta,force_india,18,Accident,11,67,
160,2011,7,maldonado,williams,19,Retired,12,61,
161,2011,7,heidfeld,renault,20,Accident,9,55,
162,2011,7,sutil,force_india,21,Accident,14,49,
163,2011,7,alonso,ferrari,22,Collision,2,36,
164,2011,7,kovalainen,lotus_racing,23,Transmission,19,28,
165,2011,7,hamilton,mclaren,24,Collision,5,7,
166,2011,8,vettel,red_bull,1,Finished,1,57,
167,2011,8,alonso,ferrari,2,Finished,4,57,
168,2011,8,webber,red_bull,3,Finished,2,57,
169,2011,8,hamilton,mclaren,4,Finished,3,57,
170,2011,8,massa,ferrari,5,Finished,5,57,
171,2011,8,button,mclaren,6,Finished,6,57,
172,2011,8,rosberg,mercedes,7,Finished,7,57,
173,2011,8,alguersuari,toro_rosso,8,+1 Lap,18,56,
174,2011,8,sutil,force_india,9,+1 Lap,10,56,
175,2011,8,heidfeld,renault,10,+1 Lap,9,56,
176,2011,8,perez,sauber,11,+1 Lap,16,56,
177,2011,8,barrichello,williams,12,+1 Lap,13,56,
178,2011,8,buemi,toro_rosso,13,+1 Lap,17,56,
179,2011,8,resta,force_india,14,+1 Lap,12,56,
180,2011,8,petrov,renault,15,+1 Lap,11,56,
181,2011,8,kobayashi,sauber,16,+1 Lap,14,56,
182,2011,8,michael_schumacher,mercedes,17,+1 Lap,8,56,
183,2011,8,maldonado,williams,18,+1 Lap,15,56,
184,2011,8,kovalainen,lotus_racing,19,+2 Laps,19,55,
185,2011,8,trulli,lotus_racing,20,+2 Laps,20,55,
186,2011,8,glock,virgin,21,+2 Laps,21,55,
187,2011,8,ambrosio,virgin,22,+2 Laps,23,55,
188,2011,8,liuzzi,hrt,23,+3 Laps,22,54,
189,2011,8,karthikeyan,hrt,24,+3 Laps,24,54,
190,2011,9,alonso,ferrari,1,Finished,3,52,
191,2011,9,vettel,red_bull,2,Finished,2,52,
192,2011,9,webber,red_bull,3,Finished,1,52,
193,2011,9,hamilton,mclaren,4,Finished,10,52,
194,2011,9,massa,ferrari,5,Finished,4,52,
195,2011,9,rosberg,mercedes,6,Finished,9,52,
196,2011,9,perez,sauber,7,Finished,12,52,
197,2011,9,heidfeld,renault,8,Finished,16,52,
198,2011,9,michael_schumacher,mercedes,9,Finished,13,52,
199,2011,9,alguersuari,toro_rosso,10,Finished,18,52,
200,2011,9,sutil,force_india,11,Finished,11,52,
201,2011,9,petrov,renault,12,Finished,14,52,
202,2011,9,barrichello,williams,13,+1 Lap,15,51,
203,2011,9,maldonado,williams,14,+1 Lap,7,51,
204,2011,9,resta,force_india,15,+1 Lap,6,51,
205,2011,9,glock,virgin,16,+2 Laps,20,50,
206,2011,9,ambrosio,virgin,17,+2 Laps,22,50,
207,2011,9,liuzzi,hrt,18,+2 Laps,23,50,
208,2011,9,ricciardo,hrt,19,+3 Laps,24,49,
209,2011,9,button,mclaren,20,Wheel nut,5,39,
210,2011,9,buemi,toro_rosso,21,Accident,19,25,
211,2011,9,kobayashi,sauber,22,Engine,8,23,
212,2011,9,trulli,lotus_racing,23,Oil leak,21,10,
213,2011,9,kovalainen,lotus_racing,24,Gearbox,17,2,
214,2011,10,hamilton,mclaren,1,Finished,2,60,
215,2011,10,alonso,ferrari,2,Finished,4,60,
216,2011,10,webber,red_bull,3,Finished,1,60,
217,2011,10,vettel,red_bull,4,Finished,3,60,
218,2011,10,massa,ferrari,5,Finished,5,60,
219,2011,10,sutil,force_india,6,Finished,8,60,
220,2011,10,rosberg,mercedes,7,+1 Lap,6,59,
221,2011,10,michael_schumacher,mercedes,8,+1 Lap,10,59,
222,2011,10,kobayashi,sauber,9,+1 Lap,17,59,
223,2011,10,petrov,renault,10,+1 Lap,9,59,
224,2011,10,perez,sauber,11,+1 Lap,15,59,
225,2011,10,alguersuari,toro_rosso,12,+1 Lap,16,59,
226,2011,10,resta,force_india,13,+1 Lap,12,59,
227,2011,10,maldonado,williams,14,+1 Lap,13,59,
228,2011,10,buemi,toro_rosso,15,+1 Lap,24,59,
229,2011,10,kovalainen,lotus_racing,16,+2 Laps,18,58,
230,2011,10,glock,virgin,17,+3 Laps,19,57,
231,2011,10,ambrosio,virgin,18,+3 Laps,21,57,
232,2011,10,ricciardo,hrt,19,+3 Laps,22,57,
233,2011,10,chandhok,lotus_racing,20,+4 Laps,20,56,
234,2011,10,liuzzi,hrt,21,Electrical,23,37,
235,2011,10,button,mclaren,22,Hydraulics,7,35,
236,2011,10,barrichello,williams,23,Oil leak,14,16,
237,2011,10,heidfeld,renault,24,Collision,11,9,
238,2011,11,button,mclaren,1,Finished,3,70,
239,2011,11,vettel,red_bull,2,Finished,1,70,
240,2011,11,alonso,ferrari,3,Finished,5,70,
241,2011,11,hamilton,mclaren,4,Finished,2,70,
242,2011,11,webber,red_bull,5,Finished,6,70,
243,2011,11,massa,ferrari,6,Finished,4,70,
244,2011,11,resta,force_india,7,+1 Lap,11,69,
245,2011,11,buemi,toro_rosso,8,+1 Lap,23,69,
246,2011,11,rosberg,mercedes,9,+1 Lap,7,69,
247,2011,11,alguersuari,toro_rosso,10,+1 Lap,16,69,
248,2011,11,kobayashi,sauber,11,+1 Lap,13,69,
249,2011,11,petrov,renault,12,+1 Lap,12,69,
250,2011,11,barrichello,williams,13,+2 Laps,15,68,
251,2011,11,sutil,force_india,14,+2 Laps,8,68,
252,2011,11,perez,sauber,15,+2 Laps,10,68,
253,2011,11,maldonado,williams,16,+2 Laps,17,68,
254,2011,11,glock,virgin,17,+4 Laps,20,66,
255,2011,11,ricciardo,hrt,18,+4 Laps,22,66,
256,2011,11,ambrosio,virgin,19,+5 Laps,24,65,
257,2011,11,liuzzi,hrt,20,+5 Laps,21,65,
258,2011,11,kovalainen,lotus_racing,21,Water leak,18,55,
259,2011,11,michael_schumacher,mercedes,22,Gearbox,9,26,
260,2011,11,heidfeld,renault,23,Heat shield fire,14,23,
261,2011,11,trulli,lotus_racing,24,Oil leak,19,17,
262,2011,12,vettel,red_bull,1,Finished,1,44,
263,2011,12,webber,red_bull,2,Finished,3,44,
264,2011,12,button,mclaren,3,Finished,13,44,
265,2011,12,alonso,ferrari,4,Finished,8,44,
266,2011,12,michael_schumacher,mercedes,5,Finished,24,44,
267,2011,12,rosberg,mercedes,6,Finished,5,44,
268,2011,12,sutil,force_india,7,Finished,15,44,
269,2011,12,massa,ferrari,8,Finished,4,44,
270,2011,12,petrov,renault,9,Finished,10,44,
271,2011,12,maldonado,williams,10,Finished,21,44,
272,2011,12,resta,force_india,11,Finished,17,44,
273,2011,12,kobayashi,sauber,12,Finished,12,44,
274,2011,12,bruno_senna,renault,13,Finished,7,44,
275,2011,12,trulli,lotus_racing,14,+1 Lap,18,43,
276,2011,12,kovalainen,lotus_racing,15,+1 Lap,16,43,
277,2011,12,barrichello,williams,16,+1 Lap,14,43,
278,2011,12,ambrosio,virgin,17,+1 Lap,20,43,
279,2011,12,glock,virgin,18,+1 Lap,19,43,
280,2011,12,liuzzi,hrt,19,+1 Lap,22,43,
281,2011,12,perez,sauber,20,Suspension,9,27,
282,2011,12,ricciardo,hrt,21,Engine,23,13,
283,2011,12,hamilton,mclaren,22,Collision,2,12,
284,2011,12,buemi,toro_rosso,23,Rear wing,11,6,
285,2011,12,alguersuari,toro_rosso,24,Collision,6,0,
286,2011,13,vettel,red_bull,1,Finished,1,53,
287,2011,13,button,mclaren,2,Finished,3,53,
288,2011,13,alonso,ferrari,3,Finished,4,53,
289,2011,13,hamilton,mclaren,4,Finished,2,53,
290,2011,13,michael_schumacher,mercedes,5,Finished,8,53,
291,2011,13,massa,ferrari,6,Finished,6,53,
292,2011,13,alguersuari,toro_rosso,7,+1 Lap,18,52,
293,2011,13,resta,force_india,8,+1 Lap,11,52,
294,2011,13,bruno_senna,renault,9,+1 Lap,10,52,
295,2011,13,buemi,toro_rosso,10,+1 Lap,16,52,
296,2011,13,maldonado,williams,11,+1 Lap,14,52,
297,2011,13,barrichello,williams,12,+1 Lap,13,52,
298,2011,13,kovalainen,lotus_racing,13,+2 Laps,20,51,
299,2011,13,trulli,lotus_racing,14,+2 Laps,19,51,
300,2011,13,glock,virgin,15,+2 Laps,21,51,
301,2011,13,ricciardo,hrt,16,+14 Laps,23,39,
302,2011,13,perez,sauber,17,Gearbox,15,32,
303,2011,13,kobayashi,sauber,18,Gearbox,17,21,
304,2011,13,sutil,force_india,19,Hydraulics,12,9,
305,2011,13,webber,red_bull,20,Accident,5,4,
306,2011,13,ambrosio,virgin,21,Gearbox,22,1,
307,2011,13,petrov,renault,22,Collision,7,0,
308,2011,13,rosberg,mercedes,23,Collision,9,0,
309,2011,13,liuzzi,hrt,24,Collision,24,0,
310,2011,14,vettel,red_bull,1,Finished,1,61,
311,2011,14,button,mclaren,2,Finished,3,61,
312,2011,14,webber,red_bull,3,Finished,2,61,
313,2011,14,alonso,ferrari,4,Finished,5,61,
314,2011,14,hamilton,mclaren,5,Finished,4,61,
315,2011,14,resta,force_india,6,Finished,10,61,
316,2011,14,rosberg,mercedes,7,+1 Lap,7,60,
317,2011,14,sutil,force_india,8,+1 Lap,9,60,
318,2011,14,massa,ferrari,9,+1 Lap,6,60,
319,2011,14,perez,sauber,10,+1 Lap,11,60,
320,2011,14,maldonado,williams,11,+1 Lap,13,60,
321,2011,14,buemi,toro_rosso,12,+1 Lap,14,60,
322,2011,14,barrichello,williams,13,+1 Lap,12,60,
323,2011,14,kobayashi,sauber,14,+2 Laps,17,59,
324,2011,14,bruno_senna,renault,15,+2 Laps,15,59,
325,2011,14,kovalainen,lotus_racing,16,+2 Laps,19,59,
326,2011,14,petrov,renault,17,+2 Laps,18,59,
327,2011,14,ambrosio,virgin,18,+2 Laps,22,59,
328,2011,14,ricciardo,hrt,19,+4 Laps,23,57,
329,2011,14,liuzzi,hrt,20,+4 Laps,24,57,
330,2011,14,alguersuari,toro_rosso,21,Accident,16,56,
331,2011,14,trulli,lotus_racing,22,Gearbox,20,47,
332,2011,14,michael_schumacher,mercedes,23,Accident,8,28,
333,2011,14,glock,virgin,24,Accident,21,9,
334,2011,15,button,mclaren,1,Finished,2,53,
335,2011,15,alonso,ferrari,2,Finished,5,53,
336,2011,15,vettel,red_bull,3,Finished,1,53,
337,2011,15,webber,red_bull,4,Finished,6,53,
338,2011,15,hamilton,mclaren,5,Finished,3,53,
339,2011,15,michael_schumacher,mercedes,6,Finished,8,53,
340,2011,15,massa,ferrari,7,Finished,4,53,
341,2011,15,perez,sauber,8,Finished,17,53,
342,2011,15,petrov,renault,9,Finished,10,53,
343,2011,15,rosberg,mercedes,10,Finished,23,53,
344,2011,15,sutil,force_india,11,Finished,11,53,
345,2011,15,resta,force_india,12,Finished,12,53,
346,2011,15,kobayashi,sauber,13,Finished,7,53,
347,2011,15,maldonado,williams,14,Finished,14,53,
348,2011,15,alguersuari,toro_rosso,15,Finished,16,53,
349,2011,15,bruno_senna,renault,16,Finished,9,53,
350,2011,15,barrichello,williams,17,Finished,13,53,
351,2011,15,kovalainen,lotus_racing,18,Finished,18,53,
352,2011,15,trulli,lotus_racing,19,Finished,19,53,
353,2011,15,glock,virgin,20,+2 Laps,21,51,
354,2011,15,ambrosio,virgin,21,+2 Laps,20,51,
355,2011,15,ricciardo,hrt,22,+2 Laps,22,51,
356,2011,15,liuzzi,hrt,23,+3 Laps,24,50,
357,2011,15,buemi,toro_rosso,24,Wheel,15,11,
358,2011,16,vettel,red_bull,1,Finished,2,55,
359,2011,16,hamilton,mclaren,2,Finished,1,55,
360,2011,16,webber,red_bull,3,Finished,4,55,
361,2011,16,button,mclaren,4,Finished,3,55,
362,2011,16,alonso,ferrari,5,Finished,6,55,
363,2011,16,massa,ferrari,6,Finished,5,55,
364,2011,16,alguersuari,toro_rosso,7,Finished,11,55,
365,2011,16,rosberg,mercedes,8,Finished,7,55,
366,2011,16,buemi,toro_rosso,9,Finished,13,55,
367,2011,16,resta,force_india,10,Finished,9,55,
368,2011,16,sutil,force_india,11,Finished,10,55,
369,2011,16,barrichello,williams,12,Finished,18,55,
370,2011,16,bruno_senna,renault,13,+1 Lap,15,54,
371,2011,16,kovalainen,lotus_racing,14,+1 Lap,19,54,
372,2011,16,kobayashi,sauber,15,+1 Lap,14,54,
373,2011,16,perez,sauber,16,+1 Lap,17,54,
374,2011,16,trulli,lotus_racing,17,+1 Lap,20,54,
375,2011,16,glock,virgin,18,+1 Lap,21,54,
376,2011,16,ricciardo,hrt,19,+1 Lap,24,54,
377,2011,16,ambrosio,virgin,20,+1 Lap,22,54,
378,2011,16,liuzzi,hrt,21,+3 Laps,23,52,
379,2011,16,maldonado,williams,22,Clutch,16,30,
380,2011,16,petrov,renault,23,Collision,8,16,
381,2011,16,michael_schumacher,mercedes,24,Collision,12,15,
382,2011,17,vettel,red_bull,1,Finished,1,60,
383,2011,17,button,mclaren,2,Finished,4,60,
384,2011,17,alonso,ferrari,3,Finished,3,60,
385,2011,17,webber,red_bull,4,Finished,2,60,
386,2011,17,michael_schumacher,mercedes,5,Finished,11,60,
387,2011,17,rosberg,mercedes,6,Finished,7,60,
388,2011,17,hamilton,mclaren,7,Finished,5,60,
389,2011,17,alguersuari,toro_rosso,8,+1 Lap,10,59,
390,2011,17,sutil,force_india,9,+1 Lap,8,59,
391,2011,17,perez,sauber,10,+1 Lap,20,59,
392,2011,17,petrov,renault,11,+1 Lap,16,59,
393,2011,17,bruno_senna,renault,12,+1 Lap,14,59,
394,2011,17,resta,force_india,13,+1 Lap,12,59,
395,2011,17,kovalainen,lotus_racing,14,+2 Laps,18,58,
396,2011,17,barrichello,williams,15,+2 Laps,15,58,
397,2011,17,ambrosio,virgin,16,+3 Laps,21,57,
398,2011,17,karthikeyan,hrt,17,+3 Laps,24,57,
399,2011,17,ricciardo,hrt,18,+3 Laps,23,57,
400,2011,17,trulli,lotus_racing,19,+5 Laps,19,55,
401,2011,17,massa,ferrari,20,Suspension,6,32,
402,2011,17,buemi,toro_rosso,21,Engine,9,24,
403,2011,17,maldonado,williams,22,Gearbox,13,12,
404,2011,17,glock,virgin,23,Collision,22,2,
405,2011,17,kobayashi,sauber,24,Collision,17,0,
406,2011,18,hamilton,mclaren,1,Finished,2,55,
407,2011,18,alonso,ferrari,2,Finished,5,55,
408,2011,18,button,mclaren,3,Finished,3,55,
409,2011,18,webber,red_bull,4,Finished,4,55,
410,2011,18,massa,ferrari,5,Finished,6,55,
411,2011,18,rosberg,mercedes,6,Finished,7,55,
412,2011,18,michael_schumacher,mercedes,7,Finished,8,55,
413,2011,18,sutil,force_india,8,Finished,9,55,
414,2011,18,resta,force_india,9,Finished,10,55,
415,2011,18,kobayashi,sauber,10,+1 Lap,16,54,
416,2011,18,perez,sauber,11,+1 Lap,11,54,
417,2011,18,barrichello,williams,12,+1 Lap,24,54,
418,2011,18,petrov,renault,13,+1 Lap,12,54,
419,2011,18,maldonado,williams,14,+1 Lap,23,54,
420,2011,18,alguersuari,toro_rosso,15,+1 Lap,15,54,
421,2011,18,bruno_senna,renault,16,+1 Lap,14,54,
422,2011,18,kovalainen,lotus_racing,17,+1 Lap,17,54,
423,2011,18,trulli,lotus_racing,18,+2 Laps,18,53,
424,2011,18,glock,virgin,19,+2 Laps,19,53,
425,2011,18,liuzzi,hrt,20,+2 Laps,22,53,
426,2011,18,ricciardo,hrt,21,Mechanical,20,48,
427,2011,18,buemi,toro_rosso,22,Hydraulics,13,19,
428,2011,18,ambrosio,virgin,23,Brakes,21,18,
429,2011,18,vettel,red_bull,24,Puncture,1,1,
430,2011,19,webber,red_bull,1,Finished,2,71,
431,2011,19,vettel,red_bull,2,Finished,1,71,
432,2011,19,button,mclaren,3,Finished,3,71,
433,2011,19,alonso,ferrari,4,Finished,5,71,
434,2011,19,massa,ferrari,5,Finished,7,71,
435,2011,19,sutil,force_india,6,+1 Lap,8,70,
436,2011,19,rosberg,mercedes,7,+1 Lap,6,70,
437,2011,19,resta,force_india,8,+1 Lap,11,70,
438,2011,19,kobayashi,sauber,9,+1 Lap,16,70,
439,2011,19,petrov,renault,10,+1 Lap,15,70,
440,2011,19,alguersuari,toro_rosso,11,+1 Lap,13,70,
441,2011,19,buemi,toro_rosso,12,+1 Lap,14,70,
442,2011,19,perez,sauber,13,+1 Lap,17,70,
443,2011,19,barrichello,williams,14,+1 Lap,12,70,
444,2011,19,michael_schumacher,mercedes,15,+1 Lap,10,70,
445,2011,19,kovalainen,lotus_racing,16,+2 Laps,19,69,
446,2011,19,bruno_senna,renault,17,+2 Laps,9,69,
447,2011,19,trulli,lotus_racing,18,+2 Laps,20,69,
448,2011,19,ambrosio,virgin,19,+3 Laps,23,68,
449,2011,19,ricciardo,hrt,20,+3 Laps,22,68,
450,2011,19,liuzzi,hrt,21,Retired,21,61,
451,2011,19,hamilton,mclaren,22,Gearbox,4,46,
452,2011,19,maldonado,williams,23,Retired,18,26,
453,2011,19,glock,virgin,24,Retired,24,21,
454,2012,1,button,mclaren,1,Finished,2,58,
455,2012,1,vettel,red_bull,2,Finished,6,58,
456,2012,1,hamilton,mclaren,3,Finished,1,58,
457,2012,1,webber,red_bull,4,Finished,5,58,
458,2012,1,alonso,ferrari,5,Finished,12,58,
459,2012,1,kobayashi,sauber,6,Finished,13,58,
460,2012,1,raikkonen,lotus_f1,7,Finished,17,58,
461,2012,1,perez,sauber,8,Finished,22,58,
462,2012,1,ricciardo,toro_rosso,9,Finished,10,58,
463,2012,1,resta,force_india,10,Finished,15,58,
464,2012,1,vergne,toro_rosso,11,Finished,11,58,
465,2012,1,rosberg,mercedes,12,Finished,7,58,
466,2012,1,maldonado,williams,13,Accident,8,57,
467,2012,1,glock,marussia,14,+1 Lap,20,57,
468,2012,1,pic,marussia,15,+5 Laps,21,53,
469,2012,1,bruno_senna,williams,16,Collision,14,52,
470,2012,1,massa,ferrari,17,Collision,16,46,
471,2012,1,kovalainen,caterham,18,Suspension,18,38,
472,2012,1,petrov,caterham,19,Steering,19,34,
473,2012,1,michael_schumacher,mercedes,20,Gearbox,4,10,
474,2012,1,grosjean,lotus_f1,21,Collision,3,1,
475,2012,1,hulkenberg,force_india,22,Collision,9,0,
476,2012,2,alonso,ferrari,1,Finished,8,56,
477,2012,2,perez,sauber,2,Finished,9,56,
478,2012,2,hamilton,mclaren,3,Finished,1,56,
479,2012,2,webber,red_bull,4,Finished,4,56,
480,2012,2,raikkonen,lotus_f1,5,Finished,10,56,
481,2012,2,bruno_senna,williams,6,Finished,13,56,
482,2012,2,resta,force_india,7,Finished,14,56,
483,2012,2,vergne,toro_rosso,8,Finished,18,56,
484,2012,2,hulkenberg,force_india,9,Finished,16,56,
485,2012,2,michael_schumacher,mercedes,10,Finished,3,56,
486,2012,2,vettel,red_bull,11,Finished,5,56,
487,2012,2,ricciardo,toro_rosso,12,Finished,15,56,
488,2012,2,rosberg,mercedes,13,Finished,7,56,
489,2012,2,button,mclaren,14,Finished,2,56,
490,2012,2,massa,ferrari,15,Finished,12,56,
491,2012,2,petrov,caterham,16,+1 Lap,19,55,
492,2012,2,glock,marussia,17,+1 Lap,20,55,
493,2012,2,kovalainen,caterham,18,+1 Lap,24,55,
494,2012,2,maldonado,williams,19,Engine,11,54,
495,2012,2,pic,marussia,20,+2 Laps,21,54,
496,2012,2,karthikeyan,hrt,21,+2 Laps,23,54,
497,2012,2,rosa,hrt,22,+2 Laps,22,54,
498,2012,2,kobayashi,sauber,23,Retired,17,46,
499,2012,2,grosjean,lotus_f1,24,Collision,6,3,
500,2012,3,rosberg,mercedes,1,Finished,1,56,
501,2012,3,button,mclaren,2,Finished,5,56,
502,2012,3,hamilton,mclaren,3,Finished,7,56,
503,2012,3,webber,red_bull,4,Finished,6,56,
504,2012,3,vettel,red_bull,5,Finished,11,56,
505,2012,3,grosjean,lotus_f1,6,Finished,10,56,
506,2012,3,bruno_senna,williams,7,Finished,14,56,
507,2012,3,maldonado,williams,8,Finished,13,56,
508,2012,3,alonso,ferrari,9,Finished,9,56,
509,2012,3,kobayashi,sauber,10,Finished,3,56,
510,2012,3,perez,sauber,11,Finished,8,56,
511,2012,3,resta,force_india,12,Finished,15,56,
512,2012,3,massa,ferrari,13,Finished,12,56,
513,2012,3,raikkonen,lotus_f1,14,Finished,4,56,
514,2012,3,hulkenberg,force_india,15,Finished,16,56,
515,2012,3,vergne,toro_rosso,16,Finished,24,56,
516,2012,3,ricciardo,toro_rosso,17,Finished,17,56,
517,2012,3,petrov,caterham,18,+1 Lap,19,55,
518,2012,3,glock,marussia,19,+1 Lap,20,55,
519,2012,3,pic,marussia,20,+1 Lap,21,55,
520,2012,3,rosa,hrt,21,+1 Lap,22,55,
521,2012,3,karthikeyan,hrt,22,+2 Laps,23,54,
522,2012,3,kovalainen,caterham,23,+3 Laps,18,53,
523,2012,3,michael_schumacher,mercedes,24,Wheel nut,2,12,
524,2012,4,vettel,red_bull,1,Finished,1,57,
525,2012,4,raikkonen,lotus_f1,2,Finished,11,57,
526,2012,4,grosjean,lotus_f1,3,Finished,7,57,
527,2012,4,webber,red_bull,4,Finished,3,57,
528,2012,4,rosberg,mercedes,5,Finished,5,57,
529,2012,4,resta,force_india,6,Finished,10,57,
530,2012,4,alonso,ferrari,7,Finished,9,57,
531,2012,4,hamilton,mclaren,8,Finished,2,57,
532,2012,4,massa,ferrari,9,Finished,14,57,
533,2012,4,michael_schumacher,mercedes,10,Finished,22,57,
534,2012,4,perez,sauber,11,Finished,8,57,
535,2012,4,hulkenberg,force_india,12,Finished,13,57,
536,2012,4,kobayashi,sauber,13,Finished,12,57,
537,2012,4,vergne,toro_rosso,14,Finished,17,57,
538,2012,4,ricciardo,toro_rosso,15,+1 Lap,6,56,
539,2012,4,petrov,caterham,16,+1 Lap,18,56,
540,2012,4,kovalainen,caterham,17,+1 Lap,16,56,
541,2012,4,button,mclaren,18,Exhaust,4,55,
542,2012,4,glock,marussia,19,+2 Laps,23,55,
543,2012,4,rosa,hrt,20,+2 Laps,20,55,
544,2012,4,karthikeyan,hrt,21,+2 Laps,24,55,
545,2012,4,bruno_senna,williams,22,Vibrations,15,54,
546,2012,4,maldonado,williams,23,Puncture,21,25,
547,2012,4,pic,marussia,24,Engine,19,24,
548,2012,5,maldonado,williams,1,Finished,1,66,
549,2012,5,alonso,ferrari,2,Finished,2,66,
550,2012,5,raikkonen,lotus_f1,3,Finished,4,66,
551,2012,5,grosjean,lotus_f1,4,Finished,3,66,
552,2012,5,kobayashi,sauber,5,Finished,9,66,
553,2012,5,vettel,red_bull,6,Finished,7,66,
554,2012,5,rosberg,mercedes,7,Finished,6,66,
555,2012,5,hamilton,mclaren,8,Finished,24,66,
556,2012,5,button,mclaren,9,Finished,10,66,
557,2012,5,hulkenberg,force_india,10,+1 Lap,13,65,
558,2012,5,webber,red_bull,11,+1 Lap,11,65,
559,2012,5,vergne,toro_rosso,12,+1 Lap,14,65,
560,2012,5,ricciardo,toro_rosso,13,+1 Lap,15,65,
561,2012,5,resta,force_india,14,+1 Lap,12,65,
562,2012,5,massa,ferrari,15,+1 Lap,16,65,
563,2012,5,kovalainen,caterham,16,+1 Lap,19,65,
564,2012,5,petrov,caterham,17,+1 Lap,18,65,
565,2012,5,glock,marussia,18,+2 Laps,21,64,
566,2012,5,rosa,hrt,19,+3 Laps,22,63,
567,2012,5,perez,sauber,20,Wheel nut,5,37,
568,2012,5,pic,marussia,21,Mechanical,20,35,
569,2012,5,karthikeyan,hrt,22,Mechanical,23,22,
570,2012,5,bruno_senna,williams,23,Collision,17,12,
571,2012,5,michael_schumacher,mercedes,24,Collision,8,12,
572,2012,6,webber,red_bull,1,Finished,1,78,
573,2012,6,rosberg,mercedes,2,Finished,2,78,
574,2012,6,alonso,ferrari,3,Finished,5,78,
575,2012,6,vettel,red_bull,4,Finished,9,78,
576,2012,6,hamilton,mclaren,5,Finished,3,78,
577,2012,6,massa,ferrari,6,Finished,7,78,
578,2012,6,resta,force_india,7,Finished,14,78,
579,2012,6,hulkenberg,force_india,8,Finished,10,78,
580,2012,6,raikkonen,lotus_f1,9,Finished,8,78,
581,2012,6,bruno_senna,williams,10,Finished,13,78,
582,2012,6,perez,sauber,11,+1 Lap,23,77,
583,2012,6,vergne,toro_rosso,12,+1 Lap,16,77,
584,2012,6,kovalainen,caterham,13,+1 Lap,17,77,
585,2012,6,glock,marussia,14,+1 Lap,19,77,
586,2012,6,karthikeyan,hrt,15,+2 Laps,22,76,
587,2012,6,button,mclaren,16,Collision,12,70,
588,2012,6,ricciardo,toro_rosso,17,Retired,15,65,
589,2012,6,pic,marussia,18,Retired,21,64,
590,2012,6,michael_schumacher,mercedes,19,Fuel pressure,6,63,
591,2012,6,petrov,caterham,20,Electrical,18,15,
592,2012,6,kobayashi,sauber,21,Accident,11,5,
593,2012,6,rosa,hrt,22,Accident,20,0,
594,2012,6,maldonado,williams,23,Accident,24,0,
595,2012,6,grosjean,lotus_f1,24,Accident,4,0,
596,2012,7,hamilton,mclaren,1,Finished,2,70,
597,2012,7,grosjean,lotus_f1,2,Finished,7,70,
598,2012,7,perez,sauber,3,Finished,15,70,
599,2012,7,vettel,red_bull,4,Finished,1,70,
600,2012,7,alonso,ferrari,5,Finished,3,70,
601,2012,7,rosberg,mercedes,6,Finished,5,70,
602,2012,7,webber,red_bull,7,Finished,4,70,
603,2012,7,raikkonen,lotus_f1,8,Finished,12,70,
604,2012,7,kobayashi,sauber,9,Finished,11,70,
605,2012,7,massa,ferrari,10,Finished,6,70,
606,2012,7,resta,force_india,11,Finished,8,70,
607,2012,7,hulkenberg,force_india,12,Finished,13,70,
608,2012,7,maldonado,williams,13,Finished,22,70,
609,2012,7,ricciardo,toro_rosso,14,Finished,14,70,
610,2012,7,vergne,toro_rosso,15,+1 Lap,19,69,
611,2012,7,button,mclaren,16,+1 Lap,10,69,
612,2012,7,bruno_senna,williams,17,+1 Lap,16,69,
613,2012,7,kovalainen,caterham,18,+1 Lap,17,69,
614,2012,7,petrov,caterham,19,+1 Lap,18,69,
615,2012,7,pic,marussia,20,+3 Laps,23,69,
616,2012,7,glock,marussia,21,Suspension,21,56,
617,2012,7,michael_schumacher,mercedes,22,Rear wing,9,43,
618,2012,7,rosa,hrt,23,Brakes,20,24,
619,2012,7,karthikeyan,hrt,24,Suspension,24,22,
620,2012,8,alonso,ferrari,1,Finished,11,57,
621,2012,8,raikkonen,lotus_f1,2,Finished,5,57,
622,2012,8,michael_schumacher,mercedes,3,Finished,12,57,
623,2012,8,webber,red_bull,4,Finished,19,57,
624,2012,8,hulkenberg,force_india,5,Finished,8,57,
625,2012,8,rosberg,mercedes,6,Finished,6,57,
626,2012,8,resta,force_india,7,Finished,10,57,
627,2012,8,button,mclaren,8,Finished,9,57,
628,2012,8,perez,sauber,9,Finished,15,57,
629,2012,8,bruno_senna,williams,10,Finished,14,57,
630,2012,8,ricciardo,toro_rosso,11,Finished,17,57,
631,2012,8,maldonado,williams,12,Finished,3,57,
632,2012,8,petrov,caterham,13,Finished,20,57,
633,2012,8,kovalainen,caterham,14,Finished,16,57,
634,2012,8,pic,marussia,15,Finished,23,57,
635,2012,8,massa,ferrari,16,+1 Lap,13,56,
636,2012,8,rosa,hrt,17,+1 Lap,21,56,
637,2012,8,karthikeyan,hrt,18,+1 Lap,22,56,
638,2012,8,hamilton,mclaren,19,Collision,2,55,
639,2012,8,grosjean,lotus_f1,20,Electronics,4,40,
640,2012,8,vettel,red_bull,21,Gearbox,1,33,
641,2012,8,kobayashi,sauber,22,Collision,7,33,
642,2012,8,vergne,toro_rosso,23,Collision,18,26,
643,2012,8,glock,marussia,24,Withdrew,0,0,
644,2012,9,webber,red_bull,1,Finished,2,52,
645,2012,9,alonso,ferrari,2,Finished,1,52,
646,2012,9,vettel,red_bull,3,Finished,4,52,
647,2012,9,massa,ferrari,4,Finished,5,52,
648,2012,9,raikkonen,lotus_f1,5,Finished,6,52,
649,2012,9,grosjean,lotus_f1,6,Finished,9,52,
650,2012,9,michael_schumacher,mercedes,7,Finished,3,52,
651,2012,9,hamilton,mclaren,8,Finished,8,52,
652,2012,9,bruno_senna,williams,9,Finished,13,52,
653,2012,9,button,mclaren,10,Finished,16,52,
654,2012,9,kobayashi,sauber,11,Finished,17,52,
655,2012,9,hulkenberg,force_india,12,Finished,14,52,
656,2012,9,ricciardo,toro_rosso,13,Finished,12,52,
657,2012,9,vergne,toro_rosso,14,Finished,23,52,
658,2012,9,rosberg,mercedes,15,Finished,11,52,
659,2012,9,maldonado,williams,16,+1 Lap,7,51,
660,2012,9,kovalainen,caterham,17,+1 Lap,19,51,
661,2012,9,glock,marussia,18,+1 Lap,20,51,
662,2012,9,pic,marussia,19,+1 Lap,24,51,
663,2012,9,rosa,hrt,20,+2 Laps,21,50,
664,2012,9,karthikeyan,hrt,21,+2 Laps,22,50,
665,2012,9,perez,sauber,22,Collision,15,11,
666,2012,9,resta,force_india,23,Collision,10,2,
667,2012,9,petrov,caterham,24,Engine,18,0,
668,2012,10,alonso,ferrari,1,Finished,1,67,
669,2012,10,button,mclaren,2,Finished,6,67,
670,2012,10,raikkonen,lotus_f1,3,Finished,10,67,
671,2012,10,kobayashi,sauber,4,Finished,12,67,
672,2012,10,vettel,red_bull,5,Finished,2,67,
673,2012,10,perez,sauber,6,Finished,17,67,
674,2012,10,michael_schumacher,mercedes,7,Finished,3,67,
675,2012,10,webber,red_bull,8,Finished,8,67,
676,2012,10,hulkenberg,force_india,9,Finished,4,67,
677,2012,10,rosberg,mercedes,10,Finished,21,67,
678,2012,10,resta,force_india,11,Finished,9,67,
679,2012,10,massa,ferrari,12,Finished,13,67,
680,2012,10,ricciardo,toro_rosso,13,Finished,11,67,
681,2012,10,vergne,toro_rosso,14,Finished,15,67,
682,2012,10,maldonado,williams,15,+1 Lap,5,66,
683,2012,10,petrov,caterham,16,+1 Lap,18,66,
684,2012,10,bruno_senna,williams,17,+1 Lap,14,66,
685,2012,10,grosjean,lotus_f1,18,+1 Lap,19,66,
686,2012,10,kovalainen,caterham,19,+2 Laps,16,65,
687,2012,10,pic,marussia,20,+2 Laps,20,65,
688,2012,10,rosa,hrt,21,+3 Laps,23,64,
689,2012,10,glock,marussia,22,+3 Laps,22,64,
690,2012,10,karthikeyan,hrt,23,+3 Laps,24,64,
691,2012,10,hamilton,mclaren,24,Puncture,7,56,
692,2012,11,hamilton,mclaren,1,Finished,1,69,
693,2012,11,raikkonen,lotus_f1,2,Finished,5,69,
694,2012,11,grosjean,lotus_f1,3,Finished,2,69,
695,2012,11,vettel,red_bull,4,Finished,3,69,
696,2012,11,alonso,ferrari,5,Finished,6,69,
697,2012,11,button,mclaren,6,Finished,4,69,
698,2012,11,bruno_senna,williams,7,Finished,9,69,
699,2012,11,webber,red_bull,8,Finished,11,69,
700,2012,11,massa,ferrari,9,Finished,7,69,
701,2012,11,rosberg,mercedes,10,Finished,13,69,
702,2012,11,hulkenberg,force_india,11,Finished,10,69,
703,2012,11,resta,force_india,12,Finished,12,69,
704,2012,11,maldonado,williams,13,Finished,8,69,
705,2012,11,perez,sauber,14,Finished,14,69,
706,2012,11,ricciardo,toro_rosso,15,+1 Lap,18,68,
707,2012,11,vergne,toro_rosso,16,+1 Lap,16,68,
708,2012,11,kovalainen,caterham,17,+1 Lap,19,68,
709,2012,11,kobayashi,sauber,18,+2 Laps,15,67,
710,2012,11,petrov,caterham,19,+2 Laps,20,67,
711,2012,11,pic,marussia,20,+2 Laps,21,67,
712,2012,11,glock,marussia,21,+3 Laps,22,66,
713,2012,11,rosa,hrt,22,+3 Laps,23,66,
714,2012,11,karthikeyan,hrt,23,Suspension,24,60,
715,2012,11,michael_schumacher,mercedes,24,+11 Laps,17,58,
716,2012,12,button,mclaren,1,Finished,1,44,
717,2012,12,vettel,red_bull,2,Finished,10,44,
718,2012,12,raikkonen,lotus_f1,3,Finished,3,44,
719,2012,12,hulkenberg,force_india,4,Finished,11,44,
720,2012,12,massa,ferrari,5,Finished,14,44,
721,2012,12,webber,red_bull,6,Finished,12,44,
722,2012,12,michael_schumacher,mercedes,7,Finished,13,44,
723,2012,12,vergne,toro_rosso,8,Finished,15,44,
724,2012,12,ricciardo,toro_rosso,9,Finished,16,44,
725,2012,12,resta,force_india,10,Finished,9,44,
726,2012,12,rosberg,mercedes,11,Finished,23,44,
727,2012,12,bruno_senna,williams,12,Finished,17,44,
728,2012,12,kobayashi,sauber,13,Finished,2,44,
729,2012,12,petrov,caterham,14,+1 Lap,19,43,
730,2012,12,glock,marussia,15,+1 Lap,20,43,
731,2012,12,pic,marussia,16,+1 Lap,22,43,
732,2012,12,kovalainen,caterham,17,+1 Lap,18,43,
733,2012,12,rosa,hrt,18,+1 Lap,21,43,
734,2012,12,karthikeyan,hrt,19,Spun off,24,29,
735,2012,12,maldonado,williams,20,Collision,6,4,
736,2012,12,perez,sauber,21,Collision,4,0,
737,2012,12,alonso,ferrari,22,Collision,5,0,
738,2012,12,hamilton,mclaren,23,Collision,7,0,
739,2012,12,grosjean,lotus_f1,24,Collision,8,0,
740,2012,13,hamilton,mclaren,1,Finished,1,53,
741,2012,13,perez,sauber,2,Finished,12,53,
742,2012,13,alonso,ferrari,3,Finished,10,53,
743,2012,13,massa,ferrari,4,Finished,3,53,
744,2012,13,raikkonen,lotus_f1,5,Finished,7,53,
745,2012,13,michael_schumacher,mercedes,6,Finished,4,53,
746,2012,13,rosberg,mercedes,7,Finished,6,53,
747,2012,13,resta,force_india,8,Finished,9,53,
748,2012,13,kobayashi,sauber,9,Finished,8,53,
749,2012,13,bruno_senna,williams,10,Finished,13,53,
750,2012,13,maldonado,williams,11,Finished,22,53,
751,2012,13,ricciardo,toro_rosso,12,Finished,14,53,
752,2012,13,ambrosio,lotus_f1,13,Finished,15,53,
753,2012,13,kovalainen,caterham,14,+1 Lap,17,52,
754,2012,13,petrov,caterham,15,+1 Lap,18,52,
755,2012,13,pic,marussia,16,+1 Lap,20,52,
756,2012,13,glock,marussia,17,+1 Lap,19,52,
757,2012,13,rosa,hrt,18,+1 Lap,23,52,
758,2012,13,karthikeyan,hrt,19,+1 Lap,21,52,
759,2012,13,webber,red_bull,20,Vibrations,11,51,
760,2012,13,hulkenberg,force_india,21,Brakes,24,50,
761,2012,13,vettel,red_bull,22,Alternator,5,47,
762,2012,13,button,mclaren,23,Fuel pressure,2,32,
763,2012,13,vergne,toro_rosso,24,Suspension,16,8,
764,2012,14,vettel,red_bull,1,Finished,3,59,
765,2012,14,button,mclaren,2,Finished,4,59,
766,2012,14,alonso,ferrari,3,Finished,5,59,
767,2012,14,resta,force_india,4,Finished,6,59,
768,2012,14,rosberg,mercedes,5,Finished,10,59,
769,2012,14,raikkonen,lotus_f1,6,Finished,12,59,
770,2012,14,grosjean,lotus_f1,7,Finished,8,59,
771,2012,14,massa,ferrari,8,Finished,13,59,
772,2012,14,ricciardo,toro_rosso,9,Finished,15,59,
773,2012,14,perez,sauber,10,Finished,14,59,
774,2012,14,webber,red_bull,11,Finished,7,59,
775,2012,14,glock,marussia,12,Finished,20,59,
776,2012,14,kobayashi,sauber,13,Finished,17,59,
777,2012,14,hulkenberg,force_india,14,Finished,11,59,
778,2012,14,kovalainen,caterham,15,Finished,19,59,
779,2012,14,pic,marussia,16,Finished,21,59,
780,2012,14,rosa,hrt,17,+1 Lap,24,58,
781,2012,14,bruno_senna,williams,18,Retired,22,57,
782,2012,14,petrov,caterham,19,+2 Laps,18,57,
783,2012,14,vergne,toro_rosso,20,Collision,16,38,
784,2012,14,michael_schumacher,mercedes,21,Collision,9,38,
785,2012,14,maldonado,williams,22,Hydraulics,2,36,
786,2012,14,karthikeyan,hrt,23,Accident,23,30,
787,2012,14,hamilton,mclaren,24,Gearbox,1,22,
788,2012,15,vettel,red_bull,1,Finished,1,53,
789,2012,15,massa,ferrari,2,Finished,10,53,
790,2012,15,kobayashi,sauber,3,Finished,3,53,
791,2012,15,button,mclaren,4,Finished,8,53,
792,2012,15,hamilton,mclaren,5,Finished,9,53,
793,2012,15,raikkonen,lotus_f1,6,Finished,7,53,
794,2012,15,hulkenberg,force_india,7,Finished,15,53,
795,2012,15,maldonado,williams,8,Finished,12,53,
796,2012,15,webber,red_bull,9,Finished,2,53,
797,2012,15,ricciardo,toro_rosso,10,Finished,14,53,
798,2012,15,michael_schumacher,mercedes,11,Finished,23,53,
799,2012,15,resta,force_india,12,Finished,11,53,
800,2012,15,vergne,toro_rosso,13,Finished,19,53,
801,2012,15,bruno_senna,williams,14,Finished,16,53,
802,2012,15,kovalainen,caterham,15,+1 Lap,17,52,
803,2012,15,glock,marussia,16,+1 Lap,18,52,
804,2012,15,petrov,caterham,17,+1 Lap,22,52,
805,2012,15,rosa,hrt,18,+1 Lap,20,52,
806,2012,15,grosjean,lotus_f1,19,+2 Laps,4,51,
807,2012,15,pic,marussia,20,Engine,21,37,
808,2012,15,karthikeyan,hrt,21,Vibrations,24,32,
809,2012,15,perez,sauber,22,Spun off,5,18,
810,2012,15,alonso,ferrari,23,Collision,6,0,
811,2012,15,rosberg,mercedes,24,Collision,13,0,
812,2012,16,vettel,red_bull,1,Finished,2,55,
813,2012,16,webber,red_bull,2,Finished,1,55,
814,2012,16,alonso,ferrari,3,Finished,4,55,
815,2012,16,massa,ferrari,4,Finished,6,55,
816,2012,16,raikkonen,lotus_f1,5,Finished,5,55,
817,2012,16,hulkenberg,force_india,6,Finished,8,55,
818,2012,16,grosjean,lotus_f1,7,Finished,7,55,
819,2012,16,vergne,toro_rosso,8,Finished,16,55,
820,2012,16,ricciardo,toro_rosso,9,Finished,21,55,
821,2012,16,hamilton,mclaren,10,Finished,3,55,
822,2012,16,perez,sauber,11,Finished,12,55,
823,2012,16,resta,force_india,12,Finished,14,55,
824,2012,16,michael_schumacher,mercedes,13,Finished,10,55,
825,2012,16,maldonado,williams,14,Finished,15,55,
826,2012,16,bruno_senna,williams,15,Finished,17,55,
827,2012,16,petrov,caterham,16,+1 Lap,18,54,
828,2012,16,kovalainen,caterham,17,+1 Lap,19,54,
829,2012,16,glock,marussia,18,+1 Lap,20,54,
830,2012,16,pic,marussia,19,+2 Laps,24,53,
831,2012,16,karthikeyan,hrt,20,+2 Laps,23,53,
832,2012,16,rosa,hrt,21,Throttle,22,16,
833,2012,16,kobayashi,sauber,22,Collision damage,13,16,
834,2012,16,rosberg,mercedes,23,Collision,9,1,
835,2012,16,button,mclaren,24,Collision,11,0,
836,2012,17,vettel,red_bull,1,Finished,1,60,
837,2012,17,alonso,ferrari,2,Finished,5,60,
838,2012,17,webber,red_bull,3,Finished,2,60,
839,2012,17,hamilton,mclaren,4,Finished,3,60,
840,2012,17,button,mclaren,5,Finished,4,60,
841,2012,17,massa,ferrari,6,Finished,6,60,
842,2012,17,raikkonen,lotus_f1,7,Finished,7,60,
843,2012,17,hulkenberg,force_india,8,Finished,12,60,
844,2012,17,grosjean,lotus_f1,9,Finished,11,60,
845,2012,17,bruno_senna,williams,10,Finished,13,60,
846,2012,17,rosberg,mercedes,11,Finished,10,60,
847,2012,17,resta,force_india,12,Finished,16,60,
848,2012,17,ricciardo,toro_rosso,13,Finished,15,60,
849,2012,17,kobayashi,sauber,14,Finished,17,60,
850,2012,17,vergne,toro_rosso,15,+1 Lap,18,59,
851,2012,17,maldonado,williams,16,+1 Lap,9,59,
852,2012,17,petrov,caterham,17,+1 Lap,19,59,
853,2012,17,kovalainen,caterham,18,+1 Lap,20,59,
854,2012,17,pic,marussia,19,+1 Lap,24,59,
855,2012,17,glock,marussia,20,+2 Laps,21,58,
856,2012,17,karthikeyan,hrt,21,+2 Laps,23,58,
857,2012,17,michael_schumacher,mercedes,22,Retired,14,55,
858,2012,17,rosa,hrt,23,Accident,22,43,
859,2012,17,perez,sauber,24,Accident,8,21,
860,2012,18,raikkonen,lotus_f1,1,Finished,4,55,
861,2012,18,alonso,ferrari,2,Finished,6,55,
862,2012,18,vettel,red_bull,3,Finished,24,55,
863,2012,18,button,mclaren,4,Finished,5,55,
864,2012,18,maldonado,williams,5,Finished,3,55,
865,2012,18,kobayashi,sauber,6,Finished,15,55,
866,2012,18,massa,ferrari,7,Finished,8,55,
867,2012,18,bruno_senna,williams,8,Finished,14,55,
868,2012,18,resta,force_india,9,Finished,12,55,
869,2012,18,ricciardo,toro_rosso,10,Finished,16,55,
870,2012,18,michael_schumacher,mercedes,11,Finished,13,55,
871,2012,18,vergne,toro_rosso,12,Finished,17,55,
872,2012,18,kovalainen,caterham,13,Finished,18,55,
873,2012,18,glock,marussia,14,Finished,21,55,
874,2012,18,perez,sauber,15,Finished,11,55,
875,2012,18,petrov,caterham,16,Finished,20,55,
876,2012,18,rosa,hrt,17,Finished,22,55,
877,2012,18,pic,marussia,18,Retired,19,41,
878,2012,18,grosjean,lotus_f1,19,Collision,9,37,
879,2012,18,webber,red_bull,20,Collision,2,37,
880,2012,18,hamilton,mclaren,21,Electrical,1,19,
881,2012,18,karthikeyan,hrt,22,Collision,23,7,
882,2012,18,rosberg,mercedes,23,Collision,7,7,
883,2012,18,hulkenberg,force_india,24,Collision,10,0,
884,2012,19,hamilton,mclaren,1,Finished,2,56,
885,2012,19,vettel,red_bull,2,Finished,1,56,
886,2012,19,alonso,ferrari,3,Finished,7,56,
887,2012,19,massa,ferrari,4,Finished,11,56,
888,2012,19,button,mclaren,5,Finished,12,56,
889,2012,19,raikkonen,lotus_f1,6,Finished,4,56,
890,2012,19,grosjean,lotus_f1,7,Finished,8,56,
891,2012,19,hulkenberg,force_india,8,Finished,6,56,
892,2012,19,maldonado,williams,9,Finished,9,56,
893,2012,19,bruno_senna,williams,10,Finished,10,56,
894,2012,19,perez,sauber,11,Finished,15,56,
895,2012,19,ricciardo,toro_rosso,12,Finished,18,56,
896,2012,19,rosberg,mercedes,13,Finished,17,56,
897,2012,19,kobayashi,sauber,14,+1 Lap,16,55,
898,2012,19,resta,force_india,15,+1 Lap,13,55,
899,2012,19,michael_schumacher,mercedes,16,+1 Lap,5,55,
900,2012,19,petrov,caterham,17,+1 Lap,21,55,
901,2012,19,kovalainen,caterham,18,+1 Lap,22,55,
902,2012,19,glock,marussia,19,+1 Lap,19,55,
903,2012,19,pic,marussia,20,+2 Laps,20,54,
904,2012,19,rosa,hrt,21,+2 Laps,23,54,
905,2012,19,karthikeyan,hrt,22,+2 Laps,24,54,
906,2012,19,webber,red_bull,23,Alternator,3,16,
907,2012,19,vergne,toro_rosso,24,Suspension,14,14,
908,2012,20,button,mclaren,1,Finished,2,71,
909,2012,20,alonso,ferrari,2,Finished,7,71,
910,2012,20,massa,ferrari,3,Finished,5,71,
911,2012,20,webber,red_bull,4,Finished,3,71,
912,2012,20,hulkenberg,force_india,5,Finished,6,71,
913,2012,20,vettel,red_bull,6,Finished,4,71,
914,2012,20,michael_schumacher,mercedes,7,Finished,13,71,
915,2012,20,vergne,toro_rosso,8,Finished,17,71,
916,2012,20,kobayashi,sauber,9,Finished,14,71,
917,2012,20,raikkonen,lotus_f1,10,+1 Lap,8,70,
918,2012,20,petrov,caterham,11,+1 Lap,19,70,
919,2012,20,pic,marussia,12,+1 Lap,22,70,
920,2012,20,ricciardo,toro_rosso,13,+1 Lap,15,70,
921,2012,20,kovalainen,caterham,14,+1 Lap,20,70,
922,2012,20,rosberg,mercedes,15,+1 Lap,9,70,
923,2012,20,glock,marussia,16,+1 Lap,21,70,
924,2012,20,rosa,hrt,17,+2 Laps,24,69,
925,2012,20,karthikeyan,hrt,18,+2 Laps,23,69,
926,2012,20,resta,force_india,19,Accident,10,68,
927,2012,20,hamilton,mclaren,20,Collision,1,54,
928,2012,20,grosjean,lotus_f1,21,Accident,18,5,
929,2012,20,maldonado,williams,22,Collision,16,1,
930,2012,20,bruno_senna,williams,23,Collision,11,0,
931,2012,20,perez,sauber,24,Collision,12,0,
932,2013,1,raikkonen,lotus_f1,1,Finished,7,58,
933,2013,1,alonso,ferrari,2,Finished,5,58,
934,2013,1,vettel,red_bull,3,Finished,1,58,
935,2013,1,massa,ferrari,4,Finished,4,58,
936,2013,1,hamilton,mercedes,5,Finished,3,58,
937,2013,1,webber,red_bull,6,Finished,2,58,
938,2013,1,sutil,force_india,7,Finished,12,58,
939,2013,1,resta,force_india,8,Finished,9,58,
940,2013,1,button,mclaren,9,Finished,10,58,
941,2013,1,grosjean,lotus_f1,10,Finished,8,58,
942,2013,1,perez,mclaren,11,Finished,15,58,
943,2013,1,vergne,toro_rosso,12,Finished,13,58,
944,2013,1,gutierrez,sauber,13,+1 Lap,18,57,
945,2013,1,bottas,williams,14,+1 Lap,16,57,
946,2013,1,jules_bianchi,marussia,15,+1 Lap,19,57,
947,2013,1,pic,caterham,16,+2 Laps,22,56,
948,2013,1,chilton,marussia,17,+2 Laps,20,56,
949,2013,1,garde,caterham,18,+2 Laps,21,56,
950,2013,1,ricciardo,toro_rosso,19,Hydraulics,14,39,
951,2013,1,rosberg,mercedes,20,Electrical,6,26,
952,2013,1,maldonado,williams,21,Spun off,17,24,
953,2013,1,hulkenberg,sauber,22,Fuel system,11,0,
954,2013,2,vettel,red_bull,1,Finished,1,56,
955,2013,2,webber,red_bull,2,Finished,5,56,
956,2013,2,hamilton,mercedes,3,Finished,4,56,
957,2013,2,rosberg,mercedes,4,Finished,6,56,
958,2013,2,massa,ferrari,5,Finished,2,56,
959,2013,2,grosjean,lotus_f1,6,Finished,11,56,
960,2013,2,raikkonen,lotus_f1,7,Finished,10,56,
961,2013,2,hulkenberg,sauber,8,Finished,12,56,
962,2013,2,perez,mclaren,9,Finished,9,56,
963,2013,2,vergne,toro_rosso,10,Finished,17,56,
964,2013,2,bottas,williams,11,Finished,18,56,
965,2013,2,gutierrez,sauber,12,+1 Lap,14,55,
966,2013,2,jules_bianchi,marussia,13,+1 Lap,19,55,
967,2013,2,pic,caterham,14,+1 Lap,20,55,
968,2013,2,garde,caterham,15,+1 Lap,22,55,
969,2013,2,chilton,marussia,16,+2 Laps,21,54,
970,2013,2,button,mclaren,17,Withdrew,7,53,
971,2013,2,ricciardo,toro_rosso,18,Retired,13,51,
972,2013,2,maldonado,williams,19,Retired,16,45,
973,2013,2,sutil,force_india,20,Wheel nut,8,27,
974,2013,2,resta,force_india,21,Wheel nut,15,22,
975,2013,2,alonso,ferrari,22,Collision,3,1,
976,2013,3,alonso,ferrari,1,Finished,3,56,
977,2013,3,raikkonen,lotus_f1,2,Finished,2,56,
978,2013,3,hamilton,mercedes,3,Finished,1,56,
979,2013,3,vettel,red_bull,4,Finished,9,56,
980,2013,3,button,mclaren,5,Finished,8,56,
981,2013,3,massa,ferrari,6,Finished,5,56,
982,2013,3,ricciardo,toro_rosso,7,Finished,7,56,
983,2013,3,resta,force_india,8,Finished,11,56,
984,2013,3,grosjean,lotus_f1,9,Finished,6,56,
985,2013,3,hulkenberg,sauber,10,Finished,10,56,
986,2013,3,perez,mclaren,11,Finished,12,56,
987,2013,3,vergne,toro_rosso,12,Finished,15,56,
988,2013,3,bottas,williams,13,Finished,16,56,
989,2013,3,maldonado,williams,14,Finished,14,56,
990,2013,3,jules_bianchi,marussia,15,+1 Lap,18,55,
991,2013,3,pic,caterham,16,+1 Lap,20,55,
992,2013,3,chilton,marussia,17,+1 Lap,19,55,
993,2013,3,garde,caterham,18,+1 Lap,21,55,
994,2013,3,rosberg,mercedes,19,Suspension,4,21,
995,2013,3,webber,red_bull,20,Wheel,22,15,
996,2013,3,sutil,force_india,21,Collision,13,5,
997,2013,3,gutierrez,sauber,22,Collision,17,4,
998,2013,4,vettel,red_bull,1,Finished,2,57,
999,2013,4,raikkonen,lotus_f1,2,Finished,8,57,
1000,2013,4,grosjean,lotus_f1,3,Finished,11,57,
1001,2013,4,resta,force_india,4,Finished,5,57,
1002,2013,4,hamilton,mercedes,5,Finished,9,57,
1003,2013,4,perez,mclaren,6,Finished,12,57,
1004,2013,4,webber,red_bull,7,Finished,7,57,
1005,2013,4,alonso,ferrari,8,Finished,3,57,
1006,2013,4,rosberg,mercedes,9,Finished,1,57,
1007,2013,4,button,mclaren,10,Finished,10,57,
1008,2013,4,maldonado,williams,11,Finished,17,57,
1009,2013,4,hulkenberg,sauber,12,Finished,14,57,
1010,2013,4,sutil,force_india,13,Finished,6,57,
1011,2013,4,bottas,williams,14,Finished,15,57,
1012,2013,4,massa,ferrari,15,Finished,4,57,
1013,2013,4,ricciardo,toro_rosso,16,+1 Lap,13,56,
1014,2013,4,pic,caterham,17,+1 Lap,18,56,
1015,2013,4,gutierrez,sauber,18,+1 Lap,22,56,
1016,2013,4,jules_bianchi,marussia,19,+1 Lap,19,56,
1017,2013,4,chilton,marussia,20,+1 Lap,21,56,
1018,2013,4,garde,caterham,21,+2 Laps,20,55,
1019,2013,4,vergne,toro_rosso,22,Puncture,16,16,
1020,2013,5,alonso,ferrari,1,Finished,5,66,
1021,2013,5,raikkonen,lotus_f1,2,Finished,4,66,
1022,2013,5,massa,ferrari,3,Finished,9,66,
1023,2013,5,vettel,red_bull,4,Finished,3,66,
1024,2013,5,webber,red_bull,5,Finished,7,66,
1025,2013,5,rosberg,mercedes,6,Finished,1,66,
1026,2013,5,resta,force_india,7,Finished,10,66,
1027,2013,5,button,mclaren,8,Finished,14,66,
1028,2013,5,perez,mclaren,9,Finished,8,66,
1029,2013,5,ricciardo,toro_rosso,10,+1 Lap,11,65,
1030,2013,5,gutierrez,sauber,11,+1 Lap,19,65,
1031,2013,5,hamilton,mercedes,12,+1 Lap,2,65,
1032,2013,5,sutil,force_india,13,+1 Lap,13,65,
1033,2013,5,maldonado,williams,14,+1 Lap,17,65,
1034,2013,5,hulkenberg,sauber,15,+1 Lap,15,65,
1035,2013,5,bottas,williams,16,+1 Lap,16,65,
1036,2013,5,pic,caterham,17,+1 Lap,22,65,
1037,2013,5,jules_bianchi,marussia,18,+2 Laps,20,64,
1038,2013,5,chilton,marussia,19,+2 Laps,21,64,
1039,2013,5,vergne,toro_rosso,20,Accident,12,52,
1040,2013,5,garde,caterham,21,Wheel,18,21,
1041,2013,5,grosjean,lotus_f1,22,Suspension,6,8,
1042,2013,6,rosberg,mercedes,1,Finished,1,78,
1043,2013,6,vettel,red_bull,2,Finished,3,78,
1044,2013,6,webber,red_bull,3,Finished,4,78,
1045,2013,6,hamilton,mercedes,4,Finished,2,78,
1046,2013,6,sutil,force_india,5,Finished,8,78,
1047,2013,6,button,mclaren,6,Finished,9,78,
1048,2013,6,alonso,ferrari,7,Finished,6,78,
1049,2013,6,vergne,toro_rosso,8,Finished,10,78,
1050,2013,6,resta,force_india,9,Finished,17,78,
1051,2013,6,raikkonen,lotus_f1,10,Finished,5,78,
1052,2013,6,hulkenberg,sauber,11,Finished,11,78,
1053,2013,6,bottas,williams,12,Finished,14,78,
1054,2013,6,gutierrez,sauber,13,Finished,19,78,
1055,2013,6,chilton,marussia,14,Finished,22,78,
1056,2013,6,garde,caterham,15,Finished,15,78,
1057,2013,6,perez,mclaren,16,Suspension,7,72,
1058,2013,6,grosjean,lotus_f1,17,Collision,13,63,
1059,2013,6,ricciardo,toro_rosso,18,Collision,12,61,
1060,2013,6,jules_bianchi,marussia,19,Brakes,20,58,
1061,2013,6,maldonado,williams,20,Collision,16,44,
1062,2013,6,massa,ferrari,21,Accident,21,28,
1063,2013,6,pic,caterham,22,Gearbox,18,7,
1064,2013,7,vettel,red_bull,1,Finished,1,70,
1065,2013,7,alonso,ferrari,2,Finished,6,70,
1066,2013,7,hamilton,mercedes,3,Finished,2,70,
1067,2013,7,webber,red_bull,4,Finished,5,70,
1068,2013,7,rosberg,mercedes,5,Finished,4,70,
1069,2013,7,vergne,toro_rosso,6,+1 Lap,7,69,
1070,2013,7,resta,force_india,7,+1 Lap,17,69,
1071,2013,7,massa,ferrari,8,+1 Lap,16,69,
1072,2013,7,raikkonen,lotus_f1,9,+1 Lap,10,69,
1073,2013,7,sutil,force_india,10,+1 Lap,8,69,
1074,2013,7,perez,mclaren,11,+1 Lap,12,69,
1075,2013,7,button,mclaren,12,+1 Lap,14,69,
1076,2013,7,grosjean,lotus_f1,13,+1 Lap,22,69,
1077,2013,7,bottas,williams,14,+1 Lap,3,69,
1078,2013,7,ricciardo,toro_rosso,15,+2 Laps,11,68,
1079,2013,7,maldonado,williams,16,+2 Laps,13,68,
1080,2013,7,jules_bianchi,marussia,17,+2 Laps,19,68,
1081,2013,7,pic,caterham,18,+3 Laps,18,67,
1082,2013,7,chilton,marussia,19,+3 Laps,20,67,
1083,2013,7,gutierrez,sauber,20,Accident,15,63,
1084,2013,7,hulkenberg,sauber,21,Collision,9,45,
1085,2013,7,garde,caterham,22,Collision,21,43,
1086,2013,8,rosberg,mercedes,1,Finished,2,52,
1087,2013,8,webber,red_bull,2,Finished,4,52,
1088,2013,8,alonso,ferrari,3,Finished,9,52,
1089,2013,8,hamilton,mercedes,4,Finished,1,52,
1090,2013,8,raikkonen,lotus_f1,5,Finished,8,52,
1091,2013,8,massa,ferrari,6,Finished,11,52,
1092,2013,8,sutil,force_india,7,Finished,6,52,
1093,2013,8,ricciardo,toro_rosso,8,Finished,5,52,
1094,2013,8,resta,force_india,9,Finished,21,52,
1095,2013,8,hulkenberg,sauber,10,Finished,14,52,
1096,2013,8,maldonado,williams,11,Finished,15,52,
1097,2013,8,bottas,williams,12,Finished,16,52,
1098,2013,8,button,mclaren,13,Finished,10,52,
1099,2013,8,gutierrez,sauber,14,Finished,17,52,
1100,2013,8,pic,caterham,15,Finished,18,52,
1101,2013,8,jules_bianchi,marussia,16,Finished,19,52,
1102,2013,8,chilton,marussia,17,Finished,20,52,
1103,2013,8,garde,caterham,18,Finished,22,52,
1104,2013,8,grosjean,lotus_f1,19,Retired,7,51,
1105,2013,8,perez,mclaren,20,Wheel,13,46,
1106,2013,8,vettel,red_bull,21,Gearbox,3,41,
1107,2013,8,vergne,toro_rosso,22,Tyre,12,35,
1108,2013,9,vettel,red_bull,1,Finished,2,60,
1109,2013,9,raikkonen,lotus_f1,2,Finished,4,60,
1110,2013,9,grosjean,lotus_f1,3,Finished,5,60,
1111,2013,9,alonso,ferrari,4,Finished,8,60,
1112,2013,9,hamilton,mercedes,5,Finished,1,60,
1113,2013,9,button,mclaren,6,Finished,9,60,
1114,2013,9,webber,red_bull,7,Finished,3,60,
1115,2013,9,perez,mclaren,8,Finished,13,60,
1116,2013,9,rosberg,mercedes,9,Finished,11,60,
1117,2013,9,hulkenberg,sauber,10,Finished,10,60,
1118,2013,9,resta,force_india,11,Finished,12,60,
1119,2013,9,ricciardo,toro_rosso,12,Finished,6,60,
1120,2013,9,sutil,force_india,13,Finished,15,60,
1121,2013,9,gutierrez,sauber,14,Finished,14,60,
1122,2013,9,maldonado,williams,15,Finished,18,60,
1123,2013,9,bottas,williams,16,+1 Lap,17,59,
1124,2013,9,pic,caterham,17,+1 Lap,22,59,
1125,2013,9,garde,caterham,18,+1 Lap,20,59,
1126,2013,9,chilton,marussia,19,+1 Lap,21,59,
1127,2013,9,vergne,toro_rosso,20,Hydraulics,16,22,
1128,2013,9,jules_bianchi,marussia,21,Engine,19,21,
1129,2013,9,massa,ferrari,22,Spun off,7,3,
1130,2013,10,hamilton,mercedes,1,Finished,1,70,
1131,2013,10,raikkonen,lotus_f1,2,Finished,6,70,
1132,2013,10,vettel,red_bull,3,Finished,2,70,
1133,2013,10,webber,red_bull,4,Finished,10,70,
1134,2013,10,alonso,ferrari,5,Finished,5,70,
1135,2013,10,grosjean,lotus_f1,6,Finished,3,70,
1136,2013,10,button,mclaren,7,Finished,13,70,
1137,2013,10,massa,ferrari,8,Finished,7,70,
1138,2013,10,perez,mclaren,9,+1 Lap,9,69,
1139,2013,10,maldonado,williams,10,+1 Lap,15,69,
1140,2013,10,hulkenberg,sauber,11,+1 Lap,12,69,
1141,2013,10,vergne,toro_rosso,12,+1 Lap,14,69,
1142,2013,10,ricciardo,toro_rosso,13,+1 Lap,8,69,
1143,2013,10,garde,caterham,14,+2 Laps,20,68,
1144,2013,10,pic,caterham,15,+2 Laps,19,68,
1145,2013,10,jules_bianchi,marussia,16,+3 Laps,21,67,
1146,2013,10,chilton,marussia,17,+3 Laps,22,67,
1147,2013,10,resta,force_india,18,Hydraulics,18,66,
1148,2013,10,rosberg,mercedes,19,Engine,4,64,
1149,2013,10,bottas,williams,20,Hydraulics,16,42,
1150,2013,10,gutierrez,sauber,21,Transmission,17,28,
1151,2013,10,sutil,force_india,22,Hydraulics,11,19,
1152,2013,11,vettel,red_bull,1,Finished,2,44,
1153,2013,11,alonso,ferrari,2,Finished,9,44,
1154,2013,11,hamilton,mercedes,3,Finished,1,44,
1155,2013,11,rosberg,mercedes,4,Finished,4,44,
1156,2013,11,webber,red_bull,5,Finished,3,44,
1157,2013,11,button,mclaren,6,Finished,6,44,
1158,2013,11,massa,ferrari,7,Finished,10,44,
1159,2013,11,grosjean,lotus_f1,8,Finished,7,44,
1160,2013,11,sutil,force_india,9,Finished,12,44,
1161,2013,11,ricciardo,toro_rosso,10,Finished,19,44,
1162,2013,11,perez,mclaren,11,Finished,13,44,
1163,2013,11,vergne,toro_rosso,12,Finished,18,44,
1164,2013,11,hulkenberg,sauber,13,Finished,11,44,
1165,2013,11,gutierrez,sauber,14,Finished,21,44,
1166,2013,11,bottas,williams,15,Finished,20,44,
1167,2013,11,garde,caterham,16,+1 Lap,14,43,
1168,2013,11,maldonado,williams,17,+1 Lap,17,43,
1169,2013,11,jules_bianchi,marussia,18,+1 Lap,15,43,
1170,2013,11,chilton,marussia,19,+2 Laps,16,42,
1171,2013,11,resta,force_india,20,Collision,5,26,
1172,2013,11,raikkonen,lotus_f1,21,Brakes,8,25,
1173,2013,11,pic,caterham,22,Oil leak,22,8,
1174,2013,12,vettel,red_bull,1,Finished,1,53,
1175,2013,12,alonso,ferrari,2,Finished,5,53,
1176,2013,12,webber,red_bull,3,Finished,2,53,
1177,2013,12,massa,ferrari,4,Finished,4,53,
1178,2013,12,hulkenberg,sauber,5,Finished,3,53,
1179,2013,12,rosberg,mercedes,6,Finished,6,53,
1180,2013,12,ricciardo,toro_rosso,7,Finished,7,53,
1181,2013,12,grosjean,lotus_f1,8,Finished,13,53,
1182,2013,12,hamilton,mercedes,9,Finished,12,53,
1183,2013,12,button,mclaren,10,Finished,9,53,
1184,2013,12,raikkonen,lotus_f1,11,Finished,11,53,
1185,2013,12,perez,mclaren,12,Finished,8,53,
1186,2013,12,gutierrez,sauber,13,Finished,16,53,
1187,2013,12,maldonado,williams,14,Finished,14,53,
1188,2013,12,bottas,williams,15,Finished,18,53,
1189,2013,12,sutil,force_india,16,+1 Lap,17,52,
1190,2013,12,pic,caterham,17,+1 Lap,20,52,
1191,2013,12,garde,caterham,18,+1 Lap,19,52,
1192,2013,12,jules_bianchi,marussia,19,+1 Lap,21,52,
1193,2013,12,chilton,marussia,20,+1 Lap,22,52,
1194,2013,12,vergne,toro_rosso,21,Transmission,10,14,
1195,2013,12,resta,force_india,22,Accident,15,0,
1196,2013,13,vettel,red_bull,1,Finished,1,61,
1197,2013,13,alonso,ferrari,2,Finished,7,61,
1198,2013,13,raikkonen,lotus_f1,3,Finished,13,61,
1199,2013,13,rosberg,mercedes,4,Finished,2,61,
1200,2013,13,hamilton,mercedes,5,Finished,5,61,
1201,2013,13,massa,ferrari,6,Finished,6,61,
1202,2013,13,button,mclaren,7,Finished,8,61,
1203,2013,13,perez,mclaren,8,Finished,14,61,
1204,2013,13,hulkenberg,sauber,9,Finished,11,61,
1205,2013,13,sutil,force_india,10,Finished,15,61,
1206,2013,13,maldonado,williams,11,Finished,18,61,
1207,2013,13,gutierrez,sauber,12,Finished,10,61,
1208,2013,13,bottas,williams,13,Finished,16,61,
1209,2013,13,vergne,toro_rosso,14,Finished,12,61,
1210,2013,13,webber,red_bull,15,Water pressure,4,60,
1211,2013,13,garde,caterham,16,+1 Lap,20,60,
1212,2013,13,chilton,marussia,17,+1 Lap,22,60,
1213,2013,13,jules_bianchi,marussia,18,+1 Lap,21,60,
1214,2013,13,pic,caterham,19,+1 Lap,19,60,
1215,2013,13,resta,force_india,20,Accident,17,54,
1216,2013,13,grosjean,lotus_f1,21,Pneumatics,3,37,
1217,2013,13,ricciardo,toro_rosso,22,Accident,9,23,
1218,2013,14,vettel,red_bull,1,Finished,1,55,
1219,2013,14,raikkonen,lotus_f1,2,Finished,9,55,
1220,2013,14,grosjean,lotus_f1,3,Finished,3,55,
1221,2013,14,hulkenberg,sauber,4,Finished,7,55,
1222,2013,14,hamilton,mercedes,5,Finished,2,55,
1223,2013,14,alonso,ferrari,6,Finished,5,55,
1224,2013,14,rosberg,mercedes,7,Finished,4,55,
1225,2013,14,button,mclaren,8,Finished,11,55,
1226,2013,14,massa,ferrari,9,Finished,6,55,
1227,2013,14,perez,mclaren,10,Finished,10,55,
1228,2013,14,gutierrez,sauber,11,Finished,8,55,
1229,2013,14,bottas,williams,12,Finished,17,55,
1230,2013,14,maldonado,williams,13,Finished,18,55,
1231,2013,14,pic,caterham,14,Finished,19,55,
1232,2013,14,garde,caterham,15,Finished,20,55,
1233,2013,14,jules_bianchi,marussia,16,Finished,22,55,
1234,2013,14,chilton,marussia,17,Finished,21,55,
1235,2013,14,vergne,toro_rosso,18,+2 Laps,16,53,
1236,2013,14,ricciardo,toro_rosso,19,+3 Laps,12,52,
1237,2013,14,sutil,force_india,20,Collision,14,50,
1238,2013,14,webber,red_bull,21,Collision,13,36,
1239,2013,14,resta,force_india,22,Spun off,15,24,
1240,2013,15,vettel,red_bull,1,Finished,2,53,
1241,2013,15,webber,red_bull,2,Finished,1,53,
1242,2013,15,grosjean,lotus_f1,3,Finished,4,53,
1243,2013,15,alonso,ferrari,4,Finished,8,53,
1244,2013,15,raikkonen,lotus_f1,5,Finished,9,53,
1245,2013,15,hulkenberg,sauber,6,Finished,7,53,
1246,2013,15,gutierrez,sauber,7,Finished,14,53,
1247,2013,15,rosberg,mercedes,8,Finished,6,53,
1248,2013,15,button,mclaren,9,Finished,10,53,
1249,2013,15,massa,ferrari,10,Finished,5,53,
1250,2013,15,resta,force_india,11,Finished,12,53,
1251,2013,15,vergne,toro_rosso,12,+1 Lap,17,52,
1252,2013,15,ricciardo,toro_rosso,13,+1 Lap,16,52,
1253,2013,15,sutil,force_india,14,+1 Lap,22,52,
1254,2013,15,perez,mclaren,15,+1 Lap,11,52,
1255,2013,15,maldonado,williams,16,+1 Lap,15,52,
1256,2013,15,bottas,williams,17,+1 Lap,13,52,
1257,2013,15,pic,caterham,18,+1 Lap,20,52,
1258,2013,15,chilton,marussia,19,+1 Lap,18,52,
1259,2013,15,hamilton,mercedes,20,Puncture,3,7,
1260,2013,15,garde,caterham,21,Accident,19,0,
1261,2013,15,jules_bianchi,marussia,22,Accident,21,0,
1262,2013,16,vettel,red_bull,1,Finished,1,60,
1263,2013,16,rosberg,mercedes,2,Finished,2,60,
1264,2013,16,grosjean,lotus_f1,3,Finished,17,60,
1265,2013,16,massa,ferrari,4,Finished,5,60,
1266,2013,16,perez,mclaren,5,Finished,9,60,
1267,2013,16,hamilton,mercedes,6,Finished,3,60,
1268,2013,16,raikkonen,lotus_f1,7,Finished,6,60,
1269,2013,16,resta,force_india,8,Finished,12,60,
1270,2013,16,sutil,force_india,9,Finished,13,60,
1271,2013,16,ricciardo,toro_rosso,10,Finished,11,60,
1272,2013,16,alonso,ferrari,11,Finished,8,60,
1273,2013,16,maldonado,williams,12,Finished,18,60,
1274,2013,16,vergne,toro_rosso,13,+1 Lap,14,59,
1275,2013,16,button,mclaren,14,+1 Lap,10,59,
1276,2013,16,gutierrez,sauber,15,+1 Lap,16,59,
1277,2013,16,bottas,williams,16,+1 Lap,15,59,
1278,2013,16,chilton,marussia,17,+2 Laps,22,58,
1279,2013,16,jules_bianchi,marussia,18,+2 Laps,19,58,
1280,2013,16,hulkenberg,sauber,19,Mechanical,7,54,
1281,2013,16,webber,red_bull,20,Alternator,4,39,
1282,2013,16,pic,caterham,21,Hydraulics,21,35,
1283,2013,16,garde,caterham,22,Collision,20,1,
1284,2013,17,vettel,red_bull,1,Finished,2,55,
1285,2013,17,webber,red_bull,2,Finished,1,55,
1286,2013,17,rosberg,mercedes,3,Finished,3,55,
1287,2013,17,grosjean,lotus_f1,4,Finished,6,55,
1288,2013,17,alonso,ferrari,5,Finished,10,55,
1289,2013,17,resta,force_india,6,Finished,11,55,
1290,2013,17,hamilton,mercedes,7,Finished,4,55,
1291,2013,17,massa,ferrari,8,Finished,7,55,
1292,2013,17,perez,mclaren,9,Finished,8,55,
1293,2013,17,sutil,force_india,10,Finished,17,55,
1294,2013,17,maldonado,williams,11,Finished,14,55,
1295,2013,17,button,mclaren,12,Finished,12,55,
1296,2013,17,gutierrez,sauber,13,Finished,16,55,
1297,2013,17,hulkenberg,sauber,14,+1 Lap,5,54,
1298,2013,17,bottas,williams,15,+1 Lap,15,54,
1299,2013,17,ricciardo,toro_rosso,16,+1 Lap,9,54,
1300,2013,17,vergne,toro_rosso,17,+1 Lap,13,54,
1301,2013,17,garde,caterham,18,+1 Lap,18,54,
1302,2013,17,pic,caterham,19,+1 Lap,19,54,
1303,2013,17,jules_bianchi,marussia,20,+2 Laps,21,53,
1304,2013,17,chilton,marussia,21,+2 Laps,20,53,
1305,2013,17,raikkonen,lotus_f1,22,Accident,22,0,
1306,2013,18,vettel,red_bull,1,Finished,1,56,
1307,2013,18,grosjean,lotus_f1,2,Finished,3,56,
1308,2013,18,webber,red_bull,3,Finished,2,56,
1309,2013,18,hamilton,mercedes,4,Finished,5,56,
1310,2013,18,alonso,ferrari,5,Finished,6,56,
1311,2013,18,hulkenberg,sauber,6,Finished,4,56,
1312,2013,18,perez,mclaren,7,Finished,7,56,
1313,2013,18,bottas,williams,8,Finished,9,56,
1314,2013,18,rosberg,mercedes,9,Finished,12,56,
1315,2013,18,button,mclaren,10,Finished,15,56,
1316,2013,18,ricciardo,toro_rosso,11,Finished,10,56,
1317,2013,18,vergne,toro_rosso,12,Finished,14,56,
1318,2013,18,massa,ferrari,13,Finished,13,56,
1319,2013,18,gutierrez,sauber,14,Finished,20,56,
1320,2013,18,kovalainen,lotus_f1,15,Finished,8,56,
1321,2013,18,resta,force_india,16,Finished,11,56,
1322,2013,18,maldonado,williams,17,+1 Lap,17,55,
1323,2013,18,jules_bianchi,marussia,18,+1 Lap,19,55,
1324,2013,18,garde,caterham,19,+1 Lap,18,55,
1325,2013,18,pic,caterham,20,+1 Lap,22,55,
1326,2013,18,chilton,marussia,21,+2 Laps,21,54,
1327,2013,18,sutil,force_india,22,Accident,16,0,
1328,2013,19,vettel,red_bull,1,Finished,1,71,
1329,2013,19,webber,red_bull,2,Finished,4,71,
1330,2013,19,alonso,ferrari,3,Finished,3,71,
1331,2013,19,button,mclaren,4,Finished,14,71,
1332,2013,19,rosberg,mercedes,5,Finished,2,71,
1333,2013,19,perez,mclaren,6,Finished,19,71,
1334,2013,19,massa,ferrari,7,Finished,9,71,
1335,2013,19,hulkenberg,sauber,8,Finished,10,71,
1336,2013,19,hamilton,mercedes,9,Finished,5,71,
1337,2013,19,ricciardo,toro_rosso,10,+1 Lap,7,70,
1338,2013,19,resta,force_india,11,+1 Lap,12,70,
1339,2013,19,gutierrez,sauber,12,+1 Lap,17,70,
1340,2013,19,sutil,force_india,13,+1 Lap,15,70,
1341,2013,19,kovalainen,lotus_f1,14,+1 Lap,11,70,
1342,2013,19,vergne,toro_rosso,15,+1 Lap,8,70,
1343,2013,19,maldonado,williams,16,+1 Lap,16,70,
1344,2013,19,jules_bianchi,marussia,17,+2 Laps,21,69,
1345,2013,19,garde,caterham,18,+2 Laps,20,69,
1346,2013,19,chilton,marussia,19,+2 Laps,22,69,
1347,2013,19,pic,caterham,20,Mechanical,18,58,
1348,2013,19,bottas,williams,21,Accident,13,45,
1349,2013,19,grosjean,lotus_f1,22,Engine,6,2,
1350,2014,1,rosberg,mercedes,1,Finished,3,57,
1351,2014,1,kevin_magnussen,mclaren,2,Finished,4,57,
1352,2014,1,button,mclaren,3,Finished,10,57,
1353,2014,1,alonso,ferrari,4,Finished,5,57,
1354,2014,1,bottas,williams,5,Finished,15,57,
1355,2014,1,hulkenberg,force_india,6,Finished,7,57,
1356,2014,1,raikkonen,ferrari,7,Finished,11,57,
1357,2014,1,vergne,toro_rosso,8,Finished,6,57,
1358,2014,1,kvyat,toro_rosso,9,Finished,8,57,
1359,2014,1,perez,force_india,10,Finished,16,57,
1360,2014,1,sutil,sauber,11,+1 Lap,13,56,
1361,2014,1,gutierrez,sauber,12,+1 Lap,20,56,
1362,2014,1,chilton,marussia,13,+2 Laps,17,55,
1363,2014,1,jules_bianchi,marussia,14,+8 Laps,18,49,
1364,2014,1,grosjean,lotus_f1,15,ERS,22,43,
1365,2014,1,maldonado,lotus_f1,16,ERS,21,29,
1366,2014,1,ericsson,caterham,17,Oil pressure,19,27,
1367,2014,1,vettel,red_bull,18,Engine,12,3,
1368,2014,1,hamilton,mercedes,19,Engine,1,2,
1369,2014,1,massa,williams,20,Collision,9,0,
1370,2014,1,kobayashi,caterham,21,Collision,14,0,
1371,2014,1,ricciardo,red_bull,22,Disqualified,2,57,
1372,2014,2,hamilton,mercedes,1,Finished,1,56,
1373,2014,2,rosberg,mercedes,2,Finished,3,56,
1374,2014,2,vettel,red_bull,3,Finished,2,56,
1375,2014,2,alonso,ferrari,4,Finished,4,56,
1376,2014,2,hulkenberg,force_india,5,Finished,7,56,
1377,2014,2,button,mclaren,6,Finished,10,56,
1378,2014,2,massa,williams,7,Finished,13,56,
1379,2014,2,bottas,williams,8,Finished,18,56,
1380,2014,2,kevin_magnussen,mclaren,9,+1 Lap,8,55,
1381,2014,2,kvyat,toro_rosso,10,+1 Lap,11,55,
1382,2014,2,grosjean,lotus_f1,11,+1 Lap,15,55,
1383,2014,2,raikkonen,ferrari,12,+1 Lap,6,55,
1384,2014,2,kobayashi,caterham,13,+1 Lap,20,55,
1385,2014,2,ericsson,caterham,14,+2 Laps,22,54,
1386,2014,2,chilton,marussia,15,+2 Laps,21,54,
1387,2014,2,ricciardo,red_bull,16,Technical,5,49,
1388,2014,2,gutierrez,sauber,17,Gearbox,12,35,
1389,2014,2,sutil,sauber,18,Electrical,17,32,
1390,2014,2,vergne,toro_rosso,19,Power Unit,9,18,
1391,2014,2,jules_bianchi,marussia,20,Brakes,19,8,
1392,2014,2,maldonado,lotus_f1,21,Engine,16,7,
1393,2014,2,perez,force_india,22,Withdrew,14,0,
1394,2014,3,hamilton,mercedes,1,Finished,2,57,
1395,2014,3,rosberg,mercedes,2,Finished,1,57,
1396,2014,3,perez,force_india,3,Finished,4,57,
1397,2014,3,ricciardo,red_bull,4,Finished,13,57,
1398,2014,3,hulkenberg,force_india,5,Finished,11,57,
1399,2014,3,vettel,red_bull,6,Finished,10,57,
1400,2014,3,massa,williams,7,Finished,7,57,
1401,2014,3,bottas,williams,8,Finished,3,57,
1402,2014,3,alonso,ferrari,9,Finished,9,57,
1403,2014,3,raikkonen,ferrari,10,Finished,5,57,
1404,2014,3,kvyat,toro_rosso,11,Finished,12,57,
1405,2014,3,grosjean,lotus_f1,12,Finished,16,57,
1406,2014,3,chilton,marussia,13,Finished,21,57,
1407,2014,3,maldonado,lotus_f1,14,Finished,17,57,
1408,2014,3,kobayashi,caterham,15,Finished,18,57,
1409,2014,3,jules_bianchi,marussia,16,+1 Lap,19,56,
1410,2014,3,button,mclaren,17,Clutch,6,55,
1411,2014,3,kevin_magnussen,mclaren,18,Clutch,8,40,
1412,2014,3,gutierrez,sauber,19,Collision,15,39,
1413,2014,3,ericsson,caterham,20,Retired,20,33,
1414,2014,3,vergne,toro_rosso,21,Retired,14,18,
1415,2014,3,sutil,sauber,22,Collision,22,17,
1416,2014,4,hamilton,mercedes,1,Finished,1,54,
1417,2014,4,rosberg,mercedes,2,Finished,4,54,
1418,2014,4,alonso,ferrari,3,Finished,5,54,
1419,2014,4,ricciardo,red_bull,4,Finished,2,54,
1420,2014,4,vettel,red_bull,5,Finished,3,54,
1421,2014,4,hulkenberg,force_india,6,Finished,8,54,
1422,2014,4,bottas,williams,7,Finished,7,54,
1423,2014,4,raikkonen,ferrari,8,Finished,11,54,
1424,2014,4,perez,force_india,9,Finished,16,54,
1425,2014,4,kvyat,toro_rosso,10,+1 Lap,13,53,
1426,2014,4,button,mclaren,11,+1 Lap,12,53,
1427,2014,4,vergne,toro_rosso,12,+1 Lap,9,53,
1428,2014,4,kevin_magnussen,mclaren,13,+1 Lap,15,53,
1429,2014,4,maldonado,lotus_f1,14,+1 Lap,22,53,
1430,2014,4,massa,williams,15,+1 Lap,6,53,
1431,2014,4,gutierrez,sauber,16,+1 Lap,17,53,
1432,2014,4,jules_bianchi,marussia,17,+1 Lap,19,53,
1433,2014,4,kobayashi,caterham,18,+1 Lap,18,53,
1434,2014,4,chilton,marussia,19,+2 Laps,21,52,
1435,2014,4,ericsson,caterham,20,+2 Laps,20,52,
1436,2014,4,grosjean,lotus_f1,21,Gearbox,10,28,
1437,2014,4,sutil,sauber,22,Engine,14,5,
1438,2014,5,hamilton,mercedes,1,Finished,1,66,
1439,2014,5,rosberg,mercedes,2,Finished,2,66,
1440,2014,5,ricciardo,red_bull,3,Finished,3,66,
1441,2014,5,vettel,red_bull,4,Finished,15,66,
1442,2014,5,bottas,williams,5,Finished,4,66,
1443,2014,5,alonso,ferrari,6,Finished,7,66,
1444,2014,5,raikkonen,ferrari,7,+1 Lap,6,65,
1445,2014,5,grosjean,lotus_f1,8,+1 Lap,5,65,
1446,2014,5,perez,force_india,9,+1 Lap,11,65,
1447,2014,5,hulkenberg,force_india,10,+1 Lap,10,65,
1448,2014,5,button,mclaren,11,+1 Lap,8,65,
1449,2014,5,kevin_magnussen,mclaren,12,+1 Lap,14,65,
1450,2014,5,massa,williams,13,+1 Lap,9,65,
1451,2014,5,kvyat,toro_rosso,14,+1 Lap,12,65,
1452,2014,5,maldonado,lotus_f1,15,+1 Lap,22,65,
1453,2014,5,gutierrez,sauber,16,+1 Lap,13,65,
1454,2014,5,sutil,sauber,17,+1 Lap,16,65,
1455,2014,5,jules_bianchi,marussia,18,+2 Laps,18,64,
1456,2014,5,chilton,marussia,19,+2 Laps,17,64,
1457,2014,5,ericsson,caterham,20,+2 Laps,19,64,
1458,2014,5,kobayashi,caterham,21,Brakes,20,34,
1459,2014,5,vergne,toro_rosso,22,Exhaust,21,24,
1460,2014,6,rosberg,mercedes,1,Finished,1,78,
1461,2014,6,hamilton,mercedes,2,Finished,2,78,
1462,2014,6,ricciardo,red_bull,3,Finished,3,78,
1463,2014,6,alonso,ferrari,4,Finished,5,78,
1464,2014,6,hulkenberg,force_india,5,+1 Lap,11,77,
1465,2014,6,button,mclaren,6,+1 Lap,12,77,
1466,2014,6,massa,williams,7,+1 Lap,16,77,
1467,2014,6,grosjean,lotus_f1,8,+1 Lap,14,77,
1468,2014,6,jules_bianchi,marussia,9,+1 Lap,21,77,
1469,2014,6,kevin_magnussen,mclaren,10,+1 Lap,8,77,
1470,2014,6,ericsson,caterham,11,+1 Lap,22,77,
1471,2014,6,raikkonen,ferrari,12,+1 Lap,6,77,
1472,2014,6,kobayashi,caterham,13,+2 Laps,20,75,
1473,2014,6,chilton,marussia,14,+3 Laps,19,75,
1474,2014,6,gutierrez,sauber,15,Accident,17,59,
1475,2014,6,bottas,williams,16,Engine,13,55,
1476,2014,6,vergne,toro_rosso,17,Engine,7,50,
1477,2014,6,sutil,sauber,18,Accident,18,23,
1478,2014,6,kvyat,toro_rosso,19,Mechanical,9,10,
1479,2014,6,vettel,red_bull,20,Turbo,4,5,
1480,2014,6,perez,force_india,21,Collision,10,0,
1481,2014,6,maldonado,lotus_f1,22,Withdrew,15,0,
1482,2014,7,ricciardo,red_bull,1,Finished,6,70,
1483,2014,7,rosberg,mercedes,2,Finished,1,70,
1484,2014,7,vettel,red_bull,3,Finished,3,70,
1485,2014,7,button,mclaren,4,Finished,9,70,
1486,2014,7,hulkenberg,force_india,5,Finished,11,70,
1487,2014,7,alonso,ferrari,6,Finished,7,70,
1488,2014,7,bottas,williams,7,Finished,4,70,
1489,2014,7,vergne,toro_rosso,8,Finished,8,70,
1490,2014,7,kevin_magnussen,mclaren,9,Finished,12,70,
1491,2014,7,raikkonen,ferrari,10,Finished,10,70,
1492,2014,7,perez,force_india,11,Collision,13,69,
1493,2014,7,massa,williams,12,Collision,5,69,
1494,2014,7,sutil,sauber,13,+1 Lap,16,69,
1495,2014,7,gutierrez,sauber,14,ERS,22,64,
1496,2014,7,grosjean,lotus_f1,15,Rear wing,14,59,
1497,2014,7,kvyat,toro_rosso,16,Drivetrain,15,47,
1498,2014,7,hamilton,mercedes,17,Brakes,2,46,
1499,2014,7,kobayashi,caterham,18,Suspension,21,23,
1500,2014,7,maldonado,lotus_f1,19,Power Unit,17,21,
1501,2014,7,ericsson,caterham,20,Turbo,20,7,
1502,2014,7,chilton,marussia,21,Collision,18,0,
1503,2014,7,jules_bianchi,marussia,22,Collision,19,0,
1504,2014,8,rosberg,mercedes,1,Finished,3,71,
1505,2014,8,hamilton,mercedes,2,Finished,9,71,
1506,2014,8,bottas,williams,3,Finished,2,71,
1507,2014,8,massa,williams,4,Finished,1,71,
1508,2014,8,alonso,ferrari,5,Finished,4,71,
1509,2014,8,perez,force_india,6,Finished,15,71,
1510,2014,8,kevin_magnussen,mclaren,7,Finished,6,71,
1511,2014,8,ricciardo,red_bull,8,Finished,5,71,
1512,2014,8,hulkenberg,force_india,9,Finished,10,71,
1513,2014,8,raikkonen,ferrari,10,Finished,8,71,
1514,2014,8,button,mclaren,11,Finished,11,71,
1515,2014,8,maldonado,lotus_f1,12,+1 Lap,13,70,
1516,2014,8,sutil,sauber,13,+1 Lap,16,70,
1517,2014,8,grosjean,lotus_f1,14,+1 Lap,22,70,
1518,2014,8,jules_bianchi,marussia,15,+2 Laps,18,69,
1519,2014,8,kobayashi,caterham,16,+2 Laps,19,69,
1520,2014,8,chilton,marussia,17,+2 Laps,21,69,
1521,2014,8,ericsson,caterham,18,+2 Laps,20,69,
1522,2014,8,gutierrez,sauber,19,+2 Laps,17,69,
1523,2014,8,vergne,toro_rosso,20,Brakes,14,59,
1524,2014,8,vettel,red_bull,21,Electrical,12,34,
1525,2014,8,kvyat,toro_rosso,22,Suspension,7,24,
1526,2014,9,hamilton,mercedes,1,Finished,6,52,
1527,2014,9,bottas,williams,2,Finished,14,52,
1528,2014,9,ricciardo,red_bull,3,Finished,8,52,
1529,2014,9,button,mclaren,4,Finished,3,52,
1530,2014,9,vettel,red_bull,5,Finished,2,52,
1531,2014,9,alonso,ferrari,6,Finished,16,52,
1532,2014,9,kevin_magnussen,mclaren,7,Finished,5,52,
1533,2014,9,hulkenberg,force_india,8,Finished,4,52,
1534,2014,9,kvyat,toro_rosso,9,Finished,9,52,
1535,2014,9,vergne,toro_rosso,10,+1 Lap,10,51,
1536,2014,9,perez,force_india,11,+1 Lap,7,51,
1537,2014,9,grosjean,lotus_f1,12,+1 Lap,11,51,
1538,2014,9,sutil,sauber,13,+1 Lap,13,51,
1539,2014,9,jules_bianchi,marussia,14,+1 Lap,12,51,
1540,2014,9,kobayashi,caterham,15,+2 Laps,22,50,
1541,2014,9,chilton,marussia,16,+2 Laps,17,50,
1542,2014,9,maldonado,lotus_f1,17,+3 Laps,20,49,
1543,2014,9,rosberg,mercedes,18,Gearbox,1,28,
1544,2014,9,ericsson,caterham,19,Suspension,21,11,
1545,2014,9,gutierrez,sauber,20,Collision,19,9,
1546,2014,9,massa,williams,21,Collision,15,0,
1547,2014,9,raikkonen,ferrari,22,Collision,18,0,
1548,2014,10,rosberg,mercedes,1,Finished,1,67,
1549,2014,10,bottas,williams,2,Finished,2,67,
1550,2014,10,hamilton,mercedes,3,Finished,20,67,
1551,2014,10,vettel,red_bull,4,Finished,6,67,
1552,2014,10,alonso,ferrari,5,Finished,7,67,
1553,2014,10,ricciardo,red_bull,6,Finished,5,67,
1554,2014,10,hulkenberg,force_india,7,Finished,9,67,
1555,2014,10,button,mclaren,8,Finished,11,67,
1556,2014,10,kevin_magnussen,mclaren,9,+1 Lap,4,66,
1557,2014,10,perez,force_india,10,+1 Lap,10,66,
1558,2014,10,raikkonen,ferrari,11,+1 Lap,12,66,
1559,2014,10,maldonado,lotus_f1,12,+1 Lap,18,66,
1560,2014,10,vergne,toro_rosso,13,+1 Lap,13,66,
1561,2014,10,gutierrez,sauber,14,+1 Lap,16,66,
1562,2014,10,jules_bianchi,marussia,15,+1 Lap,17,66,
1563,2014,10,kobayashi,caterham,16,+2 Laps,19,65,
1564,2014,10,chilton,marussia,17,+2 Laps,21,65,
1565,2014,10,ericsson,caterham,18,+2 Laps,22,65,
1566,2014,10,sutil,sauber,19,Brakes,15,47,
1567,2014,10,kvyat,toro_rosso,20,Oil leak,8,44,
1568,2014,10,grosjean,lotus_f1,21,Water leak,14,26,
1569,2014,10,massa,williams,22,Collision,3,0,
1570,2014,11,ricciardo,red_bull,1,Finished,4,70,
1571,2014,11,alonso,ferrari,2,Finished,5,70,
1572,2014,11,hamilton,mercedes,3,Finished,22,70,
1573,2014,11,rosberg,mercedes,4,Finished,1,70,
1574,2014,11,massa,williams,5,Finished,6,70,
1575,2014,11,raikkonen,ferrari,6,Finished,16,70,
1576,2014,11,vettel,red_bull,7,Finished,2,70,
1577,2014,11,bottas,williams,8,Finished,3,70,
1578,2014,11,vergne,toro_rosso,9,Finished,8,70,
1579,2014,11,button,mclaren,10,Finished,7,70,
1580,2014,11,sutil,sauber,11,Finished,11,70,
1581,2014,11,kevin_magnussen,mclaren,12,Finished,21,70,
1582,2014,11,maldonado,lotus_f1,13,Finished,20,70,
1583,2014,11,kvyat,toro_rosso,14,+1 Lap,10,69,
1584,2014,11,jules_bianchi,marussia,15,+1 Lap,15,69,
1585,2014,11,chilton,marussia,16,+1 Lap,18,69,
1586,2014,11,gutierrez,sauber,17,Retired,13,33,
1587,2014,11,kobayashi,caterham,18,Retired,17,26,
1588,2014,11,perez,force_india,19,Accident,12,23,
1589,2014,11,hulkenberg,force_india,20,Accident,9,16,
1590,2014,11,grosjean,lotus_f1,21,Accident,14,11,
1591,2014,11,ericsson,caterham,22,Accident,19,8,
1592,2014,12,ricciardo,red_bull,1,Finished,5,44,
1593,2014,12,rosberg,mercedes,2,Finished,1,44,
1594,2014,12,bottas,williams,3,Finished,6,44,
1595,2014,12,raikkonen,ferrari,4,Finished,8,44,
1596,2014,12,vettel,red_bull,5,Finished,3,44,
1597,2014,12,button,mclaren,6,Finished,10,44,
1598,2014,12,alonso,ferrari,7,Finished,4,44,
1599,2014,12,perez,force_india,8,Finished,13,44,
1600,2014,12,kvyat,toro_rosso,9,Finished,11,44,
1601,2014,12,hulkenberg,force_india,10,Finished,18,44,
1602,2014,12,vergne,toro_rosso,11,Finished,12,44,
1603,2014,12,kevin_magnussen,mclaren,12,Finished,7,44,
1604,2014,12,massa,williams,13,Finished,9,44,
1605,2014,12,sutil,sauber,14,Finished,14,44,
1606,2014,12,gutierrez,sauber,15,Finished,20,44,
1607,2014,12,chilton,marussia,16,+1 Lap,19,43,
1608,2014,12,ericsson,caterham,17,+1 Lap,22,43,
1609,2014,12,jules_bianchi,marussia,18,Gearbox,16,39,
1610,2014,12,hamilton,mercedes,19,Retired,2,38,
1611,2014,12,grosjean,lotus_f1,20,Retired,15,33,
1612,2014,12,maldonado,lotus_f1,21,Mechanical,17,1,
1613,2014,12,lotterer,caterham,22,Power Unit,21,1,
1614,2014,13,hamilton,mercedes,1,Finished,1,53,
1615,2014,13,rosberg,mercedes,2,Finished,2,53,
1616,2014,13,massa,williams,3,Finished,4,53,
1617,2014,13,bottas,williams,4,Finished,3,53,
1618,2014,13,ricciardo,red_bull,5,Finished,9,53,
1619,2014,13,vettel,red_bull,6,Finished,8,53,
1620,2014,13,perez,force_india,7,Finished,10,53,
1621,2014,13,button,mclaren,8,Finished,6,53,
1622,2014,13,raikkonen,ferrari,9,Finished,11,53,
1623,2014,13,kevin_magnussen,mclaren,10,Finished,5,53,
1624,2014,13,kvyat,toro_rosso,11,Finished,21,53,
1625,2014,13,hulkenberg,force_india,12,Finished,13,53,
1626,2014,13,vergne,toro_rosso,13,Finished,12,53,
1627,2014,13,maldonado,lotus_f1,14,+1 Lap,16,52,
1628,2014,13,sutil,sauber,15,+1 Lap,14,52,
1629,2014,13,grosjean,lotus_f1,16,+1 Lap,17,52,
1630,2014,13,kobayashi,caterham,17,+1 Lap,18,52,
1631,2014,13,jules_bianchi,marussia,18,+1 Lap,19,52,
1632,2014,13,gutierrez,sauber,19,+2 Laps,15,51,
1633,2014,13,ericsson,caterham,20,+2 Laps,22,51,
1634,2014,13,alonso,ferrari,21,Engine,7,28,
1635,2014,13,chilton,marussia,22,Accident,20,5,
1636,2014,14,hamilton,mercedes,1,Finished,1,60,
1637,2014,14,vettel,red_bull,2,Finished,4,60,
1638,2014,14,ricciardo,red_bull,3,Finished,3,60,
1639,2014,14,alonso,ferrari,4,Finished,5,60,
1640,2014,14,massa,williams,5,Finished,6,60,
1641,2014,14,vergne,toro_rosso,6,Finished,12,60,
1642,2014,14,perez,force_india,7,Finished,15,60,
1643,2014,14,raikkonen,ferrari,8,Finished,7,60,
1644,2014,14,hulkenberg,force_india,9,Finished,13,60,
1645,2014,14,kevin_magnussen,mclaren,10,Finished,9,60,
1646,2014,14,bottas,williams,11,Finished,8,60,
1647,2014,14,maldonado,lotus_f1,12,Finished,18,60,
1648,2014,14,grosjean,lotus_f1,13,Finished,16,60,
1649,2014,14,kvyat,toro_rosso,14,Finished,10,60,
1650,2014,14,ericsson,caterham,15,Finished,22,60,
1651,2014,14,jules_bianchi,marussia,16,Finished,19,60,
1652,2014,14,chilton,marussia,17,+1 Lap,21,59,
1653,2014,14,button,mclaren,18,Retired,11,52,
1654,2014,14,sutil,sauber,19,Water pressure,17,40,
1655,2014,14,gutierrez,sauber,20,Electrical,14,17,
1656,2014,14,rosberg,mercedes,21,Electrical,2,13,
1657,2014,14,kobayashi,caterham,22,Power Unit,20,0,
1658,2014,15,hamilton,mercedes,1,Finished,2,44,
1659,2014,15,rosberg,mercedes,2,Finished,1,44,
1660,2014,15,vettel,red_bull,3,Finished,9,44,
1661,2014,15,ricciardo,red_bull,4,Finished,6,44,
1662,2014,15,button,mclaren,5,Finished,8,44,
1663,2014,15,bottas,williams,6,Finished,3,44,
1664,2014,15,massa,williams,7,Finished,4,44,
1665,2014,15,hulkenberg,force_india,8,Finished,13,44,
1666,2014,15,vergne,toro_rosso,9,Finished,20,44,
1667,2014,15,perez,force_india,10,+1 Lap,11,43,
1668,2014,15,kvyat,toro_rosso,11,+1 Lap,12,43,
1669,2014,15,raikkonen,ferrari,12,+1 Lap,10,43,
1670,2014,15,gutierrez,sauber,13,+1 Lap,15,43,
1671,2014,15,kevin_magnussen,mclaren,14,+1 Lap,7,43,
1672,2014,15,grosjean,lotus_f1,15,+1 Lap,16,43,
1673,2014,15,maldonado,lotus_f1,16,+1 Lap,22,43,
1674,2014,15,ericsson,caterham,17,+1 Lap,17,43,
1675,2014,15,chilton,marussia,18,+1 Lap,21,43,
1676,2014,15,kobayashi,caterham,19,+1 Lap,19,43,
1677,2014,15,jules_bianchi,marussia,20,Accident,18,41,
1678,2014,15,sutil,sauber,21,Accident,14,40,
1679,2014,15,alonso,ferrari,22,Electronics,5,2,
1680,2014,16,hamilton,mercedes,1,Finished,1,53,
1681,2014,16,rosberg,mercedes,2,Finished,2,53,
1682,2014,16,bottas,williams,3,Finished,3,53,
1683,2014,16,button,mclaren,4,Finished,4,53,
1684,2014,16,kevin_magnussen,mclaren,5,Finished,11,53,
1685,2014,16,alonso,ferrari,6,Finished,7,53,
1686,2014,16,ricciardo,red_bull,7,Finished,6,53,
1687,2014,16,vettel,red_bull,8,Finished,10,53,
1688,2014,16,raikkonen,ferrari,9,Finished,8,53,
1689,2014,16,perez,force_india,10,Finished,12,53,
1690,2014,16,massa,williams,11,Finished,18,53,
1691,2014,16,hulkenberg,force_india,12,Finished,17,53,
1692,2014,16,vergne,toro_rosso,13,Finished,9,53,
1693,2014,16,kvyat,toro_rosso,14,+1 Lap,5,52,
1694,2014,16,gutierrez,sauber,15,+1 Lap,13,52,
1695,2014,16,sutil,sauber,16,+1 Lap,14,52,
1696,2014,16,grosjean,lotus_f1,17,+1 Lap,15,52,
1697,2014,16,maldonado,lotus_f1,18,+1 Lap,21,52,
1698,2014,16,ericsson,caterham,19,+2 Laps,16,51,
1699,2014,16,kobayashi,caterham,20,Brakes,19,21,
1700,2014,16,chilton,marussia,21,Suspension,20,9,
1701,2014,17,hamilton,mercedes,1,Finished,2,56,
1702,2014,17,rosberg,mercedes,2,Finished,1,56,
1703,2014,17,ricciardo,red_bull,3,Finished,5,56,
1704,2014,17,massa,williams,4,Finished,4,56,
1705,2014,17,bottas,williams,5,Finished,3,56,
1706,2014,17,alonso,ferrari,6,Finished,6,56,
1707,2014,17,vettel,red_bull,7,Finished,18,56,
1708,2014,17,kevin_magnussen,mclaren,8,Finished,7,56,
1709,2014,17,maldonado,lotus_f1,9,Finished,10,56,
1710,2014,17,vergne,toro_rosso,10,Finished,14,56,
1711,2014,17,grosjean,lotus_f1,11,+1 Lap,16,55,
1712,2014,17,button,mclaren,12,+1 Lap,12,55,
1713,2014,17,raikkonen,ferrari,13,+1 Lap,8,55,
1714,2014,17,gutierrez,sauber,14,+1 Lap,15,55,
1715,2014,17,kvyat,toro_rosso,15,+1 Lap,17,55,
1716,2014,17,hulkenberg,force_india,16,Engine,13,16,
1717,2014,17,perez,force_india,17,Collision damage,11,1,
1718,2014,17,sutil,sauber,18,Collision,9,0,
1719,2014,18,rosberg,mercedes,1,Finished,1,71,
1720,2014,18,hamilton,mercedes,2,Finished,2,71,
1721,2014,18,massa,williams,3,Finished,3,71,
1722,2014,18,button,mclaren,4,Finished,5,71,
1723,2014,18,vettel,red_bull,5,Finished,6,71,
1724,2014,18,alonso,ferrari,6,Finished,8,71,
1725,2014,18,raikkonen,ferrari,7,Finished,10,71,
1726,2014,18,hulkenberg,force_india,8,Finished,12,71,
1727,2014,18,kevin_magnussen,mclaren,9,Finished,7,71,
1728,2014,18,bottas,williams,10,+1 Lap,4,70,
1729,2014,18,kvyat,toro_rosso,11,+1 Lap,17,70,
1730,2014,18,maldonado,lotus_f1,12,+1 Lap,16,70,
1731,2014,18,vergne,toro_rosso,13,+1 Lap,15,70,
1732,2014,18,gutierrez,sauber,14,+1 Lap,11,70,
1733,2014,18,perez,force_india,15,+1 Lap,18,70,
1734,2014,18,sutil,sauber,16,+1 Lap,13,70,
1735,2014,18,grosjean,lotus_f1,17,+8 Laps,14,63,
1736,2014,18,ricciardo,red_bull,18,Suspension,9,39,
1737,2014,19,hamilton,mercedes,1,Finished,2,55,
1738,2014,19,massa,williams,2,Finished,4,55,
1739,2014,19,bottas,williams,3,Finished,3,55,
1740,2014,19,ricciardo,red_bull,4,Finished,20,55,
1741,2014,19,button,mclaren,5,Finished,6,55,
1742,2014,19,hulkenberg,force_india,6,Finished,12,55,
1743,2014,19,perez,force_india,7,Finished,11,55,
1744,2014,19,vettel,red_bull,8,Finished,19,55,
1745,2014,19,alonso,ferrari,9,Finished,8,55,
1746,2014,19,raikkonen,ferrari,10,Finished,7,55,
1747,2014,19,kevin_magnussen,mclaren,11,Finished,9,55,
1748,2014,19,vergne,toro_rosso,12,Finished,10,55,
1749,2014,19,grosjean,lotus_f1,13,+1 Lap,18,54,
1750,2014,19,rosberg,mercedes,14,+1 Lap,1,54,
1751,2014,19,gutierrez,sauber,15,+1 Lap,14,54,
1752,2014,19,sutil,sauber,16,+1 Lap,13,54,
1753,2014,19,stevens,caterham,17,+1 Lap,17,54,
1754,2014,19,kobayashi,caterham,18,Retired,16,42,
1755,2014,19,maldonado,lotus_f1,19,Power Unit,15,26,
1756,2014,19,kvyat,toro_rosso,20,Power Unit,5,14,
1757,2015,1,hamilton,mercedes,1,Finished,1,58,
1758,2015,1,rosberg,mercedes,2,Finished,2,58,
1759,2015,1,vettel,ferrari,3,Finished,4,58,
1760,2015,1,massa,williams,4,Finished,3,58,
1761,2015,1,nasr,sauber,5,Finished,10,58,
1762,2015,1,ricciardo,red_bull,6,+1 Lap,6,57,
1763,2015,1,hulkenberg,force_india,7,+1 Lap,13,57,
1764,2015,1,ericsson,sauber,8,+1 Lap,15,57,
1765,2015,1,sainz,toro_rosso,9,+1 Lap,7,57,
1766,2015,1,perez,force_india,10,+1 Lap,14,57,
1767,2015,1,button,mclaren,11,+2 Laps,16,56,
1768,2015,1,raikkonen,ferrari,12,Wheel,5,40,
1769,2015,1,max_verstappen,toro_rosso,13,Engine,11,32,
1770,2015,1,grosjean,lotus_f1,14,Power loss,8,0,
1771,2015,1,maldonado,lotus_f1,15,Accident,9,0,
1772,2015,1,kvyat,red_bull,16,Withdrew,12,0,
1773,2015,1,kevin_magnussen,mclaren,17,Withdrew,17,0,
1774,2015,1,bottas,williams,18,Withdrew,0,0,
1775,2015,2,vettel,ferrari,1,Finished,2,56,
1776,2015,2,hamilton,mercedes,2,Finished,1,56,
1777,2015,2,rosberg,mercedes,3,Finished,3,56,
1778,2015,2,raikkonen,ferrari,4,Finished,11,56,
1779,2015,2,bottas,williams,5,Finished,8,56,
1780,2015,2,massa,williams,6,Finished,7,56,
1781,2015,2,max_verstappen,toro_rosso,7,Finished,6,56,
1782,2015,2,sainz,toro_rosso,8,+1 Lap,15,55,
1783,2015,2,kvyat,red_bull,9,+1 Lap,5,55,
1784,2015,2,ricciardo,red_bull,10,+1 Lap,4,55,
1785,2015,2,grosjean,lotus_f1,11,+1 Lap,10,55,
1786,2015,2,nasr,sauber,12,+1 Lap,16,55,
1787,2015,2,perez,force_india,13,+1 Lap,14,55,
1788,2015,2,hulkenberg,force_india,14,+1 Lap,13,55,
1789,2015,2,merhi,manor,15,+3 Laps,19,53,
1790,2015,2,maldonado,lotus_f1,16,Retired,12,47,
1791,2015,2,button,mclaren,17,Turbo,17,41,
1792,2015,2,alonso,mclaren,18,ERS,18,21,
1793,2015,2,ericsson,sauber,19,Spun off,9,3,
1794,2015,2,stevens,manor,20,Fuel system,0,0,
1795,2015,3,hamilton,mercedes,1,Finished,1,56,
1796,2015,3,rosberg,mercedes,2,Finished,2,56,
1797,2015,3,vettel,ferrari,3,Finished,3,56,
1798,2015,3,raikkonen,ferrari,4,Finished,6,56,
1799,2015,3,massa,williams,5,Finished,4,56,
1800,2015,3,bottas,williams,6,Finished,5,56,
1801,2015,3,grosjean,lotus_f1,7,Finished,8,56,
1802,2015,3,nasr,sauber,8,Finished,9,56,
1803,2015,3,ricciardo,red_bull,9,Finished,7,56,
1804,2015,3,ericsson,sauber,10,+1 Lap,10,55,
1805,2015,3,perez,force_india,11,+1 Lap,15,55,
1806,2015,3,alonso,mclaren,12,+1 Lap,18,55,
1807,2015,3,sainz,toro_rosso,13,+1 Lap,14,55,
1808,2015,3,button,mclaren,14,+1 Lap,17,55,
1809,2015,3,stevens,manor,15,+2 Laps,19,54,
1810,2015,3,merhi,manor,16,+2 Laps,20,54,
1811,2015,3,max_verstappen,toro_rosso,17,Transmission,13,52,
1812,2015,3,maldonado,lotus_f1,18,Brakes,11,49,
1813,2015,3,kvyat,red_bull,19,Power Unit,12,15,
1814,2015,3,hulkenberg,force_india,20,Gearbox,16,9,
1815,2015,4,hamilton,mercedes,1,Finished,1,57,
1816,2015,4,raikkonen,ferrari,2,Finished,4,57,
1817,2015,4,rosberg,mercedes,3,Finished,3,57,
1818,2015,4,bottas,williams,4,Finished,5,57,
1819,2015,4,vettel,ferrari,5,Finished,2,57,
1820,2015,4,ricciardo,red_bull,6,Finished,7,57,
1821,2015,4,grosjean,lotus_f1,7,Finished,10,57,
1822,2015,4,perez,force_india,8,+1 Lap,11,56,
1823,2015,4,kvyat,red_bull,9,+1 Lap,17,56,
1824,2015,4,massa,williams,10,+1 Lap,6,56,
1825,2015,4,alonso,mclaren,11,+1 Lap,14,56,
1826,2015,4,nasr,sauber,12,+1 Lap,12,56,
1827,2015,4,hulkenberg,force_india,13,+1 Lap,8,56,
1828,2015,4,ericsson,sauber,14,+1 Lap,13,56,
1829,2015,4,maldonado,lotus_f1,15,+1 Lap,16,56,
1830,2015,4,stevens,manor,16,+2 Laps,18,55,
1831,2015,4,merhi,manor,17,+3 Laps,19,54,
1832,2015,4,max_verstappen,toro_rosso,18,Electrical,15,34,
1833,2015,4,sainz,toro_rosso,19,Engine,9,29,
1834,2015,4,button,mclaren,20,ERS,20,0,
1835,2015,5,rosberg,mercedes,1,Finished,1,66,
1836,2015,5,hamilton,mercedes,2,Finished,2,66,
1837,2015,5,vettel,ferrari,3,Finished,3,66,
1838,2015,5,bottas,williams,4,Finished,4,66,
1839,2015,5,raikkonen,ferrari,5,Finished,7,66,
1840,2015,5,massa,williams,6,Finished,9,66,
1841,2015,5,ricciardo,red_bull,7,+1 Lap,10,65,
1842,2015,5,grosjean,lotus_f1,8,+1 Lap,11,65,
1843,2015,5,sainz,toro_rosso,9,+1 Lap,5,65,
1844,2015,5,kvyat,red_bull,10,+1 Lap,8,65,
1845,2015,5,max_verstappen,toro_rosso,11,+1 Lap,6,65,
1846,2015,5,nasr,sauber,12,+1 Lap,15,65,
1847,2015,5,perez,force_india,13,+1 Lap,18,65,
1848,2015,5,ericsson,sauber,14,+1 Lap,16,65,
1849,2015,5,hulkenberg,force_india,15,+1 Lap,17,65,
1850,2015,5,button,mclaren,16,+1 Lap,14,65,
1851,2015,5,stevens,manor,17,+3 Laps,19,63,
1852,2015,5,merhi,manor,18,+4 Laps,20,62,
1853,2015,5,maldonado,lotus_f1,19,Accident,12,45,
1854,2015,5,alonso,mclaren,20,Brakes,13,26,
1855,2015,6,rosberg,mercedes,1,Finished,2,78,
1856,2015,6,vettel,ferrari,2,Finished,3,78,
1857,2015,6,hamilton,mercedes,3,Finished,1,78,
1858,2015,6,kvyat,red_bull,4,Finished,5,78,
1859,2015,6,ricciardo,red_bull,5,Finished,4,78,
1860,2015,6,raikkonen,ferrari,6,Finished,6,78,
1861,2015,6,perez,force_india,7,Finished,7,78,
1862,2015,6,button,mclaren,8,Finished,10,78,
1863,2015,6,nasr,sauber,9,Finished,14,78,
1864,2015,6,sainz,toro_rosso,10,Finished,0,78,
1865,2015,6,hulkenberg,force_india,11,Finished,11,78,
1866,2015,6,grosjean,lotus_f1,12,Finished,15,78,
1867,2015,6,ericsson,sauber,13,Finished,17,78,
1868,2015,6,bottas,williams,14,Finished,16,78,
1869,2015,6,massa,williams,15,+1 Lap,12,77,
1870,2015,6,merhi,manor,16,+2 Laps,19,76,
1871,2015,6,stevens,manor,17,+2 Laps,18,76,
1872,2015,6,max_verstappen,toro_rosso,18,Accident,9,62,
1873,2015,6,alonso,mclaren,19,Gearbox,13,41,
1874,2015,6,maldonado,lotus_f1,20,Brakes,8,5,
1875,2015,7,hamilton,mercedes,1,Finished,1,70,
1876,2015,7,rosberg,mercedes,2,Finished,2,70,
1877,2015,7,bottas,williams,3,Finished,4,70,
1878,2015,7,raikkonen,ferrari,4,Finished,3,70,
1879,2015,7,vettel,ferrari,5,Finished,18,70,
1880,2015,7,massa,williams,6,Finished,15,70,
1881,2015,7,maldonado,lotus_f1,7,Finished,6,70,
1882,2015,7,hulkenberg,force_india,8,+1 Lap,7,69,
1883,2015,7,kvyat,red_bull,9,+1 Lap,8,69,
1884,2015,7,grosjean,lotus_f1,10,+1 Lap,5,69,
1885,2015,7,perez,force_india,11,+1 Lap,10,69,
1886,2015,7,sainz,toro_rosso,12,+1 Lap,11,69,
1887,2015,7,ricciardo,red_bull,13,+1 Lap,9,69,
1888,2015,7,ericsson,sauber,14,+1 Lap,12,69,
1889,2015,7,max_verstappen,toro_rosso,15,+1 Lap,19,69,
1890,2015,7,nasr,sauber,16,+2 Laps,14,68,
1891,2015,7,stevens,manor,17,+4 Laps,17,66,
1892,2015,7,merhi,manor,18,Retired,16,57,
1893,2015,7,button,mclaren,19,Retired,20,54,
1894,2015,7,alonso,mclaren,20,Engine,13,44,
1895,2015,8,rosberg,mercedes,1,Finished,2,71,
1896,2015,8,hamilton,mercedes,2,Finished,1,71,
1897,2015,8,massa,williams,3,Finished,4,71,
1898,2015,8,vettel,ferrari,4,Finished,3,71,
1899,2015,8,bottas,williams,5,Finished,6,71,
1900,2015,8,hulkenberg,force_india,6,Finished,5,71,
1901,2015,8,maldonado,lotus_f1,7,+1 Lap,10,70,
1902,2015,8,max_verstappen,toro_rosso,8,+1 Lap,7,70,
1903,2015,8,perez,force_india,9,+1 Lap,13,70,
1904,2015,8,ricciardo,red_bull,10,+1 Lap,18,70,
1905,2015,8,nasr,sauber,11,+1 Lap,8,70,
1906,2015,8,kvyat,red_bull,12,+1 Lap,15,70,
1907,2015,8,ericsson,sauber,13,+2 Laps,11,69,
1908,2015,8,merhi,manor,14,+3 Laps,16,68,
1909,2015,8,grosjean,lotus_f1,15,Gearbox,9,35,
1910,2015,8,sainz,toro_rosso,16,Power loss,12,35,
1911,2015,8,button,mclaren,17,Retired,20,8,
1912,2015,8,stevens,manor,18,Oil leak,17,1,
1913,2015,8,raikkonen,ferrari,19,Collision,14,0,
1914,2015,8,alonso,mclaren,20,Collision,19,0,
1915,2015,9,hamilton,mercedes,1,Finished,1,52,
1916,2015,9,rosberg,mercedes,2,Finished,2,52,
1917,2015,9,vettel,ferrari,3,Finished,6,52,
1918,2015,9,massa,williams,4,Finished,3,52,
1919,2015,9,bottas,williams,5,Finished,4,52,
1920,2015,9,kvyat,red_bull,6,Finished,7,52,
1921,2015,9,hulkenberg,force_india,7,Finished,9,52,
1922,2015,9,raikkonen,ferrari,8,+1 Lap,5,51,
1923,2015,9,perez,force_india,9,+1 Lap,11,51,
1924,2015,9,alonso,mclaren,10,+1 Lap,17,51,
1925,2015,9,ericsson,sauber,11,+1 Lap,15,51,
1926,2015,9,merhi,manor,12,+3 Laps,20,49,
1927,2015,9,stevens,manor,13,+3 Laps,19,49,
1928,2015,9,sainz,toro_rosso,14,Electrical,8,31,
1929,2015,9,ricciardo,red_bull,15,Electrical,10,21,
1930,2015,9,max_verstappen,toro_rosso,16,Spun off,13,3,
1931,2015,9,grosjean,lotus_f1,17,Collision,12,0,
1932,2015,9,maldonado,lotus_f1,18,Collision,14,0,
1933,2015,9,button,mclaren,19,Collision,18,0,
1934,2015,9,nasr,sauber,20,Gearbox,16,0,
1935,2015,10,vettel,ferrari,1,Finished,3,69,
1936,2015,10,kvyat,red_bull,2,Finished,7,69,
1937,2015,10,ricciardo,red_bull,3,Finished,4,69,
1938,2015,10,max_verstappen,toro_rosso,4,Finished,9,69,
1939,2015,10,alonso,mclaren,5,Finished,15,69,
1940,2015,10,hamilton,mercedes,6,Finished,1,69,
1941,2015,10,grosjean,lotus_f1,7,Finished,10,69,
1942,2015,10,rosberg,mercedes,8,Finished,2,69,
1943,2015,10,button,mclaren,9,Finished,16,69,
1944,2015,10,ericsson,sauber,10,Finished,17,69,
1945,2015,10,nasr,sauber,11,Finished,18,69,
1946,2015,10,massa,williams,12,Finished,8,69,
1947,2015,10,bottas,williams,13,Finished,6,69,
1948,2015,10,maldonado,lotus_f1,14,Finished,14,69,
1949,2015,10,merhi,manor,15,+2 Laps,19,67,
1950,2015,10,stevens,manor,16,+4 Laps,20,65,
1951,2015,10,sainz,toro_rosso,17,Electrical,12,60,
1952,2015,10,raikkonen,ferrari,18,Power Unit,5,55,
1953,2015,10,perez,force_india,19,Suspension,13,53,
1954,2015,10,hulkenberg,force_india,20,Front wing,11,41,
1955,2015,11,hamilton,mercedes,1,Finished,1,43,
1956,2015,11,rosberg,mercedes,2,Finished,2,43,
1957,2015,11,grosjean,lotus_f1,3,Finished,9,43,
1958,2015,11,kvyat,red_bull,4,Finished,12,43,
1959,2015,11,perez,force_india,5,Finished,4,43,
1960,2015,11,massa,williams,6,Finished,6,43,
1961,2015,11,raikkonen,ferrari,7,Finished,16,43,
1962,2015,11,max_verstappen,toro_rosso,8,Finished,18,43,
1963,2015,11,bottas,williams,9,Power Unit,3,43,
1964,2015,11,ericsson,sauber,10,Finished,13,43,
1965,2015,11,nasr,sauber,11,Finished,14,43,
1966,2015,11,vettel,ferrari,12,Tyre,8,42,
1967,2015,11,alonso,mclaren,13,+1 Lap,20,42,
1968,2015,11,button,mclaren,14,+1 Lap,19,42,
1969,2015,11,merhi,manor,15,+1 Lap,17,42,
1970,2015,11,stevens,manor,16,+1 Lap,15,42,
1971,2015,11,sainz,toro_rosso,17,Power Unit,10,32,
1972,2015,11,ricciardo,red_bull,18,Power Unit,5,19,
1973,2015,11,maldonado,lotus_f1,19,Engine,7,2,
1974,2015,11,hulkenberg,force_india,20,Power loss,11,0,
1975,2015,12,hamilton,mercedes,1,Finished,1,53,
1976,2015,12,vettel,ferrari,2,Finished,3,53,
1977,2015,12,massa,williams,3,Finished,5,53,
1978,2015,12,bottas,williams,4,Finished,6,53,
1979,2015,12,raikkonen,ferrari,5,Finished,2,53,
1980,2015,12,perez,force_india,6,Finished,7,53,
1981,2015,12,hulkenberg,force_india,7,+1 Lap,9,52,
1982,2015,12,ricciardo,red_bull,8,+1 Lap,19,52,
1983,2015,12,ericsson,sauber,9,+1 Lap,12,52,
1984,2015,12,kvyat,red_bull,10,+1 Lap,18,52,
1985,2015,12,sainz,toro_rosso,11,+1 Lap,17,52,
1986,2015,12,max_verstappen,toro_rosso,12,+1 Lap,20,52,
1987,2015,12,nasr,sauber,13,+1 Lap,17,52,
1988,2015,12,button,mclaren,14,+1 Lap,15,52,
1989,2015,12,stevens,manor,15,+2 Laps,13,51,
1990,2015,12,merhi,manor,16,+2 Laps,14,51,
1991,2015,12,rosberg,mercedes,17,+3 Laps,4,50,
1992,2015,12,alonso,mclaren,18,+6 Laps,16,47,
1993,2015,12,grosjean,lotus_f1,19,Collision damage,8,1,
1994,2015,12,maldonado,lotus_f1,20,Collision damage,10,1,
1995,2015,13,vettel,ferrari,1,Finished,1,61,
1996,2015,13,ricciardo,red_bull,2,Finished,2,61,
1997,2015,13,raikkonen,ferrari,3,Finished,3,61,
1998,2015,13,rosberg,mercedes,4,Finished,6,61,
1999,2015,13,bottas,williams,5,Finished,7,61,
2000,2015,13,kvyat,red_bull,6,Finished,4,61,
2001,2015,13,perez,force_india,7,Finished,13,61,
2002,2015,13,max_verstappen,toro_rosso,8,Finished,8,61,
2003,2015,13,sainz,toro_rosso,9,Finished,14,61,
2004,2015,13,nasr,sauber,10,Finished,16,61,
2005,2015,13,ericsson,sauber,11,Finished,17,61,
2006,2015,13,maldonado,lotus_f1,12,Finished,18,61,
2007,2015,13,grosjean,lotus_f1,13,Tyre,10,59,
2008,2015,13,rossi,manor,14,+2 Laps,20,59,
2009,2015,13,stevens,manor,15,+2 Laps,19,59,
2010,2015,13,button,mclaren,16,Gearbox,15,52,
2011,2015,13,alonso,mclaren,17,Gearbox,12,33,
2012,2015,13,hamilton,mercedes,18,Throttle,5,32,
2013,2015,13,massa,williams,19,Gearbox,9,30,
2014,2015,13,hulkenberg,force_india,20,Collision,11,12,
2015,2015,14,hamilton,mercedes,1,Finished,2,53,
2016,2015,14,rosberg,mercedes,2,Finished,1,53,
2017,2015,14,vettel,ferrari,3,Finished,4,53,
2018,2015,14,raikkonen,ferrari,4,Finished,6,53,
2019,2015,14,bottas,williams,5,Finished,3,53,
2020,2015,14,hulkenberg,force_india,6,Finished,13,53,
2021,2015,14,grosjean,lotus_f1,7,Finished,8,53,
2022,2015,14,maldonado,lotus_f1,8,Finished,11,53,
2023,2015,14,max_verstappen,toro_rosso,9,Finished,17,53,
2024,2015,14,sainz,toro_rosso,10,+1 Lap,10,52,
2025,2015,14,alonso,mclaren,11,+1 Lap,12,52,
2026,2015,14,perez,force_india,12,+1 Lap,9,52,
2027,2015,14,kvyat,red_bull,13,+1 Lap,20,52,
2028,2015,14,ericsson,sauber,14,+1 Lap,15,52,
2029,2015,14,ricciardo,red_bull,15,+1 Lap,7,52,
2030,2015,14,button,mclaren,16,+1 Lap,14,52,
2031,2015,14,massa,williams,17,+2 Laps,5,51,
2032,2015,14,rossi,manor,18,+2 Laps,19,51,
2033,2015,14,stevens,manor,19,+3 Laps,18,50,
2034,2015,14,nasr,sauber,20,Retired,16,49,
2035,2015,15,hamilton,mercedes,1,Finished,2,53,
2036,2015,15,vettel,ferrari,2,Finished,4,53,
2037,2015,15,perez,force_india,3,Finished,7,53,
2038,2015,15,massa,williams,4,Finished,15,53,
2039,2015,15,kvyat,red_bull,5,Finished,11,53,
2040,2015,15,nasr,sauber,6,Finished,12,53,
2041,2015,15,maldonado,lotus_f1,7,Finished,14,53,
2042,2015,15,raikkonen,ferrari,8,Finished,5,53,
2043,2015,15,button,mclaren,9,Finished,13,53,
2044,2015,15,max_verstappen,toro_rosso,10,Finished,9,53,
2045,2015,15,alonso,mclaren,11,Finished,19,53,
2046,2015,15,bottas,williams,12,Collision,3,52,
2047,2015,15,merhi,manor,13,+1 Lap,18,52,
2048,2015,15,stevens,manor,14,+2 Laps,17,51,
2049,2015,15,ricciardo,red_bull,15,Suspension,10,47,
2050,2015,15,sainz,toro_rosso,16,Brakes,20,45,
2051,2015,15,grosjean,lotus_f1,17,Accident,8,11,
2052,2015,15,rosberg,mercedes,18,Throttle,1,7,
2053,2015,15,hulkenberg,force_india,19,Collision,6,0,
2054,2015,15,ericsson,sauber,20,Collision,17,0,
2055,2015,16,hamilton,mercedes,1,Finished,2,56,
2056,2015,16,rosberg,mercedes,2,Finished,1,56,
2057,2015,16,vettel,ferrari,3,Finished,13,56,
2058,2015,16,max_verstappen,toro_rosso,4,Finished,8,56,
2059,2015,16,perez,force_india,5,Finished,5,56,
2060,2015,16,button,mclaren,6,Finished,11,56,
2061,2015,16,sainz,toro_rosso,7,Finished,20,56,
2062,2015,16,maldonado,lotus_f1,8,Finished,12,56,
2063,2015,16,nasr,sauber,9,Finished,15,56,
2064,2015,16,ricciardo,red_bull,10,Finished,3,56,
2065,2015,16,alonso,mclaren,11,Finished,9,56,
2066,2015,16,rossi,manor,12,Finished,17,56,
2067,2015,16,kvyat,red_bull,13,Accident,4,41,
2068,2015,16,hulkenberg,force_india,14,Accident,6,35,
2069,2015,16,ericsson,sauber,15,Retired,14,25,
2070,2015,16,raikkonen,ferrari,16,Brake duct,18,25,
2071,2015,16,massa,williams,17,Retired,7,23,
2072,2015,16,grosjean,lotus_f1,18,Retired,10,10,
2073,2015,16,bottas,williams,19,Retired,16,5,
2074,2015,16,stevens,manor,20,Retired,19,1,
2075,2015,17,rosberg,mercedes,1,Finished,1,71,
2076,2015,17,hamilton,mercedes,2,Finished,2,71,
2077,2015,17,bottas,williams,3,Finished,6,71,
2078,2015,17,kvyat,red_bull,4,Finished,4,71,
2079,2015,17,ricciardo,red_bull,5,Finished,5,71,
2080,2015,17,massa,williams,6,Finished,7,71,
2081,2015,17,hulkenberg,force_india,7,Finished,10,71,
2082,2015,17,perez,force_india,8,Finished,9,71,
2083,2015,17,max_verstappen,toro_rosso,9,Finished,8,71,
2084,2015,17,grosjean,lotus_f1,10,Finished,12,71,
2085,2015,17,maldonado,lotus_f1,11,Finished,13,71,
2086,2015,17,ericsson,sauber,12,Finished,14,71,
2087,2015,17,sainz,toro_rosso,13,Finished,11,71,
2088,2015,17,button,mclaren,14,Finished,20,71,
2089,2015,17,rossi,manor,15,+2 Laps,16,69,
2090,2015,17,stevens,manor,16,+2 Laps,17,69,
2091,2015,17,nasr,sauber,17,Brakes,15,57,
2092,2015,17,vettel,ferrari,18,Accident,3,50,
2093,2015,17,raikkonen,ferrari,19,Collision,19,21,
2094,2015,17,alonso,mclaren,20,Retired,18,1,
2095,2015,18,rosberg,mercedes,1,Finished,1,71,
2096,2015,18,hamilton,mercedes,2,Finished,2,71,
2097,2015,18,vettel,ferrari,3,Finished,3,71,
2098,2015,18,raikkonen,ferrari,4,Finished,4,71,
2099,2015,18,bottas,williams,5,+1 Lap,7,70,
2100,2015,18,hulkenberg,force_india,6,+1 Lap,5,70,
2101,2015,18,kvyat,red_bull,7,+1 Lap,6,70,
2102,2015,18,grosjean,lotus_f1,8,+1 Lap,14,70,
2103,2015,18,max_verstappen,toro_rosso,9,+1 Lap,9,70,
2104,2015,18,maldonado,lotus_f1,10,+1 Lap,15,70,
2105,2015,18,ricciardo,red_bull,11,+1 Lap,19,70,
2106,2015,18,perez,force_india,12,+1 Lap,11,70,
2107,2015,18,nasr,sauber,13,+1 Lap,13,70,
2108,2015,18,button,mclaren,14,+1 Lap,16,70,
2109,2015,18,alonso,mclaren,15,+1 Lap,20,70,
2110,2015,18,ericsson,sauber,16,+2 Laps,12,69,
2111,2015,18,stevens,manor,17,+4 Laps,18,67,
2112,2015,18,rossi,manor,18,+4 Laps,17,67,
2113,2015,18,sainz,toro_rosso,19,Retired,10,0,
2114,2015,18,massa,williams,20,Excluded,8,70,
2115,2015,19,rosberg,mercedes,1,Finished,1,55,
2116,2015,19,hamilton,mercedes,2,Finished,2,55,
2117,2015,19,raikkonen,ferrari,3,Finished,3,55,
2118,2015,19,vettel,ferrari,4,Finished,15,55,
2119,2015,19,perez,force_india,5,Finished,4,55,
2120,2015,19,ricciardo,red_bull,6,Finished,5,55,
2121,2015,19,hulkenberg,force_india,7,Finished,7,55,
2122,2015,19,massa,williams,8,Finished,8,55,
2123,2015,19,grosjean,lotus_f1,9,Finished,18,55,
2124,2015,19,kvyat,red_bull,10,Finished,9,55,
2125,2015,19,sainz,toro_rosso,11,Finished,10,55,
2126,2015,19,button,mclaren,12,+1 Lap,12,54,
2127,2015,19,bottas,williams,13,+1 Lap,6,54,
2128,2015,19,ericsson,sauber,14,+1 Lap,17,54,
2129,2015,19,nasr,sauber,15,+1 Lap,14,54,
2130,2015,19,max_verstappen,toro_rosso,16,+1 Lap,11,54,
2131,2015,19,alonso,mclaren,17,+2 Laps,16,53,
2132,2015,19,stevens,manor,18,+2 Laps,19,53,
2133,2015,19,merhi,manor,19,+3 Laps,20,52,
2134,2015,19,maldonado,lotus_f1,20,Collision,13,0,
2135,2016,1,rosberg,mercedes,1,Finished,2,57,
2136,2016,1,hamilton,mercedes,2,Finished,1,57,
2137,2016,1,vettel,ferrari,3,Finished,3,57,
2138,2016,1,ricciardo,red_bull,4,Finished,8,57,
2139,2016,1,massa,williams,5,Finished,6,57,
2140,2016,1,grosjean,haas,6,Finished,19,57,
2141,2016,1,hulkenberg,force_india,7,Finished,10,57,
2142,2016,1,bottas,williams,8,Finished,16,57,
2143,2016,1,sainz,toro_rosso,9,Finished,7,57,
2144,2016,1,max_verstappen,toro_rosso,10,Finished,5,57,
2145,2016,1,jolyon_palmer,renault,11,Finished,13,57,
2146,2016,1,kevin_magnussen,renault,12,Finished,14,57,
2147,2016,1,perez,force_india,13,Finished,9,57,
2148,2016,1,button,mclaren,14,+1 Lap,12,56,
2149,2016,1,nasr,sauber,15,+1 Lap,17,56,
2150,2016,1,wehrlein,manor,16,+1 Lap,21,56,
2151,2016,1,ericsson,sauber,17,Engine,15,38,
2152,2016,1,raikkonen,ferrari,18,Engine,4,21,
2153,2016,1,haryanto,manor,19,Mechanical,22,17,
2154,2016,1,gutierrez,haas,20,Collision,20,16,
2155,2016,1,alonso,mclaren,21,Collision,11,16,
2156,2016,1,kvyat,red_bull,22,Retired,18,0,
2157,2016,2,rosberg,mercedes,1,Finished,2,57,
2158,2016,2,raikkonen,ferrari,2,Finished,4,57,
2159,2016,2,hamilton,mercedes,3,Finished,1,57,
2160,2016,2,ricciardo,red_bull,4,Finished,5,57,
2161,2016,2,grosjean,haas,5,Finished,9,57,
2162,2016,2,max_verstappen,toro_rosso,6,Finished,10,57,
2163,2016,2,kvyat,red_bull,7,+1 Lap,15,56,
2164,2016,2,massa,williams,8,+1 Lap,7,56,
2165,2016,2,bottas,williams,9,+1 Lap,6,56,
2166,2016,2,vandoorne,mclaren,10,+1 Lap,12,56,
2167,2016,2,kevin_magnussen,renault,11,+1 Lap,22,56,
2168,2016,2,ericsson,sauber,12,+1 Lap,17,56,
2169,2016,2,wehrlein,manor,13,+1 Lap,16,56,
2170,2016,2,nasr,sauber,14,+1 Lap,21,56,
2171,2016,2,hulkenberg,force_india,15,+1 Lap,8,56,
2172,2016,2,perez,force_india,16,+1 Lap,18,56,
2173,2016,2,haryanto,manor,17,+1 Lap,20,56,
2174,2016,2,sainz,toro_rosso,18,Retired,11,29,
2175,2016,2,gutierrez,haas,19,Retired,13,9,
2176,2016,2,button,mclaren,20,Power Unit,14,6,
2177,2016,2,vettel,ferrari,21,Engine,3,0,
2178,2016,2,jolyon_palmer,renault,22,Hydraulics,19,0,
2179,2016,3,rosberg,mercedes,1,Finished,1,56,
2180,2016,3,vettel,ferrari,2,Finished,4,56,
2181,2016,3,kvyat,red_bull,3,Finished,6,56,
2182,2016,3,ricciardo,red_bull,4,Finished,2,56,
2183,2016,3,raikkonen,ferrari,5,Finished,3,56,
2184,2016,3,massa,williams,6,Finished,10,56,
2185,2016,3,hamilton,mercedes,7,Finished,22,56,
2186,2016,3,max_verstappen,toro_rosso,8,Finished,9,56,
2187,2016,3,sainz,toro_rosso,9,Finished,8,56,
2188,2016,3,bottas,williams,10,Finished,5,56,
2189,2016,3,perez,force_india,11,Finished,7,56,
2190,2016,3,alonso,mclaren,12,Finished,11,56,
2191,2016,3,button,mclaren,13,Finished,12,56,
2192,2016,3,gutierrez,haas,14,+1 Lap,18,55,
2193,2016,3,hulkenberg,force_india,15,+1 Lap,13,55,
2194,2016,3,ericsson,sauber,16,+1 Lap,15,55,
2195,2016,3,kevin_magnussen,renault,17,+1 Lap,17,55,
2196,2016,3,wehrlein,manor,18,+1 Lap,21,55,
2197,2016,3,grosjean,haas,19,+1 Lap,14,55,
2198,2016,3,nasr,sauber,20,+1 Lap,16,55,
2199,2016,3,haryanto,manor,21,+1 Lap,20,55,
2200,2016,3,jolyon_palmer,renault,22,+1 Lap,19,55,
2201,2016,4,rosberg,mercedes,1,Finished,1,53,
2202,2016,4,hamilton,mercedes,2,Finished,10,53,
2203,2016,4,raikkonen,ferrari,3,Finished,3,53,
2204,2016,4,bottas,williams,4,Finished,2,53,
2205,2016,4,massa,williams,5,Finished,4,53,
2206,2016,4,alonso,mclaren,6,+1 Lap,14,52,
2207,2016,4,kevin_magnussen,renault,7,+1 Lap,17,52,
2208,2016,4,grosjean,haas,8,+1 Lap,15,52,
2209,2016,4,perez,force_india,9,+1 Lap,6,52,
2210,2016,4,button,mclaren,10,+1 Lap,12,52,
2211,2016,4,ricciardo,red_bull,11,+1 Lap,5,52,
2212,2016,4,sainz,toro_rosso,12,+1 Lap,11,52,
2213,2016,4,jolyon_palmer,renault,13,+1 Lap,18,52,
2214,2016,4,ericsson,sauber,14,+1 Lap,22,52,
2215,2016,4,kvyat,red_bull,15,+1 Lap,8,52,
2216,2016,4,nasr,sauber,16,+1 Lap,19,52,
2217,2016,4,gutierrez,haas,17,+1 Lap,16,52,
2218,2016,4,wehrlein,manor,18,+2 Laps,20,51,
2219,2016,4,max_verstappen,toro_rosso,19,Power Unit,9,33,
2220,2016,4,vettel,ferrari,20,Collision,7,0,
2221,2016,4,hulkenberg,force_india,21,Collision,13,0,
2222,2016,4,haryanto,manor,22,Collision,21,0,
2223,2016,5,max_verstappen,red_bull,1,Finished,4,66,
2224,2016,5,raikkonen,ferrari,2,Finished,5,66,
2225,2016,5,vettel,ferrari,3,Finished,6,66,
2226,2016,5,ricciardo,red_bull,4,Finished,3,66,
2227,2016,5,bottas,williams,5,Finished,7,66,
2228,2016,5,sainz,toro_rosso,6,Finished,8,66,
2229,2016,5,perez,force_india,7,Finished,9,66,
2230,2016,5,massa,williams,8,Finished,18,66,
2231,2016,5,button,mclaren,9,+1 Lap,12,65,
2232,2016,5,kvyat,toro_rosso,10,+1 Lap,13,65,
2233,2016,5,gutierrez,haas,11,+1 Lap,16,65,
2234,2016,5,ericsson,sauber,12,+1 Lap,19,65,
2235,2016,5,jolyon_palmer,renault,13,+1 Lap,17,65,
2236,2016,5,kevin_magnussen,renault,14,+1 Lap,15,65,
2237,2016,5,nasr,sauber,15,+1 Lap,20,65,
2238,2016,5,wehrlein,manor,16,+1 Lap,21,65,
2239,2016,5,haryanto,manor,17,+1 Lap,22,65,
2240,2016,5,grosjean,haas,18,Engine,14,56,
2241,2016,5,alonso,mclaren,19,Engine,10,45,
2242,2016,5,hulkenberg,force_india,20,Engine,11,20,
2243,2016,5,hamilton,mercedes,21,Collision,1,0,
2244,2016,5,rosberg,mercedes,22,Collision,2,0,
2245,2016,6,hamilton,mercedes,1,Finished,3,78,
2246,2016,6,ricciardo,red_bull,2,Finished,1,78,
2247,2016,6,perez,force_india,3,Finished,7,78,
2248,2016,6,vettel,ferrari,4,Finished,4,78,
2249,2016,6,alonso,mclaren,5,Finished,9,78,
2250,2016,6,hulkenberg,force_india,6,Finished,5,78,
2251,2016,6,rosberg,mercedes,7,Finished,2,78,
2252,2016,6,sainz,toro_rosso,8,+1 Lap,6,77,
2253,2016,6,button,mclaren,9,+1 Lap,13,77,
2254,2016,6,massa,williams,10,+1 Lap,14,77,
2255,2016,6,gutierrez,haas,11,+1 Lap,12,77,
2256,2016,6,bottas,williams,12,+1 Lap,10,77,
2257,2016,6,grosjean,haas,13,+2 Laps,15,76,
2258,2016,6,wehrlein,manor,14,+2 Laps,20,76,
2259,2016,6,haryanto,manor,15,+4 Laps,19,74,
2260,2016,6,ericsson,sauber,16,Collision,17,51,
2261,2016,6,nasr,sauber,17,Retired,0,48,
2262,2016,6,max_verstappen,red_bull,18,Accident,0,34,
2263,2016,6,kevin_magnussen,renault,19,Retired,16,32,
2264,2016,6,kvyat,toro_rosso,20,Accident,8,18,
2265,2016,6,raikkonen,ferrari,21,Accident,11,10,
2266,2016,6,jolyon_palmer,renault,22,Accident,18,7,
2267,2016,7,hamilton,mercedes,1,Finished,1,70,
2268,2016,7,vettel,ferrari,2,Finished,3,70,
2269,2016,7,bottas,williams,3,Finished,7,70,
2270,2016,7,max_verstappen,red_bull,4,Finished,5,70,
2271,2016,7,rosberg,mercedes,5,Finished,2,70,
2272,2016,7,raikkonen,ferrari,6,Finished,6,70,
2273,2016,7,ricciardo,red_bull,7,Finished,4,70,
2274,2016,7,hulkenberg,force_india,8,+1 Lap,9,69,
2275,2016,7,sainz,toro_rosso,9,+1 Lap,20,69,
2276,2016,7,perez,force_india,10,+1 Lap,11,69,
2277,2016,7,alonso,mclaren,11,+1 Lap,10,69,
2278,2016,7,kvyat,toro_rosso,12,+1 Lap,15,69,
2279,2016,7,gutierrez,haas,13,+2 Laps,13,68,
2280,2016,7,grosjean,haas,14,+2 Laps,14,68,
2281,2016,7,ericsson,sauber,15,+2 Laps,21,68,
2282,2016,7,kevin_magnussen,renault,16,+2 Laps,22,68,
2283,2016,7,wehrlein,manor,17,+2 Laps,17,68,
2284,2016,7,nasr,sauber,18,+2 Laps,18,68,
2285,2016,7,haryanto,manor,19,+2 Laps,19,68,
2286,2016,7,massa,williams,20,Retired,8,35,
2287,2016,7,jolyon_palmer,renault,21,Retired,16,16,
2288,2016,7,button,mclaren,22,Power Unit,12,9,
2289,2016,8,rosberg,mercedes,1,Finished,1,51,
2290,2016,8,vettel,ferrari,2,Finished,3,51,
2291,2016,8,perez,force_india,3,Finished,7,51,
2292,2016,8,raikkonen,ferrari,4,Finished,4,51,
2293,2016,8,hamilton,mercedes,5,Finished,10,51,
2294,2016,8,bottas,williams,6,Finished,8,51,
2295,2016,8,ricciardo,red_bull,7,Finished,2,51,
2296,2016,8,max_verstappen,red_bull,8,Finished,9,51,
2297,2016,8,hulkenberg,force_india,9,Finished,12,51,
2298,2016,8,massa,williams,10,Finished,5,51,
2299,2016,8,button,mclaren,11,Finished,19,51,
2300,2016,8,nasr,sauber,12,+1 Lap,15,50,
2301,2016,8,grosjean,haas,13,+1 Lap,11,50,
2302,2016,8,kevin_magnussen,renault,14,+1 Lap,22,50,
2303,2016,8,jolyon_palmer,renault,15,+1 Lap,21,50,
2304,2016,8,gutierrez,haas,16,+1 Lap,14,50,
2305,2016,8,ericsson,sauber,17,+1 Lap,20,50,
2306,2016,8,haryanto,manor,18,+2 Laps,16,49,
2307,2016,8,alonso,mclaren,19,Gearbox,13,42,
2308,2016,8,wehrlein,manor,20,Brakes,17,39,
2309,2016,8,sainz,toro_rosso,21,Suspension,18,31,
2310,2016,8,kvyat,toro_rosso,22,Suspension,6,6,
2311,2016,9,hamilton,mercedes,1,Finished,1,71,
2312,2016,9,max_verstappen,red_bull,2,Finished,8,71,
2313,2016,9,raikkonen,ferrari,3,Finished,4,71,
2314,2016,9,rosberg,mercedes,4,Finished,6,71,
2315,2016,9,ricciardo,red_bull,5,Finished,5,71,
2316,2016,9,button,mclaren,6,Finished,3,71,
2317,2016,9,grosjean,haas,7,Finished,13,71,
2318,2016,9,sainz,toro_rosso,8,Finished,15,71,
2319,2016,9,bottas,williams,9,+1 Lap,7,70,
2320,2016,9,wehrlein,manor,10,+1 Lap,12,70,
2321,2016,9,gutierrez,haas,11,+1 Lap,11,70,
2322,2016,9,jolyon_palmer,renault,12,+1 Lap,19,70,
2323,2016,9,nasr,sauber,13,+1 Lap,21,70,
2324,2016,9,kevin_magnussen,renault,14,+1 Lap,17,70,
2325,2016,9,ericsson,sauber,15,+1 Lap,18,70,
2326,2016,9,haryanto,manor,16,+1 Lap,20,70,
2327,2016,9,perez,force_india,17,Brakes,16,69,
2328,2016,9,alonso,mclaren,18,Battery,14,64,
2329,2016,9,hulkenberg,force_india,19,Brakes,2,64,
2330,2016,9,massa,williams,20,Brakes,0,63,
2331,2016,9,vettel,ferrari,21,Tyre,9,26,
2332,2016,9,kvyat,toro_rosso,22,Retired,0,2,
2333,2016,10,hamilton,mercedes,1,Finished,1,52,
2334,2016,10,max_verstappen,red_bull,2,Finished,3,52,
2335,2016,10,rosberg,mercedes,3,Finished,2,52,
2336,2016,10,ricciardo,red_bull,4,Finished,4,52,
2337,2016,10,raikkonen,ferrari,5,Finished,5,52,
2338,2016,10,perez,force_india,6,Finished,10,52,
2339,2016,10,hulkenberg,force_india,7,Finished,8,52,
2340,2016,10,sainz,toro_rosso,8,Finished,7,52,
2341,2016,10,vettel,ferrari,9,Finished,11,52,
2342,2016,10,kvyat,toro_rosso,10,Finished,15,52,
2343,2016,10,massa,williams,11,+1 Lap,12,51,
2344,2016,10,button,mclaren,12,+1 Lap,17,51,
2345,2016,10,alonso,mclaren,13,+1 Lap,9,51,
2346,2016,10,bottas,williams,14,+1 Lap,6,51,
2347,2016,10,nasr,sauber,15,+1 Lap,21,51,
2348,2016,10,gutierrez,haas,16,+1 Lap,14,51,
2349,2016,10,kevin_magnussen,renault,17,Gearbox,16,49,
2350,2016,10,jolyon_palmer,renault,18,Gearbox,18,37,
2351,2016,10,haryanto,manor,19,Spun off,19,24,
2352,2016,10,grosjean,haas,20,Retired,13,17,
2353,2016,10,ericsson,sauber,21,Power Unit,22,11,
2354,2016,10,wehrlein,manor,22,Spun off,20,6,
2355,2016,11,hamilton,mercedes,1,Finished,2,70,
2356,2016,11,rosberg,mercedes,2,Finished,1,70,
2357,2016,11,ricciardo,red_bull,3,Finished,3,70,
2358,2016,11,vettel,ferrari,4,Finished,5,70,
2359,2016,11,max_verstappen,red_bull,5,Finished,4,70,
2360,2016,11,raikkonen,ferrari,6,Finished,14,70,
2361,2016,11,alonso,mclaren,7,+1 Lap,7,69,
2362,2016,11,sainz,toro_rosso,8,+1 Lap,6,69,
2363,2016,11,bottas,williams,9,+1 Lap,10,69,
2364,2016,11,hulkenberg,force_india,10,+1 Lap,9,69,
2365,2016,11,perez,force_india,11,+1 Lap,13,69,
2366,2016,11,jolyon_palmer,renault,12,+1 Lap,17,69,
2367,2016,11,gutierrez,haas,13,+1 Lap,15,69,
2368,2016,11,grosjean,haas,14,+1 Lap,11,69,
2369,2016,11,kevin_magnussen,renault,15,+1 Lap,19,69,
2370,2016,11,kvyat,toro_rosso,16,+1 Lap,12,69,
2371,2016,11,nasr,sauber,17,+1 Lap,16,69,
2372,2016,11,massa,williams,18,+2 Laps,18,68,
2373,2016,11,wehrlein,manor,19,+2 Laps,20,68,
2374,2016,11,ericsson,sauber,20,+2 Laps,22,68,
2375,2016,11,haryanto,manor,21,+2 Laps,21,68,
2376,2016,11,button,mclaren,22,Oil leak,8,60,
2377,2016,12,hamilton,mercedes,1,Finished,2,67,
2378,2016,12,ricciardo,red_bull,2,Finished,3,67,
2379,2016,12,max_verstappen,red_bull,3,Finished,4,67,
2380,2016,12,rosberg,mercedes,4,Finished,1,67,
2381,2016,12,vettel,ferrari,5,Finished,6,67,
2382,2016,12,raikkonen,ferrari,6,Finished,5,67,
2383,2016,12,hulkenberg,force_india,7,Finished,8,67,
2384,2016,12,button,mclaren,8,+1 Lap,12,66,
2385,2016,12,bottas,williams,9,+1 Lap,7,66,
2386,2016,12,perez,force_india,10,+1 Lap,9,66,
2387,2016,12,gutierrez,haas,11,+1 Lap,11,66,
2388,2016,12,alonso,mclaren,12,+1 Lap,13,66,
2389,2016,12,grosjean,haas,13,+1 Lap,20,66,
2390,2016,12,sainz,toro_rosso,14,+1 Lap,15,66,
2391,2016,12,kvyat,toro_rosso,15,+1 Lap,18,66,
2392,2016,12,kevin_magnussen,renault,16,+1 Lap,16,66,
2393,2016,12,wehrlein,manor,17,+2 Laps,17,65,
2394,2016,12,ericsson,sauber,18,+2 Laps,22,65,
2395,2016,12,jolyon_palmer,renault,19,+2 Laps,14,65,
2396,2016,12,haryanto,manor,20,+2 Laps,19,65,
2397,2016,12,nasr,sauber,21,Power Unit,21,57,
2398,2016,12,massa,williams,22,Suspension,10,36,
2399,2016,13,rosberg,mercedes,1,Finished,1,44,
2400,2016,13,ricciardo,red_bull,2,Finished,5,44,
2401,2016,13,hamilton,mercedes,3,Finished,21,44,
2402,2016,13,hulkenberg,force_india,4,Finished,7,44,
2403,2016,13,perez,force_india,5,Finished,6,44,
2404,2016,13,vettel,ferrari,6,Finished,4,44,
2405,2016,13,alonso,mclaren,7,Finished,22,44,
2406,2016,13,bottas,williams,8,Finished,8,44,
2407,2016,13,raikkonen,ferrari,9,Finished,3,44,
2408,2016,13,massa,williams,10,Finished,10,44,
2409,2016,13,max_verstappen,red_bull,11,Finished,2,44,
2410,2016,13,gutierrez,haas,12,Finished,18,44,
2411,2016,13,grosjean,haas,13,Finished,11,44,
2412,2016,13,kvyat,toro_rosso,14,Finished,19,44,
2413,2016,13,jolyon_palmer,renault,15,Finished,13,44,
2414,2016,13,ocon,manor,16,+1 Lap,17,43,
2415,2016,13,nasr,sauber,17,+1 Lap,16,43,
2416,2016,13,kevin_magnussen,renault,18,Accident,12,5,
2417,2016,13,ericsson,sauber,19,Gearbox,20,3,
2418,2016,13,sainz,toro_rosso,20,Puncture,14,1,
2419,2016,13,button,mclaren,21,Collision damage,9,1,
2420,2016,13,wehrlein,manor,22,Collision damage,15,0,
2421,2016,14,rosberg,mercedes,1,Finished,2,53,
2422,2016,14,hamilton,mercedes,2,Finished,1,53,
2423,2016,14,vettel,ferrari,3,Finished,3,53,
2424,2016,14,raikkonen,ferrari,4,Finished,4,53,
2425,2016,14,ricciardo,red_bull,5,Finished,6,53,
2426,2016,14,bottas,williams,6,Finished,5,53,
2427,2016,14,max_verstappen,red_bull,7,Finished,7,53,
2428,2016,14,perez,force_india,8,Finished,8,53,
2429,2016,14,massa,williams,9,Finished,11,53,
2430,2016,14,hulkenberg,force_india,10,Finished,9,53,
2431,2016,14,grosjean,haas,11,+1 Lap,17,52,
2432,2016,14,button,mclaren,12,+1 Lap,14,52,
2433,2016,14,gutierrez,haas,13,+1 Lap,10,52,
2434,2016,14,alonso,mclaren,14,+1 Lap,12,52,
2435,2016,14,sainz,toro_rosso,15,+1 Lap,15,52,
2436,2016,14,ericsson,sauber,16,+1 Lap,19,52,
2437,2016,14,kevin_magnussen,renault,17,+1 Lap,21,52,
2438,2016,14,ocon,manor,18,+2 Laps,22,51,
2439,2016,14,kvyat,toro_rosso,19,Battery,16,36,
2440,2016,14,wehrlein,manor,20,Oil leak,13,26,
2441,2016,14,jolyon_palmer,renault,21,Collision damage,20,7,
2442,2016,14,nasr,sauber,22,Collision damage,18,6,
2443,2016,15,rosberg,mercedes,1,Finished,1,61,
2444,2016,15,ricciardo,red_bull,2,Finished,2,61,
2445,2016,15,hamilton,mercedes,3,Finished,3,61,
2446,2016,15,raikkonen,ferrari,4,Finished,5,61,
2447,2016,15,vettel,ferrari,5,Finished,22,61,
2448,2016,15,max_verstappen,red_bull,6,Finished,4,61,
2449,2016,15,alonso,mclaren,7,Finished,9,61,
2450,2016,15,perez,force_india,8,Finished,17,61,
2451,2016,15,kvyat,toro_rosso,9,Finished,7,61,
2452,2016,15,kevin_magnussen,renault,10,Finished,15,61,
2453,2016,15,gutierrez,haas,11,+1 Lap,13,60,
2454,2016,15,massa,williams,12,+1 Lap,11,60,
2455,2016,15,nasr,sauber,13,+1 Lap,16,60,
2456,2016,15,sainz,toro_rosso,14,+1 Lap,6,60,
2457,2016,15,jolyon_palmer,renault,15,+1 Lap,18,60,
2458,2016,15,wehrlein,manor,16,+1 Lap,19,60,
2459,2016,15,ericsson,sauber,17,+1 Lap,14,60,
2460,2016,15,ocon,manor,18,+2 Laps,21,59,
2461,2016,15,button,mclaren,19,Brakes,12,43,
2462,2016,15,bottas,williams,20,Overheating,10,35,
2463,2016,15,hulkenberg,force_india,21,Collision,8,0,
2464,2016,15,grosjean,haas,22,Withdrew,20,0,
2465,2016,16,ricciardo,red_bull,1,Finished,4,56,
2466,2016,16,max_verstappen,red_bull,2,Finished,3,56,
2467,2016,16,rosberg,mercedes,3,Finished,2,56,
2468,2016,16,raikkonen,ferrari,4,Finished,6,56,
2469,2016,16,bottas,williams,5,Finished,11,56,
2470,2016,16,perez,force_india,6,Finished,7,56,
2471,2016,16,alonso,mclaren,7,Finished,22,56,
2472,2016,16,hulkenberg,force_india,8,Finished,8,56,
2473,2016,16,button,mclaren,9,Finished,9,56,
2474,2016,16,jolyon_palmer,renault,10,Finished,19,56,
2475,2016,16,sainz,toro_rosso,11,Finished,16,56,
2476,2016,16,ericsson,sauber,12,+1 Lap,17,55,
2477,2016,16,massa,williams,13,+1 Lap,10,55,
2478,2016,16,kvyat,toro_rosso,14,+1 Lap,15,55,
2479,2016,16,wehrlein,manor,15,+1 Lap,21,55,
2480,2016,16,ocon,manor,16,+1 Lap,20,55,
2481,2016,16,nasr,sauber,17,Brakes,18,46,
2482,2016,16,hamilton,mercedes,18,Engine,1,40,
2483,2016,16,gutierrez,haas,19,Wheel nut,13,39,
2484,2016,16,kevin_magnussen,renault,20,Power loss,14,17,
2485,2016,16,grosjean,haas,21,Brakes,12,7,
2486,2016,16,vettel,ferrari,22,Collision,5,0,
2487,2016,17,rosberg,mercedes,1,Finished,1,53,
2488,2016,17,max_verstappen,red_bull,2,Finished,3,53,
2489,2016,17,hamilton,mercedes,3,Finished,2,53,
2490,2016,17,vettel,ferrari,4,Finished,6,53,
2491,2016,17,raikkonen,ferrari,5,Finished,8,53,
2492,2016,17,ricciardo,red_bull,6,Finished,4,53,
2493,2016,17,perez,force_india,7,Finished,5,53,
2494,2016,17,hulkenberg,force_india,8,Finished,9,53,
2495,2016,17,massa,williams,9,Finished,12,53,
2496,2016,17,bottas,williams,10,Finished,11,53,
2497,2016,17,grosjean,haas,11,Finished,7,53,
2498,2016,17,jolyon_palmer,renault,12,+1 Lap,16,52,
2499,2016,17,kvyat,toro_rosso,13,+1 Lap,13,52,
2500,2016,17,kevin_magnussen,renault,14,+1 Lap,17,52,
2501,2016,17,ericsson,sauber,15,+1 Lap,18,52,
2502,2016,17,alonso,mclaren,16,+1 Lap,15,52,
2503,2016,17,sainz,toro_rosso,17,+1 Lap,14,52,
2504,2016,17,button,mclaren,18,+1 Lap,22,52,
2505,2016,17,nasr,sauber,19,+1 Lap,19,52,
2506,2016,17,gutierrez,haas,20,+1 Lap,10,52,
2507,2016,17,ocon,manor,21,+1 Lap,20,52,
2508,2016,17,wehrlein,manor,22,+1 Lap,21,52,
2509,2016,18,hamilton,mercedes,1,Finished,1,56,
2510,2016,18,rosberg,mercedes,2,Finished,2,56,
2511,2016,18,ricciardo,red_bull,3,Finished,3,56,
2512,2016,18,vettel,ferrari,4,Finished,6,56,
2513,2016,18,alonso,mclaren,5,Finished,12,56,
2514,2016,18,sainz,toro_rosso,6,Finished,10,56,
2515,2016,18,massa,williams,7,+1 Lap,9,55,
2516,2016,18,perez,force_india,8,+1 Lap,11,55,
2517,2016,18,button,mclaren,9,+1 Lap,19,55,
2518,2016,18,grosjean,haas,10,+1 Lap,17,55,
2519,2016,18,kvyat,toro_rosso,11,+1 Lap,13,55,
2520,2016,18,kevin_magnussen,renault,12,+1 Lap,18,55,
2521,2016,18,jolyon_palmer,renault,13,+1 Lap,15,55,
2522,2016,18,ericsson,sauber,14,+1 Lap,16,55,
2523,2016,18,nasr,sauber,15,+1 Lap,21,55,
2524,2016,18,bottas,williams,16,+1 Lap,8,55,
2525,2016,18,wehrlein,manor,17,+1 Lap,20,55,
2526,2016,18,ocon,manor,18,+2 Laps,22,54,
2527,2016,18,raikkonen,ferrari,19,Wheel,5,38,
2528,2016,18,max_verstappen,red_bull,20,Gearbox,4,28,
2529,2016,18,gutierrez,haas,21,Brakes,14,16,
2530,2016,18,hulkenberg,force_india,22,Collision,7,1,
2531,2016,19,hamilton,mercedes,1,Finished,1,71,
2532,2016,19,rosberg,mercedes,2,Finished,2,71,
2533,2016,19,ricciardo,red_bull,3,Finished,4,71,
2534,2016,19,max_verstappen,red_bull,4,Finished,3,71,
2535,2016,19,vettel,ferrari,5,Finished,7,71,
2536,2016,19,raikkonen,ferrari,6,Finished,6,71,
2537,2016,19,hulkenberg,force_india,7,Finished,5,71,
2538,2016,19,bottas,williams,8,Finished,8,71,
2539,2016,19,massa,williams,9,Finished,9,71,
2540,2016,19,perez,force_india,10,Finished,12,71,
2541,2016,19,ericsson,sauber,11,+1 Lap,15,70,
2542,2016,19,button,mclaren,12,+1 Lap,13,70,
2543,2016,19,alonso,mclaren,13,+1 Lap,11,70,
2544,2016,19,jolyon_palmer,renault,14,+1 Lap,21,70,
2545,2016,19,nasr,sauber,15,+1 Lap,19,70,
2546,2016,19,sainz,toro_rosso,16,+1 Lap,10,70,
2547,2016,19,kevin_magnussen,renault,17,+1 Lap,14,70,
2548,2016,19,kvyat,toro_rosso,18,+1 Lap,18,70,
2549,2016,19,gutierrez,haas,19,+1 Lap,17,70,
2550,2016,19,grosjean,haas,20,+1 Lap,22,70,
2551,2016,19,ocon,manor,21,+2 Laps,20,69,
2552,2016,19,wehrlein,manor,22,Collision,16,0,
2553,2016,20,hamilton,mercedes,1,Finished,1,71,
2554,2016,20,rosberg,mercedes,2,Finished,2,71,
2555,2016,20,max_verstappen,red_bull,3,Finished,4,71,
2556,2016,20,perez,force_india,4,Finished,9,71,
2557,2016,20,vettel,ferrari,5,Finished,5,71,
2558,2016,20,sainz,toro_rosso,6,Finished,15,71,
2559,2016,20,hulkenberg,force_india,7,Finished,8,71,
2560,2016,20,ricciardo,red_bull,8,Finished,6,71,
2561,2016,20,nasr,sauber,9,Finished,21,71,
2562,2016,20,alonso,mclaren,10,Finished,10,71,
2563,2016,20,bottas,williams,11,Finished,11,71,
2564,2016,20,ocon,manor,12,Finished,22,71,
2565,2016,20,kvyat,toro_rosso,13,Finished,14,71,
2566,2016,20,kevin_magnussen,renault,14,Finished,18,71,
2567,2016,20,wehrlein,manor,15,Finished,19,71,
2568,2016,20,button,mclaren,16,Finished,17,71,
2569,2016,20,gutierrez,haas,17,Retired,12,60,
2570,2016,20,massa,williams,18,Collision,13,46,
2571,2016,20,jolyon_palmer,renault,19,Collision damage,16,20,
2572,2016,20,raikkonen,ferrari,20,Collision,3,19,
2573,2016,20,ericsson,sauber,21,Collision,20,11,
2574,2016,20,grosjean,haas,22,Withdrew,7,0,
2575,2016,21,hamilton,mercedes,1,Finished,1,55,
2576,2016,21,rosberg,mercedes,2,Finished,2,55,
2577,2016,21,vettel,ferrari,3,Finished,5,55,
2578,2016,21,max_verstappen,red_bull,4,Finished,6,55,
2579,2016,21,ricciardo,red_bull,5,Finished,3,55,
2580,2016,21,raikkonen,ferrari,6,Finished,4,55,
2581,2016,21,hulkenberg,force_india,7,Finished,7,55,
2582,2016,21,perez,force_india,8,Finished,8,55,
2583,2016,21,massa,williams,9,Finished,10,55,
2584,2016,21,alonso,mclaren,10,Finished,9,55,
2585,2016,21,grosjean,haas,11,Finished,14,55,
2586,2016,21,gutierrez,haas,12,Finished,13,55,
2587,2016,21,ocon,manor,13,+1 Lap,20,54,
2588,2016,21,wehrlein,manor,14,+1 Lap,16,54,
2589,2016,21,ericsson,sauber,15,+1 Lap,22,54,
2590,2016,21,nasr,sauber,16,+1 Lap,19,54,
2591,2016,21,jolyon_palmer,renault,17,+1 Lap,15,54,
2592,2016,21,sainz,toro_rosso,18,Collision damage,21,41,
2593,2016,21,kvyat,toro_rosso,19,Gearbox,17,14,
2594,2016,21,button,mclaren,20,Suspension,12,12,
2595,2016,21,bottas,williams,21,Suspension,11,6,
2596,2016,21,kevin_magnussen,renault,22,Suspension,18,5,
2597,2017,1,vettel,ferrari,1,Finished,2,57,
2598,2017,1,hamilton,mercedes,2,Finished,1,57,
2599,2017,1,bottas,mercedes,3,Finished,3,57,
2600,2017,1,raikkonen,ferrari,4,Finished,4,57,
2601,2017,1,max_verstappen,red_bull,5,Finished,5,57,
2602,2017,1,massa,williams,6,Finished,7,57,
2603,2017,1,perez,force_india,7,+1 Lap,10,56,
2604,2017,1,sainz,toro_rosso,8,+1 Lap,8,56,
2605,2017,1,kvyat,toro_rosso,9,+1 Lap,9,56,
2606,2017,1,ocon,force_india,10,+1 Lap,13,56,
2607,2017,1,hulkenberg,renault,11,+1 Lap,11,56,
2608,2017,1,giovinazzi,sauber,12,+2 Laps,16,55,
2609,2017,1,vandoorne,mclaren,13,+2 Laps,18,55,
2610,2017,1,alonso,mclaren,14,Vibrations,12,50,
2611,2017,1,kevin_magnussen,haas,15,Suspension,17,46,
2612,2017,1,stroll,williams,16,Brakes,20,40,
2613,2017,1,ricciardo,red_bull,17,Power Unit,0,25,
2614,2017,1,ericsson,sauber,18,Hydraulics,14,21,
2615,2017,1,jolyon_palmer,renault,19,Brakes,19,15,
2616,2017,1,grosjean,haas,20,Water leak,6,13,
2617,2017,2,hamilton,mercedes,1,Finished,1,56,
2618,2017,2,vettel,ferrari,2,Finished,2,56,
2619,2017,2,max_verstappen,red_bull,3,Finished,16,56,
2620,2017,2,ricciardo,red_bull,4,Finished,5,56,
2621,2017,2,raikkonen,ferrari,5,Finished,4,56,
2622,2017,2,bottas,mercedes,6,Finished,3,56,
2623,2017,2,sainz,toro_rosso,7,Finished,11,56,
2624,2017,2,kevin_magnussen,haas,8,+1 Lap,12,55,
2625,2017,2,perez,force_india,9,+1 Lap,8,55,
2626,2017,2,ocon,force_india,10,+1 Lap,17,55,
2627,2017,2,grosjean,haas,11,+1 Lap,19,55,
2628,2017,2,hulkenberg,renault,12,+1 Lap,7,55,
2629,2017,2,jolyon_palmer,renault,13,+1 Lap,20,55,
2630,2017,2,massa,williams,14,+1 Lap,6,55,
2631,2017,2,ericsson,sauber,15,+1 Lap,14,55,
2632,2017,2,alonso,mclaren,16,Driveshaft,13,33,
2633,2017,2,kvyat,toro_rosso,17,Hydraulics,9,18,
2634,2017,2,vandoorne,mclaren,18,Fuel pressure,15,17,
2635,2017,2,giovinazzi,sauber,19,Accident,18,3,
2636,2017,2,stroll,williams,20,Collision,10,0,
2637,2017,3,vettel,ferrari,1,Finished,3,57,
2638,2017,3,hamilton,mercedes,2,Finished,2,57,
2639,2017,3,bottas,mercedes,3,Finished,1,57,
2640,2017,3,raikkonen,ferrari,4,Finished,5,57,
2641,2017,3,ricciardo,red_bull,5,Finished,4,57,
2642,2017,3,massa,williams,6,Finished,8,57,
2643,2017,3,perez,force_india,7,Finished,18,57,
2644,2017,3,grosjean,haas,8,Finished,9,57,
2645,2017,3,hulkenberg,renault,9,Finished,7,57,
2646,2017,3,ocon,force_india,10,Finished,14,57,
2647,2017,3,wehrlein,sauber,11,+1 Lap,13,56,
2648,2017,3,kvyat,toro_rosso,12,+1 Lap,11,56,
2649,2017,3,jolyon_palmer,renault,13,+1 Lap,10,56,
2650,2017,3,alonso,mclaren,14,Power Unit,15,54,
2651,2017,3,ericsson,sauber,15,Gearbox,19,50,
2652,2017,3,sainz,toro_rosso,16,Collision,16,12,
2653,2017,3,stroll,williams,17,Collision,12,12,
2654,2017,3,max_verstappen,red_bull,18,Brakes,6,11,
2655,2017,3,kevin_magnussen,haas,19,Electrical,20,8,
2656,2017,3,vandoorne,mclaren,20,Power Unit,17,0,
2657,2017,4,bottas,mercedes,1,Finished,3,52,
2658,2017,4,vettel,ferrari,2,Finished,1,52,
2659,2017,4,raikkonen,ferrari,3,Finished,2,52,
2660,2017,4,hamilton,mercedes,4,Finished,4,52,
2661,2017,4,max_verstappen,red_bull,5,Finished,7,52,
2662,2017,4,perez,force_india,6,Finished,9,52,
2663,2017,4,ocon,force_india,7,Finished,10,52,
2664,2017,4,hulkenberg,renault,8,Finished,8,52,
2665,2017,4,massa,williams,9,+1 Lap,6,51,
2666,2017,4,sainz,toro_rosso,10,+1 Lap,14,51,
2667,2017,4,stroll,williams,11,+1 Lap,11,51,
2668,2017,4,kvyat,toro_rosso,12,+1 Lap,12,51,
2669,2017,4,kevin_magnussen,haas,13,+1 Lap,13,51,
2670,2017,4,vandoorne,mclaren,14,+1 Lap,20,51,
2671,2017,4,ericsson,sauber,15,+1 Lap,18,51,
2672,2017,4,wehrlein,sauber,16,+2 Laps,17,50,
2673,2017,4,ricciardo,red_bull,17,Brakes,5,5,
2674,2017,4,jolyon_palmer,renault,18,Collision,16,0,
2675,2017,4,grosjean,haas,19,Collision,19,0,
2676,2017,4,alonso,mclaren,20,Power Unit,15,0,
2677,2017,5,hamilton,mercedes,1,Finished,1,66,
2678,2017,5,vettel,ferrari,2,Finished,2,66,
2679,2017,5,ricciardo,red_bull,3,Finished,6,66,
2680,2017,5,perez,force_india,4,+1 Lap,8,65,
2681,2017,5,ocon,force_india,5,+1 Lap,10,65,
2682,2017,5,hulkenberg,renault,6,+1 Lap,13,65,
2683,2017,5,sainz,toro_rosso,7,+1 Lap,12,65,
2684,2017,5,wehrlein,sauber,8,+1 Lap,15,65,
2685,2017,5,kvyat,toro_rosso,9,+1 Lap,19,65,
2686,2017,5,grosjean,haas,10,+1 Lap,14,65,
2687,2017,5,ericsson,sauber,11,+2 Laps,16,64,
2688,2017,5,alonso,mclaren,12,+2 Laps,7,64,
2689,2017,5,massa,williams,13,+2 Laps,9,64,
2690,2017,5,kevin_magnussen,haas,14,+2 Laps,11,64,
2691,2017,5,jolyon_palmer,renault,15,+2 Laps,17,64,
2692,2017,5,stroll,williams,16,+2 Laps,18,64,
2693,2017,5,bottas,mercedes,17,Power Unit,3,38,
2694,2017,5,vandoorne,mclaren,18,Collision,20,32,
2695,2017,5,max_verstappen,red_bull,19,Collision damage,5,1,
2696,2017,5,raikkonen,ferrari,20,Collision damage,4,0,
2697,2017,6,vettel,ferrari,1,Finished,2,78,
2698,2017,6,raikkonen,ferrari,2,Finished,1,78,
2699,2017,6,ricciardo,red_bull,3,Finished,5,78,
2700,2017,6,bottas,mercedes,4,Finished,3,78,
2701,2017,6,max_verstappen,red_bull,5,Finished,4,78,
2702,2017,6,sainz,toro_rosso,6,Finished,6,78,
2703,2017,6,hamilton,mercedes,7,Finished,13,78,
2704,2017,6,grosjean,haas,8,Finished,8,78,
2705,2017,6,massa,williams,9,Finished,14,78,
2706,2017,6,kevin_magnussen,haas,10,Finished,11,78,
2707,2017,6,jolyon_palmer,renault,11,Finished,16,78,
2708,2017,6,ocon,force_india,12,Finished,15,78,
2709,2017,6,perez,force_india,13,Finished,7,78,
2710,2017,6,kvyat,toro_rosso,14,Collision damage,9,71,
2711,2017,6,stroll,williams,15,Brakes,17,71,
2712,2017,6,vandoorne,mclaren,16,Accident,12,66,
2713,2017,6,ericsson,sauber,17,Accident,19,63,
2714,2017,6,button,mclaren,18,Collision damage,20,57,
2715,2017,6,wehrlein,sauber,19,Collision,18,57,
2716,2017,6,hulkenberg,renault,20,Gearbox,10,15,
2717,2017,7,hamilton,mercedes,1,Finished,1,70,
2718,2017,7,bottas,mercedes,2,Finished,3,70,
2719,2017,7,ricciardo,red_bull,3,Finished,6,70,
2720,2017,7,vettel,ferrari,4,Finished,2,70,
2721,2017,7,perez,force_india,5,Finished,8,70,
2722,2017,7,ocon,force_india,6,Finished,9,70,
2723,2017,7,raikkonen,ferrari,7,Finished,4,70,
2724,2017,7,hulkenberg,renault,8,Finished,10,70,
2725,2017,7,stroll,williams,9,+1 Lap,17,69,
2726,2017,7,grosjean,haas,10,+1 Lap,14,69,
2727,2017,7,jolyon_palmer,renault,11,+1 Lap,15,69,
2728,2017,7,kevin_magnussen,haas,12,+1 Lap,18,69,
2729,2017,7,ericsson,sauber,13,+1 Lap,19,69,
2730,2017,7,vandoorne,mclaren,14,+1 Lap,16,69,
2731,2017,7,wehrlein,sauber,15,+2 Laps,20,68,
2732,2017,7,alonso,mclaren,16,Power Unit,12,66,
2733,2017,7,kvyat,toro_rosso,17,Power Unit,11,54,
2734,2017,7,max_verstappen,red_bull,18,Electrical,5,10,
2735,2017,7,massa,williams,19,Collision,7,0,
2736,2017,7,sainz,toro_rosso,20,Collision,13,0,
2737,2017,8,ricciardo,red_bull,1,Finished,10,51,
2738,2017,8,bottas,mercedes,2,Finished,2,51,
2739,2017,8,stroll,williams,3,Finished,8,51,
2740,2017,8,vettel,ferrari,4,Finished,4,51,
2741,2017,8,hamilton,mercedes,5,Finished,1,51,
2742,2017,8,ocon,force_india,6,Finished,7,51,
2743,2017,8,kevin_magnussen,haas,7,Finished,12,51,
2744,2017,8,sainz,toro_rosso,8,Finished,15,51,
2745,2017,8,alonso,mclaren,9,Finished,19,51,
2746,2017,8,wehrlein,sauber,10,Finished,14,51,
2747,2017,8,ericsson,sauber,11,Finished,17,51,
2748,2017,8,vandoorne,mclaren,12,Finished,18,51,
2749,2017,8,grosjean,haas,13,+1 Lap,16,50,
2750,2017,8,raikkonen,ferrari,14,Water pressure,3,46,
2751,2017,8,perez,force_india,15,Seat,6,39,
2752,2017,8,massa,williams,16,Suspension,9,25,
2753,2017,8,hulkenberg,renault,17,Accident,13,24,
2754,2017,8,max_verstappen,red_bull,18,Oil pressure,5,12,
2755,2017,8,kvyat,toro_rosso,19,Battery,11,9,
2756,2017,8,jolyon_palmer,renault,20,Power Unit,20,7,
2757,2017,9,bottas,mercedes,1,Finished,1,71,
2758,2017,9,vettel,ferrari,2,Finished,2,71,
2759,2017,9,ricciardo,red_bull,3,Finished,4,71,
2760,2017,9,hamilton,mercedes,4,Finished,8,71,
2761,2017,9,raikkonen,ferrari,5,Finished,3,71,
2762,2017,9,grosjean,haas,6,Finished,6,71,
2763,2017,9,perez,force_india,7,+1 Lap,7,70,
2764,2017,9,ocon,force_india,8,+1 Lap,9,70,
2765,2017,9,massa,williams,9,+1 Lap,17,70,
2766,2017,9,stroll,williams,10,+1 Lap,18,70,
2767,2017,9,jolyon_palmer,renault,11,+1 Lap,16,70,
2768,2017,9,vandoorne,mclaren,12,+1 Lap,13,70,
2769,2017,9,hulkenberg,renault,13,+1 Lap,11,70,
2770,2017,9,wehrlein,sauber,14,+1 Lap,20,70,
2771,2017,9,ericsson,sauber,15,+2 Laps,19,69,
2772,2017,9,kvyat,toro_rosso,16,+3 Laps,14,68,
2773,2017,9,sainz,toro_rosso,17,Engine,10,44,
2774,2017,9,kevin_magnussen,haas,18,Hydraulics,15,29,
2775,2017,9,alonso,mclaren,19,Collision damage,12,1,
2776,2017,9,max_verstappen,red_bull,20,Collision damage,5,0,
2777,2017,10,hamilton,mercedes,1,Finished,1,51,
2778,2017,10,bottas,mercedes,2,Finished,9,51,
2779,2017,10,raikkonen,ferrari,3,Finished,2,51,
2780,2017,10,max_verstappen,red_bull,4,Finished,4,51,
2781,2017,10,ricciardo,red_bull,5,Finished,19,51,
2782,2017,10,hulkenberg,renault,6,Finished,5,51,
2783,2017,10,vettel,ferrari,7,Finished,3,51,
2784,2017,10,ocon,force_india,8,+1 Lap,7,50,
2785,2017,10,perez,force_india,9,+1 Lap,6,50,
2786,2017,10,massa,williams,10,+1 Lap,14,50,
2787,2017,10,vandoorne,mclaren,11,+1 Lap,8,50,
2788,2017,10,kevin_magnussen,haas,12,+1 Lap,16,50,
2789,2017,10,grosjean,haas,13,+1 Lap,10,50,
2790,2017,10,ericsson,sauber,14,+1 Lap,18,50,
2791,2017,10,kvyat,toro_rosso,15,+1 Lap,12,50,
2792,2017,10,stroll,williams,16,+1 Lap,15,50,
2793,2017,10,wehrlein,sauber,17,+1 Lap,17,50,
2794,2017,10,alonso,mclaren,18,Power Unit,20,32,
2795,2017,10,sainz,toro_rosso,19,Collision damage,13,0,
2796,2017,10,jolyon_palmer,renault,20,Hydraulics,11,0,
2797,2017,11,vettel,ferrari,1,Finished,1,70,
2798,2017,11,raikkonen,ferrari,2,Finished,2,70,
2799,2017,11,bottas,mercedes,3,Finished,3,70,
2800,2017,11,hamilton,mercedes,4,Finished,4,70,
2801,2017,11,max_verstappen,red_bull,5,Finished,5,70,
2802,2017,11,alonso,mclaren,6,Finished,7,70,
2803,2017,11,sainz,toro_rosso,7,+1 Lap,9,69,
2804,2017,11,perez,force_india,8,+1 Lap,13,69,
2805,2017,11,ocon,force_india,9,+1 Lap,11,69,
2806,2017,11,vandoorne,mclaren,10,+1 Lap,8,69,
2807,2017,11,kvyat,toro_rosso,11,+1 Lap,16,69,
2808,2017,11,jolyon_palmer,renault,12,+1 Lap,10,69,
2809,2017,11,kevin_magnussen,haas,13,+1 Lap,15,69,
2810,2017,11,stroll,williams,14,+1 Lap,17,69,
2811,2017,11,wehrlein,sauber,15,+2 Laps,18,68,
2812,2017,11,ericsson,sauber,16,+2 Laps,20,68,
2813,2017,11,hulkenberg,renault,17,Brakes,12,67,
2814,2017,11,resta,williams,18,Oil leak,19,60,
2815,2017,11,grosjean,haas,19,Wheel nut,14,20,
2816,2017,11,ricciardo,red_bull,20,Collision,6,0,
2817,2017,12,hamilton,mercedes,1,Finished,1,44,
2818,2017,12,vettel,ferrari,2,Finished,2,44,
2819,2017,12,ricciardo,red_bull,3,Finished,6,44,
2820,2017,12,raikkonen,ferrari,4,Finished,4,44,
2821,2017,12,bottas,mercedes,5,Finished,3,44,
2822,2017,12,hulkenberg,renault,6,Finished,7,44,
2823,2017,12,grosjean,haas,7,Finished,11,44,
2824,2017,12,massa,williams,8,Finished,16,44,
2825,2017,12,ocon,force_india,9,Finished,9,44,
2826,2017,12,sainz,toro_rosso,10,Finished,13,44,
2827,2017,12,stroll,williams,11,Finished,15,44,
2828,2017,12,kvyat,toro_rosso,12,Finished,19,44,
2829,2017,12,jolyon_palmer,renault,13,Finished,14,44,
2830,2017,12,vandoorne,mclaren,14,Finished,20,44,
2831,2017,12,kevin_magnussen,haas,15,Finished,12,44,
2832,2017,12,ericsson,sauber,16,Finished,17,44,
2833,2017,12,perez,force_india,17,Gearbox,8,42,
2834,2017,12,alonso,mclaren,18,Engine,10,25,
2835,2017,12,max_verstappen,red_bull,19,Engine,5,7,
2836,2017,12,wehrlein,sauber,20,Collision,18,2,
2837,2017,13,hamilton,mercedes,1,Finished,1,53,
2838,2017,13,bottas,mercedes,2,Finished,4,53,
2839,2017,13,vettel,ferrari,3,Finished,6,53,
2840,2017,13,ricciardo,red_bull,4,Finished,16,53,
2841,2017,13,raikkonen,ferrari,5,Finished,5,53,
2842,2017,13,ocon,force_india,6,Finished,3,53,
2843,2017,13,stroll,williams,7,Finished,2,53,
2844,2017,13,massa,williams,8,Finished,7,53,
2845,2017,13,perez,force_india,9,Finished,10,53,
2846,2017,13,max_verstappen,red_bull,10,+1 Lap,13,52,
2847,2017,13,kevin_magnussen,haas,11,+1 Lap,9,52,
2848,2017,13,kvyat,toro_rosso,12,+1 Lap,8,52,
2849,2017,13,hulkenberg,renault,13,+1 Lap,14,52,
2850,2017,13,sainz,toro_rosso,14,+1 Lap,15,52,
2851,2017,13,grosjean,haas,15,+1 Lap,20,52,
2852,2017,13,wehrlein,sauber,16,+2 Laps,12,51,
2853,2017,13,alonso,mclaren,17,Gearbox,19,50,
2854,2017,13,ericsson,sauber,18,Gearbox,11,49,
2855,2017,13,vandoorne,mclaren,19,Engine,18,33,
2856,2017,13,jolyon_palmer,renault,20,Engine,17,29,
2857,2017,14,hamilton,mercedes,1,Finished,5,58,
2858,2017,14,ricciardo,red_bull,2,Finished,3,58,
2859,2017,14,bottas,mercedes,3,Finished,6,58,
2860,2017,14,sainz,toro_rosso,4,Finished,10,58,
2861,2017,14,perez,force_india,5,Finished,12,58,
2862,2017,14,jolyon_palmer,renault,6,Finished,11,58,
2863,2017,14,vandoorne,mclaren,7,Finished,9,58,
2864,2017,14,stroll,williams,8,Finished,18,58,
2865,2017,14,grosjean,haas,9,Finished,15,58,
2866,2017,14,ocon,force_india,10,Finished,14,58,
2867,2017,14,massa,williams,11,Finished,17,58,
2868,2017,14,wehrlein,sauber,12,+2 Laps,19,56,
2869,2017,14,kevin_magnussen,haas,13,Engine,16,50,
2870,2017,14,hulkenberg,renault,14,Engine,7,48,
2871,2017,14,ericsson,sauber,15,Accident,20,35,
2872,2017,14,kvyat,toro_rosso,16,Accident,13,10,
2873,2017,14,alonso,mclaren,17,Collision damage,8,8,
2874,2017,14,vettel,ferrari,18,Accident,1,0,
2875,2017,14,max_verstappen,red_bull,19,Accident,2,0,
2876,2017,14,raikkonen,ferrari,20,Accident,4,0,
2877,2017,15,max_verstappen,red_bull,1,Finished,3,56,
2878,2017,15,hamilton,mercedes,2,Finished,1,56,
2879,2017,15,ricciardo,red_bull,3,Finished,4,56,
2880,2017,15,vettel,ferrari,4,Finished,20,56,
2881,2017,15,bottas,mercedes,5,Finished,5,56,
2882,2017,15,perez,force_india,6,Finished,9,56,
2883,2017,15,vandoorne,mclaren,7,+1 Lap,7,55,
2884,2017,15,stroll,williams,8,+1 Lap,13,55,
2885,2017,15,massa,williams,9,+1 Lap,11,55,
2886,2017,15,ocon,force_india,10,+1 Lap,6,55,
2887,2017,15,alonso,mclaren,11,+1 Lap,10,55,
2888,2017,15,kevin_magnussen,haas,12,+1 Lap,17,55,
2889,2017,15,grosjean,haas,13,+1 Lap,16,55,
2890,2017,15,gasly,toro_rosso,14,+1 Lap,15,55,
2891,2017,15,jolyon_palmer,renault,15,+1 Lap,12,55,
2892,2017,15,hulkenberg,renault,16,+1 Lap,8,55,
2893,2017,15,wehrlein,sauber,17,+1 Lap,18,55,
2894,2017,15,ericsson,sauber,18,+2 Laps,19,54,
2895,2017,15,sainz,toro_rosso,19,Engine,14,29,
2896,2017,15,raikkonen,ferrari,20,Battery,0,0,
2897,2017,16,hamilton,mercedes,1,Finished,1,53,
2898,2017,16,max_verstappen,red_bull,2,Finished,4,53,
2899,2017,16,ricciardo,red_bull,3,Finished,3,53,
2900,2017,16,bottas,mercedes,4,Finished,6,53,
2901,2017,16,raikkonen,ferrari,5,Finished,10,53,
2902,2017,16,ocon,force_india,6,Finished,5,53,
2903,2017,16,perez,force_india,7,Finished,7,53,
2904,2017,16,kevin_magnussen,haas,8,Finished,12,53,
2905,2017,16,grosjean,haas,9,Finished,13,53,
2906,2017,16,massa,williams,10,+1 Lap,8,52,
2907,2017,16,alonso,mclaren,11,+1 Lap,20,52,
2908,2017,16,jolyon_palmer,renault,12,+1 Lap,18,52,
2909,2017,16,gasly,toro_rosso,13,+1 Lap,14,52,
2910,2017,16,vandoorne,mclaren,14,+1 Lap,9,52,
2911,2017,16,wehrlein,sauber,15,+2 Laps,17,51,
2912,2017,16,stroll,williams,16,Wheel,15,45,
2913,2017,16,hulkenberg,renault,17,Front wing,11,40,
2914,2017,16,ericsson,sauber,18,Accident,16,7,
2915,2017,16,vettel,ferrari,19,Spark plugs,2,4,
2916,2017,16,sainz,toro_rosso,20,Accident,19,0,
2917,2017,17,hamilton,mercedes,1,Finished,1,56,
2918,2017,17,vettel,ferrari,2,Finished,2,56,
2919,2017,17,raikkonen,ferrari,3,Finished,5,56,
2920,2017,17,max_verstappen,red_bull,4,Finished,16,56,
2921,2017,17,bottas,mercedes,5,Finished,3,56,
2922,2017,17,ocon,force_india,6,Finished,6,56,
2923,2017,17,sainz,renault,7,Finished,7,56,
2924,2017,17,perez,force_india,8,+1 Lap,9,55,
2925,2017,17,massa,williams,9,+1 Lap,10,55,
2926,2017,17,kvyat,toro_rosso,10,+1 Lap,11,55,
2927,2017,17,stroll,williams,11,+1 Lap,15,55,
2928,2017,17,vandoorne,mclaren,12,+1 Lap,20,55,
2929,2017,17,brendon_hartley,toro_rosso,13,+1 Lap,19,55,
2930,2017,17,grosjean,haas,14,+1 Lap,12,55,
2931,2017,17,ericsson,sauber,15,+1 Lap,13,55,
2932,2017,17,kevin_magnussen,haas,16,+1 Lap,17,55,
2933,2017,17,alonso,mclaren,17,Engine,8,24,
2934,2017,17,ricciardo,red_bull,18,Engine,4,14,
2935,2017,17,wehrlein,sauber,19,Collision,14,5,
2936,2017,17,hulkenberg,renault,20,Engine,18,3,
2937,2017,18,max_verstappen,red_bull,1,Finished,2,71,
2938,2017,18,bottas,mercedes,2,Finished,4,71,
2939,2017,18,raikkonen,ferrari,3,Finished,5,71,
2940,2017,18,vettel,ferrari,4,Finished,1,71,
2941,2017,18,ocon,force_india,5,+1 Lap,6,70,
2942,2017,18,stroll,williams,6,+1 Lap,11,70,
2943,2017,18,perez,force_india,7,+1 Lap,9,70,
2944,2017,18,kevin_magnussen,haas,8,+1 Lap,14,70,
2945,2017,18,hamilton,mercedes,9,+1 Lap,3,70,
2946,2017,18,alonso,mclaren,10,+1 Lap,18,70,
2947,2017,18,massa,williams,11,+1 Lap,10,70,
2948,2017,18,vandoorne,mclaren,12,+1 Lap,19,70,
2949,2017,18,gasly,toro_rosso,13,+1 Lap,20,70,
2950,2017,18,wehrlein,sauber,14,+2 Laps,13,69,
2951,2017,18,grosjean,haas,15,+2 Laps,15,69,
2952,2017,18,sainz,renault,16,Engine,8,59,
2953,2017,18,ericsson,sauber,17,Engine,12,55,
2954,2017,18,brendon_hartley,toro_rosso,18,Engine,17,30,
2955,2017,18,hulkenberg,renault,19,Electrical,7,24,
2956,2017,18,ricciardo,red_bull,20,Engine,16,5,
2957,2017,19,vettel,ferrari,1,Finished,2,71,
2958,2017,19,bottas,mercedes,2,Finished,1,71,
2959,2017,19,raikkonen,ferrari,3,Finished,3,71,
2960,2017,19,hamilton,mercedes,4,Finished,20,71,
2961,2017,19,max_verstappen,red_bull,5,Finished,4,71,
2962,2017,19,ricciardo,red_bull,6,Finished,14,71,
2963,2017,19,massa,williams,7,Finished,9,71,
2964,2017,19,alonso,mclaren,8,Finished,6,71,
2965,2017,19,perez,force_india,9,Finished,5,71,
2966,2017,19,hulkenberg,renault,10,+1 Lap,7,70,
2967,2017,19,sainz,renault,11,+1 Lap,8,70,
2968,2017,19,gasly,toro_rosso,12,+1 Lap,19,70,
2969,2017,19,ericsson,sauber,13,+1 Lap,17,70,
2970,2017,19,wehrlein,sauber,14,+1 Lap,15,70,
2971,2017,19,grosjean,haas,15,+2 Laps,11,69,
2972,2017,19,stroll,williams,16,+2 Laps,16,69,
2973,2017,19,brendon_hartley,toro_rosso,17,Engine,18,40,
2974,2017,19,ocon,force_india,18,Accident,10,0,
2975,2017,19,vandoorne,mclaren,19,Accident,12,0,
2976,2017,19,kevin_magnussen,haas,20,Accident,13,0,
2977,2017,20,bottas,mercedes,1,Finished,1,55,
2978,2017,20,hamilton,mercedes,2,Finished,2,55,
2979,2017,20,vettel,ferrari,3,Finished,3,55,
2980,2017,20,raikkonen,ferrari,4,Finished,5,55,
2981,2017,20,max_verstappen,red_bull,5,Finished,6,55,
2982,2017,20,hulkenberg,renault,6,Finished,7,55,
2983,2017,20,perez,force_india,7,Finished,8,55,
2984,2017,20,ocon,force_india,8,Finished,9,55,
2985,2017,20,alonso,mclaren,9,+1 Lap,11,54,
2986,2017,20,massa,williams,10,+1 Lap,10,54,
2987,2017,20,grosjean,haas,11,+1 Lap,16,54,
2988,2017,20,vandoorne,mclaren,12,+1 Lap,13,54,
2989,2017,20,kevin_magnussen,haas,13,+1 Lap,14,54,
2990,2017,20,wehrlein,sauber,14,+1 Lap,18,54,
2991,2017,20,brendon_hartley,toro_rosso,15,+1 Lap,20,54,
2992,2017,20,gasly,toro_rosso,16,+1 Lap,17,54,
2993,2017,20,ericsson,sauber,17,+1 Lap,19,54,
2994,2017,20,stroll,williams,18,+1 Lap,15,54,
2995,2017,20,sainz,renault,19,Wheel,12,31,
2996,2017,20,ricciardo,red_bull,20,Hydraulics,4,20,
2997,2018,1,vettel,ferrari,1,Finished,3,58,
2998,2018,1,hamilton,mercedes,2,Finished,1,58,
2999,2018,1,raikkonen,ferrari,3,Finished,2,58,
3000,2018,1,ricciardo,red_bull,4,Finished,8,58,
3001,2018,1,alonso,mclaren,5,Finished,10,58,
3002,2018,1,max_verstappen,red_bull,6,Finished,4,58,
3003,2018,1,hulkenberg,renault,7,Finished,7,58,
3004,2018,1,bottas,mercedes,8,Finished,15,58,
3005,2018,1,vandoorne,mclaren,9,Finished,11,58,
3006,2018,1,sainz,renault,10,Finished,9,58,
3007,2018,1,perez,force_india,11,Finished,12,58,
3008,2018,1,ocon,force_india,12,Finished,14,58,
3009,2018,1,leclerc,sauber,13,Finished,18,58,
3010,2018,1,stroll,williams,14,Finished,13,58,
3011,2018,1,brendon_hartley,toro_rosso,15,+1 Lap,16,57,
3012,2018,1,grosjean,haas,16,Wheel,6,24,
3013,2018,1,kevin_magnussen,haas,17,Wheel,5,22,
3014,2018,1,gasly,toro_rosso,18,Engine,20,13,
3015,2018,1,ericsson,sauber,19,Steering,17,5,
3016,2018,1,sirotkin,williams,20,Brakes,19,4,
3017,2018,2,vettel,ferrari,1,Finished,1,57,
3018,2018,2,bottas,mercedes,2,Finished,3,57,
3019,2018,2,hamilton,mercedes,3,Finished,9,57,
3020,2018,2,gasly,toro_rosso,4,Finished,5,57,
3021,2018,2,kevin_magnussen,haas,5,Finished,6,57,
3022,2018,2,hulkenberg,renault,6,Finished,7,57,
3023,2018,2,alonso,mclaren,7,+1 Lap,13,56,
3024,2018,2,vandoorne,mclaren,8,+1 Lap,14,56,
3025,2018,2,ericsson,sauber,9,+1 Lap,17,56,
3026,2018,2,ocon,force_india,10,+1 Lap,8,56,
3027,2018,2,sainz,renault,11,+1 Lap,10,56,
3028,2018,2,leclerc,sauber,12,+1 Lap,19,56,
3029,2018,2,grosjean,haas,13,+1 Lap,16,56,
3030,2018,2,stroll,williams,14,+1 Lap,20,56,
3031,2018,2,sirotkin,williams,15,+1 Lap,18,56,
3032,2018,2,perez,force_india,16,+1 Lap,12,56,
3033,2018,2,brendon_hartley,toro_rosso,17,+1 Lap,11,56,
3034,2018,2,raikkonen,ferrari,18,Wheel,2,35,
3035,2018,2,max_verstappen,red_bull,19,Puncture,15,3,
3036,2018,2,ricciardo,red_bull,20,Electrical,4,1,
3037,2018,3,ricciardo,red_bull,1,Finished,6,56,
3038,2018,3,bottas,mercedes,2,Finished,3,56,
3039,2018,3,raikkonen,ferrari,3,Finished,2,56,
3040,2018,3,hamilton,mercedes,4,Finished,4,56,
3041,2018,3,max_verstappen,red_bull,5,Finished,5,56,
3042,2018,3,hulkenberg,renault,6,Finished,7,56,
3043,2018,3,alonso,mclaren,7,Finished,13,56,
3044,2018,3,vettel,ferrari,8,Finished,1,56,
3045,2018,3,sainz,renault,9,Finished,9,56,
3046,2018,3,kevin_magnussen,haas,10,Finished,11,56,
3047,2018,3,ocon,force_india,11,Finished,12,56,
3048,2018,3,perez,force_india,12,Finished,8,56,
3049,2018,3,vandoorne,mclaren,13,Finished,14,56,
3050,2018,3,stroll,williams,14,Finished,18,56,
3051,2018,3,sirotkin,williams,15,Finished,16,56,
3052,2018,3,ericsson,sauber,16,Finished,20,56,
3053,2018,3,grosjean,haas,17,Finished,10,56,
3054,2018,3,gasly,toro_rosso,18,Finished,17,56,
3055,2018,3,leclerc,sauber,19,Finished,19,56,
3056,2018,3,brendon_hartley,toro_rosso,20,Collision damage,15,51,
3057,2018,4,hamilton,mercedes,1,Finished,2,51,
3058,2018,4,raikkonen,ferrari,2,Finished,6,51,
3059,2018,4,perez,force_india,3,Finished,8,51,
3060,2018,4,vettel,ferrari,4,Finished,1,51,
3061,2018,4,sainz,renault,5,Finished,9,51,
3062,2018,4,leclerc,sauber,6,Finished,13,51,
3063,2018,4,alonso,mclaren,7,Finished,12,51,
3064,2018,4,stroll,williams,8,Finished,10,51,
3065,2018,4,vandoorne,mclaren,9,Finished,16,51,
3066,2018,4,brendon_hartley,toro_rosso,10,Finished,19,51,
3067,2018,4,ericsson,sauber,11,Finished,18,51,
3068,2018,4,gasly,toro_rosso,12,Finished,17,51,
3069,2018,4,kevin_magnussen,haas,13,Finished,15,51,
3070,2018,4,bottas,mercedes,14,Puncture,3,48,
3071,2018,4,grosjean,haas,15,Accident,20,42,
3072,2018,4,max_verstappen,red_bull,16,Collision,5,39,
3073,2018,4,ricciardo,red_bull,17,Collision,4,39,
3074,2018,4,hulkenberg,renault,18,Accident,14,10,
3075,2018,4,ocon,force_india,19,Collision,7,0,
3076,2018,4,sirotkin,williams,20,Collision,11,0,
3077,2018,5,hamilton,mercedes,1,Finished,1,66,
3078,2018,5,bottas,mercedes,2,Finished,2,66,
3079,2018,5,max_verstappen,red_bull,3,Finished,5,66,
3080,2018,5,vettel,ferrari,4,Finished,3,66,
3081,2018,5,ricciardo,red_bull,5,Finished,6,66,
3082,2018,5,kevin_magnussen,haas,6,+1 Lap,7,65,
3083,2018,5,sainz,renault,7,+1 Lap,9,65,
3084,2018,5,alonso,mclaren,8,+1 Lap,8,65,
3085,2018,5,perez,force_india,9,+2 Laps,15,64,
3086,2018,5,leclerc,sauber,10,+2 Laps,14,64,
3087,2018,5,stroll,williams,11,+2 Laps,18,64,
3088,2018,5,brendon_hartley,toro_rosso,12,+2 Laps,20,64,
3089,2018,5,ericsson,sauber,13,+2 Laps,17,64,
3090,2018,5,sirotkin,williams,14,+3 Laps,19,63,
3091,2018,5,vandoorne,mclaren,15,Gearbox,11,45,
3092,2018,5,ocon,force_india,16,Oil leak,13,38,
3093,2018,5,raikkonen,ferrari,17,Turbo,4,25,
3094,2018,5,grosjean,haas,18,Collision,10,0,
3095,2018,5,gasly,toro_rosso,19,Collision,12,0,
3096,2018,5,hulkenberg,renault,20,Collision,16,0,
3097,2018,6,ricciardo,red_bull,1,Finished,1,78,
3098,2018,6,vettel,ferrari,2,Finished,2,78,
3099,2018,6,hamilton,mercedes,3,Finished,3,78,
3100,2018,6,raikkonen,ferrari,4,Finished,4,78,
3101,2018,6,bottas,mercedes,5,Finished,5,78,
3102,2018,6,ocon,force_india,6,Finished,6,78,
3103,2018,6,gasly,toro_rosso,7,Finished,10,78,
3104,2018,6,hulkenberg,renault,8,Finished,11,78,
3105,2018,6,max_verstappen,red_bull,9,Finished,20,78,
3106,2018,6,sainz,renault,10,Finished,8,78,
3107,2018,6,ericsson,sauber,11,Finished,16,78,
3108,2018,6,perez,force_india,12,Finished,9,78,
3109,2018,6,kevin_magnussen,haas,13,Finished,19,78,
3110,2018,6,vandoorne,mclaren,14,+1 Lap,12,77,
3111,2018,6,grosjean,haas,15,+1 Lap,18,77,
3112,2018,6,sirotkin,williams,16,+1 Lap,13,77,
3113,2018,6,stroll,williams,17,+2 Laps,17,76,
3114,2018,6,leclerc,sauber,18,Collision,14,70,
3115,2018,6,brendon_hartley,toro_rosso,19,Collision,15,70,
3116,2018,6,alonso,mclaren,20,Gearbox,7,52,
3117,2018,7,vettel,ferrari,1,Finished,1,68,
3118,2018,7,bottas,mercedes,2,Finished,2,68,
3119,2018,7,max_verstappen,red_bull,3,Finished,3,68,
3120,2018,7,ricciardo,red_bull,4,Finished,6,68,
3121,2018,7,hamilton,mercedes,5,Finished,4,68,
3122,2018,7,raikkonen,ferrari,6,Finished,5,68,
3123,2018,7,hulkenberg,renault,7,+1 Lap,7,67,
3124,2018,7,sainz,renault,8,+1 Lap,9,67,
3125,2018,7,ocon,force_india,9,+1 Lap,8,67,
3126,2018,7,leclerc,sauber,10,+1 Lap,13,67,
3127,2018,7,gasly,toro_rosso,11,+1 Lap,16,67,
3128,2018,7,grosjean,haas,12,+1 Lap,20,67,
3129,2018,7,kevin_magnussen,haas,13,+1 Lap,11,67,
3130,2018,7,perez,force_india,14,+1 Lap,10,67,
3131,2018,7,ericsson,sauber,15,+2 Laps,19,66,
3132,2018,7,vandoorne,mclaren,16,+2 Laps,15,66,
3133,2018,7,sirotkin,williams,17,+2 Laps,18,66,
3134,2018,7,alonso,mclaren,18,Exhaust,14,40,
3135,2018,7,brendon_hartley,toro_rosso,19,Collision,12,0,
3136,2018,7,stroll,williams,20,Collision,17,0,
3137,2018,8,hamilton,mercedes,1,Finished,1,53,
3138,2018,8,max_verstappen,red_bull,2,Finished,4,53,
3139,2018,8,raikkonen,ferrari,3,Finished,6,53,
3140,2018,8,ricciardo,red_bull,4,Finished,5,53,
3141,2018,8,vettel,ferrari,5,Finished,3,53,
3142,2018,8,kevin_magnussen,haas,6,Finished,9,53,
3143,2018,8,bottas,mercedes,7,Finished,2,53,
3144,2018,8,sainz,renault,8,Finished,7,53,
3145,2018,8,hulkenberg,renault,9,Finished,12,53,
3146,2018,8,leclerc,sauber,10,Finished,8,53,
3147,2018,8,grosjean,haas,11,+1 Lap,10,52,
3148,2018,8,vandoorne,mclaren,12,+1 Lap,17,52,
3149,2018,8,ericsson,sauber,13,+1 Lap,15,52,
3150,2018,8,brendon_hartley,toro_rosso,14,+1 Lap,20,52,
3151,2018,8,sirotkin,williams,15,+1 Lap,18,52,
3152,2018,8,alonso,mclaren,16,Wheel,16,50,
3153,2018,8,stroll,williams,17,Puncture,19,48,
3154,2018,8,perez,force_india,18,Engine,13,27,
3155,2018,8,ocon,force_india,19,Collision,11,0,
3156,2018,8,gasly,toro_rosso,20,Collision,14,0,
3157,2018,9,max_verstappen,red_bull,1,Finished,4,71,
3158,2018,9,raikkonen,ferrari,2,Finished,3,71,
3159,2018,9,vettel,ferrari,3,Finished,6,71,
3160,2018,9,grosjean,haas,4,+1 Lap,5,70,
3161,2018,9,kevin_magnussen,haas,5,+1 Lap,8,70,
3162,2018,9,ocon,force_india,6,+1 Lap,11,70,
3163,2018,9,perez,force_india,7,+1 Lap,16,70,
3164,2018,9,alonso,mclaren,8,+1 Lap,13,70,
3165,2018,9,leclerc,sauber,9,+1 Lap,18,70,
3166,2018,9,ericsson,sauber,10,+1 Lap,20,70,
3167,2018,9,gasly,toro_rosso,11,+1 Lap,12,70,
3168,2018,9,sainz,renault,12,+1 Lap,9,70,
3169,2018,9,sirotkin,williams,13,+2 Laps,17,69,
3170,2018,9,stroll,williams,14,+2 Laps,14,69,
3171,2018,9,vandoorne,mclaren,15,Collision damage,15,65,
3172,2018,9,hamilton,mercedes,16,Fuel pressure,2,62,
3173,2018,9,brendon_hartley,toro_rosso,17,Hydraulics,19,54,
3174,2018,9,ricciardo,red_bull,18,Exhaust,7,53,
3175,2018,9,bottas,mercedes,19,Hydraulics,1,13,
3176,2018,9,hulkenberg,renault,20,Engine,10,11,
3177,2018,10,vettel,ferrari,1,Finished,2,52,
3178,2018,10,hamilton,mercedes,2,Finished,1,52,
3179,2018,10,raikkonen,ferrari,3,Finished,3,52,
3180,2018,10,bottas,mercedes,4,Finished,4,52,
3181,2018,10,ricciardo,red_bull,5,Finished,6,52,
3182,2018,10,hulkenberg,renault,6,Finished,11,52,
3183,2018,10,ocon,force_india,7,Finished,10,52,
3184,2018,10,alonso,mclaren,8,Finished,13,52,
3185,2018,10,kevin_magnussen,haas,9,Finished,7,52,
3186,2018,10,perez,force_india,10,Finished,12,52,
3187,2018,10,vandoorne,mclaren,11,Finished,17,52,
3188,2018,10,stroll,williams,12,Finished,19,52,
3189,2018,10,gasly,toro_rosso,13,Finished,14,52,
3190,2018,10,sirotkin,williams,14,Finished,18,52,
3191,2018,10,max_verstappen,red_bull,15,Brakes,5,46,
3192,2018,10,grosjean,haas,16,Collision,8,37,
3193,2018,10,sainz,renault,17,Collision,16,37,
3194,2018,10,ericsson,sauber,18,Accident,15,31,
3195,2018,10,leclerc,sauber,19,Tyre,9,18,
3196,2018,10,brendon_hartley,toro_rosso,20,Power Unit,0,1,
3197,2018,11,hamilton,mercedes,1,Finished,14,67,
3198,2018,11,bottas,mercedes,2,Finished,2,67,
3199,2018,11,raikkonen,ferrari,3,Finished,3,67,
3200,2018,11,max_verstappen,red_bull,4,Finished,4,67,
3201,2018,11,hulkenberg,renault,5,Finished,7,67,
3202,2018,11,grosjean,haas,6,Finished,6,67,
3203,2018,11,perez,force_india,7,Finished,10,67,
3204,2018,11,ocon,force_india,8,Finished,15,67,
3205,2018,11,ericsson,sauber,9,Finished,13,67,
3206,2018,11,brendon_hartley,toro_rosso,10,Finished,17,67,
3207,2018,11,kevin_magnussen,haas,11,Finished,5,67,
3208,2018,11,sainz,renault,12,Finished,8,67,
3209,2018,11,vandoorne,mclaren,13,Finished,19,67,
3210,2018,11,gasly,toro_rosso,14,+1 Lap,16,66,
3211,2018,11,leclerc,sauber,15,+1 Lap,9,66,
3212,2018,11,alonso,mclaren,16,Retired,11,65,
3213,2018,11,stroll,williams,17,Engine,18,53,
3214,2018,11,vettel,ferrari,18,Accident,1,51,
3215,2018,11,sirotkin,williams,19,Engine,12,51,
3216,2018,11,ricciardo,red_bull,20,Engine,20,27,
3217,2018,12,hamilton,mercedes,1,Finished,1,70,
3218,2018,12,vettel,ferrari,2,Finished,4,70,
3219,2018,12,raikkonen,ferrari,3,Finished,3,70,
3220,2018,12,ricciardo,red_bull,4,Finished,12,70,
3221,2018,12,bottas,mercedes,5,Finished,2,70,
3222,2018,12,gasly,toro_rosso,6,Finished,6,70,
3223,2018,12,kevin_magnussen,haas,7,+1 Lap,9,69,
3224,2018,12,alonso,mclaren,8,+1 Lap,11,69,
3225,2018,12,sainz,renault,9,+1 Lap,5,69,
3226,2018,12,grosjean,haas,10,+1 Lap,10,69,
3227,2018,12,brendon_hartley,toro_rosso,11,+1 Lap,8,69,
3228,2018,12,hulkenberg,renault,12,+1 Lap,13,69,
3229,2018,12,ocon,force_india,13,+1 Lap,18,69,
3230,2018,12,perez,force_india,14,+1 Lap,19,69,
3231,2018,12,ericsson,sauber,15,+2 Laps,14,68,
3232,2018,12,sirotkin,williams,16,+2 Laps,20,68,
3233,2018,12,stroll,williams,17,+2 Laps,15,68,
3234,2018,12,vandoorne,mclaren,18,Gearbox,16,49,
3235,2018,12,max_verstappen,red_bull,19,Power loss,7,5,
3236,2018,12,leclerc,sauber,20,Suspension,17,0,
3237,2018,13,vettel,ferrari,1,Finished,2,44,
3238,2018,13,hamilton,mercedes,2,Finished,1,44,
3239,2018,13,max_verstappen,red_bull,3,Finished,7,44,
3240,2018,13,bottas,mercedes,4,Finished,19,44,
3241,2018,13,perez,force_india,5,Finished,4,44,
3242,2018,13,ocon,force_india,6,Finished,3,44,
3243,2018,13,grosjean,haas,7,Finished,5,44,
3244,2018,13,kevin_magnussen,haas,8,Finished,9,44,
3245,2018,13,gasly,toro_rosso,9,Finished,10,44,
3246,2018,13,ericsson,sauber,10,+1 Lap,13,43,
3247,2018,13,sainz,renault,11,+1 Lap,14,43,
3248,2018,13,sirotkin,williams,12,+1 Lap,16,43,
3249,2018,13,stroll,williams,13,+1 Lap,17,43,
3250,2018,13,brendon_hartley,toro_rosso,14,+1 Lap,11,43,
3251,2018,13,vandoorne,mclaren,15,+1 Lap,18,43,
3252,2018,13,ricciardo,red_bull,16,Retired,8,28,
3253,2018,13,raikkonen,ferrari,17,Brakes,6,8,
3254,2018,13,leclerc,sauber,18,Accident,12,0,
3255,2018,13,alonso,mclaren,19,Accident,15,0,
3256,2018,13,hulkenberg,renault,20,Accident,20,0,
3257,2018,14,hamilton,mercedes,1,Finished,3,53,
3258,2018,14,raikkonen,ferrari,2,Finished,1,53,
3259,2018,14,bottas,mercedes,3,Finished,4,53,
3260,2018,14,vettel,ferrari,4,Finished,2,53,
3261,2018,14,max_verstappen,red_bull,5,Finished,5,53,
3262,2018,14,ocon,force_india,6,Finished,8,53,
3263,2018,14,perez,force_india,7,Finished,14,53,
3264,2018,14,sainz,renault,8,Finished,7,53,
3265,2018,14,stroll,williams,9,+1 Lap,10,52,
3266,2018,14,sirotkin,williams,10,+1 Lap,12,52,
3267,2018,14,leclerc,sauber,11,+1 Lap,15,52,
3268,2018,14,vandoorne,mclaren,12,+1 Lap,17,52,
3269,2018,14,hulkenberg,renault,13,+1 Lap,20,52,
3270,2018,14,gasly,toro_rosso,14,+1 Lap,9,52,
3271,2018,14,ericsson,sauber,15,+1 Lap,18,52,
3272,2018,14,kevin_magnussen,haas,16,+1 Lap,11,52,
3273,2018,14,ricciardo,red_bull,17,Engine,19,23,
3274,2018,14,alonso,mclaren,18,Engine,13,9,
3275,2018,14,brendon_hartley,toro_rosso,19,Brakes,16,0,
3276,2018,14,grosjean,haas,20,Disqualified,6,53,
3277,2018,15,hamilton,mercedes,1,Finished,1,61,
3278,2018,15,max_verstappen,red_bull,2,Finished,2,61,
3279,2018,15,vettel,ferrari,3,Finished,3,61,
3280,2018,15,bottas,mercedes,4,Finished,4,61,
3281,2018,15,raikkonen,ferrari,5,Finished,5,61,
3282,2018,15,ricciardo,red_bull,6,Finished,6,61,
3283,2018,15,alonso,mclaren,7,Finished,11,61,
3284,2018,15,sainz,renault,8,+1 Lap,12,60,
3285,2018,15,leclerc,sauber,9,+1 Lap,13,60,
3286,2018,15,hulkenberg,renault,10,+1 Lap,10,60,
3287,2018,15,ericsson,sauber,11,+1 Lap,14,60,
3288,2018,15,vandoorne,mclaren,12,+1 Lap,18,60,
3289,2018,15,gasly,toro_rosso,13,+1 Lap,15,60,
3290,2018,15,stroll,williams,14,+1 Lap,20,60,
3291,2018,15,grosjean,haas,15,+1 Lap,8,60,
3292,2018,15,perez,force_india,16,+1 Lap,7,60,
3293,2018,15,brendon_hartley,toro_rosso,17,+1 Lap,17,60,
3294,2018,15,kevin_magnussen,haas,18,+2 Laps,16,59,
3295,2018,15,sirotkin,williams,19,+2 Laps,19,59,
3296,2018,15,ocon,force_india,20,Collision,9,0,
3297,2018,16,hamilton,mercedes,1,Finished,2,53,
3298,2018,16,bottas,mercedes,2,Finished,1,53,
3299,2018,16,vettel,ferrari,3,Finished,3,53,
3300,2018,16,raikkonen,ferrari,4,Finished,4,53,
3301,2018,16,max_verstappen,red_bull,5,Finished,19,53,
3302,2018,16,ricciardo,red_bull,6,Finished,18,53,
3303,2018,16,leclerc,sauber,7,Finished,7,53,
3304,2018,16,kevin_magnussen,haas,8,+1 Lap,5,52,
3305,2018,16,ocon,force_india,9,+1 Lap,6,52,
3306,2018,16,perez,force_india,10,+1 Lap,8,52,
3307,2018,16,grosjean,haas,11,+1 Lap,9,52,
3308,2018,16,hulkenberg,renault,12,+1 Lap,12,52,
3309,2018,16,ericsson,sauber,13,+1 Lap,10,52,
3310,2018,16,alonso,mclaren,14,+1 Lap,16,52,
3311,2018,16,stroll,williams,15,+1 Lap,14,52,
3312,2018,16,vandoorne,mclaren,16,+2 Laps,15,51,
3313,2018,16,sainz,renault,17,+2 Laps,11,51,
3314,2018,16,sirotkin,williams,18,+2 Laps,13,51,
3315,2018,16,gasly,toro_rosso,19,Brakes,17,4,
3316,2018,16,brendon_hartley,toro_rosso,20,Brakes,20,4,
3317,2018,17,hamilton,mercedes,1,Finished,1,53,
3318,2018,17,bottas,mercedes,2,Finished,2,53,
3319,2018,17,max_verstappen,red_bull,3,Finished,3,53,
3320,2018,17,ricciardo,red_bull,4,Finished,15,53,
3321,2018,17,raikkonen,ferrari,5,Finished,4,53,
3322,2018,17,vettel,ferrari,6,Finished,8,53,
3323,2018,17,perez,force_india,7,Finished,9,53,
3324,2018,17,grosjean,haas,8,Finished,5,53,
3325,2018,17,ocon,force_india,9,Finished,11,53,
3326,2018,17,sainz,renault,10,+1 Lap,13,52,
3327,2018,17,gasly,toro_rosso,11,+1 Lap,7,52,
3328,2018,17,ericsson,sauber,12,+1 Lap,20,52,
3329,2018,17,brendon_hartley,toro_rosso,13,+1 Lap,6,52,
3330,2018,17,alonso,mclaren,14,+1 Lap,18,52,
3331,2018,17,vandoorne,mclaren,15,+1 Lap,19,52,
3332,2018,17,sirotkin,williams,16,+1 Lap,17,52,
3333,2018,17,stroll,williams,17,+1 Lap,14,52,
3334,2018,17,leclerc,sauber,18,Mechanical,10,38,
3335,2018,17,hulkenberg,renault,19,Engine,16,37,
3336,2018,17,kevin_magnussen,haas,20,Collision damage,12,8,
3337,2018,18,raikkonen,ferrari,1,Finished,2,56,
3338,2018,18,max_verstappen,red_bull,2,Finished,18,56,
3339,2018,18,hamilton,mercedes,3,Finished,1,56,
3340,2018,18,vettel,ferrari,4,Finished,5,56,
3341,2018,18,bottas,mercedes,5,Finished,3,56,
3342,2018,18,hulkenberg,renault,6,Finished,7,56,
3343,2018,18,sainz,renault,7,Finished,11,56,
3344,2018,18,perez,force_india,8,Finished,10,56,
3345,2018,18,brendon_hartley,toro_rosso,9,+1 Lap,20,55,
3346,2018,18,ericsson,sauber,10,+1 Lap,16,55,
3347,2018,18,vandoorne,mclaren,11,+1 Lap,17,55,
3348,2018,18,gasly,toro_rosso,12,+1 Lap,19,55,
3349,2018,18,sirotkin,williams,13,+1 Lap,14,55,
3350,2018,18,stroll,williams,14,+2 Laps,15,54,
3351,2018,18,leclerc,sauber,15,Collision damage,9,31,
3352,2018,18,ricciardo,red_bull,16,Battery,4,8,
3353,2018,18,grosjean,haas,17,Collision damage,8,2,
3354,2018,18,alonso,mclaren,18,Collision,13,1,
3355,2018,18,ocon,force_india,19,Disqualified,6,56,
3356,2018,18,kevin_magnussen,haas,20,Disqualified,12,56,
3357,2018,19,max_verstappen,red_bull,1,Finished,2,71,
3358,2018,19,vettel,ferrari,2,Finished,4,71,
3359,2018,19,raikkonen,ferrari,3,Finished,6,71,
3360,2018,19,hamilton,mercedes,4,Finished,3,71,
3361,2018,19,bottas,mercedes,5,+1 Lap,5,70,
3362,2018,19,hulkenberg,renault,6,+2 Laps,7,69,
3363,2018,19,leclerc,sauber,7,+2 Laps,9,69,
3364,2018,19,vandoorne,mclaren,8,+2 Laps,15,69,
3365,2018,19,ericsson,sauber,9,+2 Laps,10,69,
3366,2018,19,gasly,toro_rosso,10,+2 Laps,20,69,
3367,2018,19,ocon,force_india,11,+2 Laps,11,69,
3368,2018,19,stroll,williams,12,+2 Laps,17,69,
3369,2018,19,sirotkin,williams,13,+2 Laps,19,69,
3370,2018,19,brendon_hartley,toro_rosso,14,+2 Laps,14,69,
3371,2018,19,kevin_magnussen,haas,15,+2 Laps,16,69,
3372,2018,19,grosjean,haas,16,+3 Laps,18,68,
3373,2018,19,ricciardo,red_bull,17,Engine,1,61,
3374,2018,19,perez,force_india,18,Brakes,13,38,
3375,2018,19,sainz,renault,19,Suspension,8,28,
3376,2018,19,alonso,mclaren,20,Engine,12,3,
3377,2018,20,hamilton,mercedes,1,Finished,1,71,
3378,2018,20,max_verstappen,red_bull,2,Finished,5,71,
3379,2018,20,raikkonen,ferrari,3,Finished,4,71,
3380,2018,20,ricciardo,red_bull,4,Finished,11,71,
3381,2018,20,bottas,mercedes,5,Finished,3,71,
3382,2018,20,vettel,ferrari,6,Finished,2,71,
3383,2018,20,leclerc,sauber,7,Finished,7,71,
3384,2018,20,grosjean,haas,8,Finished,8,71,
3385,2018,20,kevin_magnussen,haas,9,Finished,10,71,
3386,2018,20,perez,force_india,10,+1 Lap,12,70,
3387,2018,20,brendon_hartley,toro_rosso,11,+1 Lap,16,70,
3388,2018,20,sainz,renault,12,+1 Lap,15,70,
3389,2018,20,gasly,toro_rosso,13,+1 Lap,9,70,
3390,2018,20,vandoorne,mclaren,14,+1 Lap,20,70,
3391,2018,20,ocon,force_india,15,+1 Lap,18,70,
3392,2018,20,sirotkin,williams,16,+2 Laps,14,69,
3393,2018,20,alonso,mclaren,17,+2 Laps,17,69,
3394,2018,20,stroll,williams,18,+2 Laps,19,69,
3395,2018,20,hulkenberg,renault,19,Overheating,13,32,
3396,2018,20,ericsson,sauber,20,Collision,6,20,
3397,2018,21,hamilton,mercedes,1,Finished,1,55,
3398,2018,21,vettel,ferrari,2,Finished,3,55,
3399,2018,21,max_verstappen,red_bull,3,Finished,6,55,
3400,2018,21,ricciardo,red_bull,4,Finished,5,55,
3401,2018,21,bottas,mercedes,5,Finished,2,55,
3402,2018,21,sainz,renault,6,Finished,11,55,
3403,2018,21,leclerc,sauber,7,Finished,8,55,
3404,2018,21,perez,force_india,8,Finished,14,55,
3405,2018,21,grosjean,haas,9,+1 Lap,7,54,
3406,2018,21,kevin_magnussen,haas,10,+1 Lap,13,54,
3407,2018,21,alonso,mclaren,11,+1 Lap,15,54,
3408,2018,21,brendon_hartley,toro_rosso,12,+1 Lap,16,54,
3409,2018,21,stroll,williams,13,+1 Lap,20,54,
3410,2018,21,vandoorne,mclaren,14,+1 Lap,18,54,
3411,2018,21,sirotkin,williams,15,+1 Lap,19,54,
3412,2018,21,gasly,toro_rosso,16,Engine,17,46,
3413,2018,21,ocon,force_india,17,Engine,9,44,
3414,2018,21,ericsson,sauber,18,Power loss,12,24,
3415,2018,21,raikkonen,ferrari,19,Power loss,4,6,
3416,2018,21,hulkenberg,renault,20,Collision,10,0,
3417,2019,1,bottas,mercedes,1,Finished,2,58,
3418,2019,1,hamilton,mercedes,2,Finished,1,58,
3419,2019,1,max_verstappen,red_bull,3,Finished,4,58,
3420,2019,1,vettel,ferrari,4,Finished,3,58,
3421,2019,1,leclerc,ferrari,5,Finished,5,58,
3422,2019,1,kevin_magnussen,haas,6,Finished,7,58,
3423,2019,1,hulkenberg,renault,7,+1 Lap,11,57,
3424,2019,1,raikkonen,alfa,8,+1 Lap,9,57,
3425,2019,1,stroll,racing_point,9,+1 Lap,16,57,
3426,2019,1,kvyat,toro_rosso,10,+1 Lap,15,57,
3427,2019,1,gasly,red_bull,11,+1 Lap,17,57,
3428,2019,1,norris,mclaren,12,+1 Lap,8,57,
3429,2019,1,perez,racing_point,13,+1 Lap,10,57,
3430,2019,1,albon,toro_rosso,14,+1 Lap,13,57,
3431,2019,1,giovinazzi,alfa,15,+1 Lap,14,57,
3432,2019,1,russell,williams,16,+2 Laps,19,56,
3433,2019,1,kubica,williams,17,+3 Laps,20,55,
3434,2019,1,grosjean,haas,18,Wheel,6,29,
3435,2019,1,ricciardo,renault,19,Damage,12,28,
3436,2019,1,sainz,mclaren,20,Engine,18,9,
3437,2019,2,hamilton,mercedes,1,Finished,3,57,
3438,2019,2,bottas,mercedes,2,Finished,4,57,
3439,2019,2,leclerc,ferrari,3,Finished,1,57,
3440,2019,2,max_verstappen,red_bull,4,Finished,5,57,
3441,2019,2,vettel,ferrari,5,Finished,2,57,
3442,2019,2,norris,mclaren,6,Finished,9,57,
3443,2019,2,raikkonen,alfa,7,Finished,8,57,
3444,2019,2,gasly,red_bull,8,Finished,13,57,
3445,2019,2,albon,toro_rosso,9,Finished,12,57,
3446,2019,2,perez,racing_point,10,Finished,14,57,
3447,2019,2,giovinazzi,alfa,11,Finished,16,57,
3448,2019,2,kvyat,toro_rosso,12,+1 Lap,15,56,
3449,2019,2,kevin_magnussen,haas,13,+1 Lap,6,56,
3450,2019,2,stroll,racing_point,14,+1 Lap,18,56,
3451,2019,2,russell,williams,15,+1 Lap,19,56,
3452,2019,2,kubica,williams,16,+2 Laps,20,55,
3453,2019,2,hulkenberg,renault,17,Engine,17,53,
3454,2019,2,ricciardo,renault,18,Out of fuel,10,53,
3455,2019,2,sainz,mclaren,19,Collision damage,7,53,
3456,2019,2,grosjean,haas,20,Retired,11,16,
3457,2019,3,hamilton,mercedes,1,Finished,2,56,
3458,2019,3,bottas,mercedes,2,Finished,1,56,
3459,2019,3,vettel,ferrari,3,Finished,3,56,
3460,2019,3,max_verstappen,red_bull,4,Finished,5,56,
3461,2019,3,leclerc,ferrari,5,Finished,4,56,
3462,2019,3,gasly,red_bull,6,Finished,6,56,
3463,2019,3,ricciardo,renault,7,+1 Lap,7,55,
3464,2019,3,perez,racing_point,8,+1 Lap,12,55,
3465,2019,3,raikkonen,alfa,9,+1 Lap,13,55,
3466,2019,3,albon,toro_rosso,10,+1 Lap,0,55,
3467,2019,3,grosjean,haas,11,+1 Lap,10,55,
3468,2019,3,stroll,racing_point,12,+1 Lap,16,55,
3469,2019,3,kevin_magnussen,haas,13,+1 Lap,9,55,
3470,2019,3,sainz,mclaren,14,+1 Lap,14,55,
3471,2019,3,giovinazzi,alfa,15,+1 Lap,19,55,
3472,2019,3,russell,williams,16,+2 Laps,17,54,
3473,2019,3,kubica,williams,17,+2 Laps,18,54,
3474,2019,3,norris,mclaren,18,Collision,15,50,
3475,2019,3,kvyat,toro_rosso,19,Collision,11,41,
3476,2019,3,hulkenberg,renault,20,Power Unit,8,16,
3477,2019,4,bottas,mercedes,1,Finished,1,51,
3478,2019,4,hamilton,mercedes,2,Finished,2,51,
3479,2019,4,vettel,ferrari,3,Finished,3,51,
3480,2019,4,max_verstappen,red_bull,4,Finished,4,51,
3481,2019,4,leclerc,ferrari,5,Finished,8,51,
3482,2019,4,perez,racing_point,6,Finished,5,51,
3483,2019,4,sainz,mclaren,7,Finished,9,51,
3484,2019,4,norris,mclaren,8,Finished,7,51,
3485,2019,4,stroll,racing_point,9,Finished,13,51,
3486,2019,4,raikkonen,alfa,10,+1 Lap,0,50,
3487,2019,4,albon,toro_rosso,11,+1 Lap,11,50,
3488,2019,4,giovinazzi,alfa,12,+1 Lap,17,50,
3489,2019,4,kevin_magnussen,haas,13,+1 Lap,12,50,
3490,2019,4,hulkenberg,renault,14,+1 Lap,15,50,
3491,2019,4,russell,williams,15,+2 Laps,16,49,
3492,2019,4,kubica,williams,16,+2 Laps,0,49,
3493,2019,4,gasly,red_bull,17,Transmission,0,38,
3494,2019,4,grosjean,haas,18,Brakes,14,38,
3495,2019,4,kvyat,toro_rosso,19,Collision,6,33,
3496,2019,4,ricciardo,renault,20,Collision,10,31,
3497,2019,5,hamilton,mercedes,1,Finished,2,66,
3498,2019,5,bottas,mercedes,2,Finished,1,66,
3499,2019,5,max_verstappen,red_bull,3,Finished,4,66,
3500,2019,5,vettel,ferrari,4,Finished,3,66,
3501,2019,5,leclerc,ferrari,5,Finished,5,66,
3502,2019,5,gasly,red_bull,6,Finished,6,66,
3503,2019,5,kevin_magnussen,haas,7,Finished,8,66,
3504,2019,5,sainz,mclaren,8,Finished,12,66,
3505,2019,5,kvyat,toro_rosso,9,Finished,9,66,
3506,2019,5,grosjean,haas,10,Finished,7,66,
3507,2019,5,albon,toro_rosso,11,Finished,11,66,
3508,2019,5,ricciardo,renault,12,Finished,13,66,
3509,2019,5,hulkenberg,renault,13,Finished,0,66,
3510,2019,5,raikkonen,alfa,14,Finished,14,66,
3511,2019,5,perez,racing_point,15,Finished,15,66,
3512,2019,5,giovinazzi,alfa,16,Finished,18,66,
3513,2019,5,russell,williams,17,+1 Lap,19,65,
3514,2019,5,kubica,williams,18,+1 Lap,17,65,
3515,2019,5,stroll,racing_point,19,Collision,16,44,
3516,2019,5,norris,mclaren,20,Collision,10,44,
3517,2019,6,hamilton,mercedes,1,Finished,1,78,
3518,2019,6,vettel,ferrari,2,Finished,4,78,
3519,2019,6,bottas,mercedes,3,Finished,2,78,
3520,2019,6,max_verstappen,red_bull,4,Finished,3,78,
3521,2019,6,gasly,red_bull,5,Finished,8,78,
3522,2019,6,sainz,mclaren,6,Finished,9,78,
3523,2019,6,kvyat,toro_rosso,7,Finished,7,78,
3524,2019,6,albon,toro_rosso,8,Finished,10,78,
3525,2019,6,ricciardo,renault,9,Finished,6,78,
3526,2019,6,grosjean,haas,10,Finished,13,78,
3527,2019,6,norris,mclaren,11,Finished,12,78,
3528,2019,6,perez,racing_point,12,+1 Lap,16,77,
3529,2019,6,hulkenberg,renault,13,+1 Lap,11,77,
3530,2019,6,kevin_magnussen,haas,14,+1 Lap,5,77,
3531,2019,6,russell,williams,15,+1 Lap,19,77,
3532,2019,6,stroll,racing_point,16,+1 Lap,17,77,
3533,2019,6,raikkonen,alfa,17,+1 Lap,14,77,
3534,2019,6,kubica,williams,18,+1 Lap,20,77,
3535,2019,6,giovinazzi,alfa,19,+2 Laps,18,76,
3536,2019,6,leclerc,ferrari,20,Collision,15,16,
3537,2019,7,hamilton,mercedes,1,Finished,2,70,
3538,2019,7,vettel,ferrari,2,Finished,1,70,
3539,2019,7,leclerc,ferrari,3,Finished,3,70,
3540,2019,7,bottas,mercedes,4,Finished,6,70,
3541,2019,7,max_verstappen,red_bull,5,Finished,9,70,
3542,2019,7,ricciardo,renault,6,+1 Lap,4,69,
3543,2019,7,hulkenberg,renault,7,+1 Lap,7,69,
3544,2019,7,gasly,red_bull,8,+1 Lap,5,69,
3545,2019,7,stroll,racing_point,9,+1 Lap,17,69,
3546,2019,7,kvyat,toro_rosso,10,+1 Lap,10,69,
3547,2019,7,sainz,mclaren,11,+1 Lap,11,69,
3548,2019,7,perez,racing_point,12,+1 Lap,15,69,
3549,2019,7,giovinazzi,alfa,13,+1 Lap,12,69,
3550,2019,7,grosjean,haas,14,+1 Lap,14,69,
3551,2019,7,raikkonen,alfa,15,+1 Lap,16,69,
3552,2019,7,russell,williams,16,+2 Laps,18,68,
3553,2019,7,kevin_magnussen,haas,17,+2 Laps,0,68,
3554,2019,7,kubica,williams,18,+3 Laps,19,67,
3555,2019,7,albon,toro_rosso,19,Collision damage,13,59,
3556,2019,7,norris,mclaren,20,Suspension,8,8,
3557,2019,8,hamilton,mercedes,1,Finished,1,53,
3558,2019,8,bottas,mercedes,2,Finished,2,53,
3559,2019,8,leclerc,ferrari,3,Finished,3,53,
3560,2019,8,max_verstappen,red_bull,4,Finished,4,53,
3561,2019,8,vettel,ferrari,5,Finished,7,53,
3562,2019,8,sainz,mclaren,6,Finished,6,53,
3563,2019,8,raikkonen,alfa,7,+1 Lap,12,52,
3564,2019,8,hulkenberg,renault,8,+1 Lap,13,52,
3565,2019,8,norris,mclaren,9,+1 Lap,5,52,
3566,2019,8,gasly,red_bull,10,+1 Lap,9,52,
3567,2019,8,ricciardo,renault,11,+1 Lap,8,52,
3568,2019,8,perez,racing_point,12,+1 Lap,14,52,
3569,2019,8,stroll,racing_point,13,+1 Lap,17,52,
3570,2019,8,kvyat,toro_rosso,14,+1 Lap,19,52,
3571,2019,8,albon,toro_rosso,15,+1 Lap,11,52,
3572,2019,8,giovinazzi,alfa,16,+1 Lap,10,52,
3573,2019,8,kevin_magnussen,haas,17,+1 Lap,15,52,
3574,2019,8,kubica,williams,18,+2 Laps,18,51,
3575,2019,8,russell,williams,19,+2 Laps,20,51,
3576,2019,8,grosjean,haas,20,Retired,16,44,
3577,2019,9,max_verstappen,red_bull,1,Finished,2,71,
3578,2019,9,leclerc,ferrari,2,Finished,1,71,
3579,2019,9,bottas,mercedes,3,Finished,3,71,
3580,2019,9,vettel,ferrari,4,Finished,9,71,
3581,2019,9,hamilton,mercedes,5,Finished,4,71,
3582,2019,9,norris,mclaren,6,+1 Lap,5,70,
3583,2019,9,gasly,red_bull,7,+1 Lap,8,70,
3584,2019,9,sainz,mclaren,8,+1 Lap,19,70,
3585,2019,9,raikkonen,alfa,9,+1 Lap,6,70,
3586,2019,9,giovinazzi,alfa,10,+1 Lap,7,70,
3587,2019,9,perez,racing_point,11,+1 Lap,13,70,
3588,2019,9,ricciardo,renault,12,+1 Lap,12,70,
3589,2019,9,hulkenberg,renault,13,+1 Lap,15,70,
3590,2019,9,stroll,racing_point,14,+1 Lap,14,70,
3591,2019,9,albon,toro_rosso,15,+1 Lap,18,70,
3592,2019,9,grosjean,haas,16,+1 Lap,11,70,
3593,2019,9,kvyat,toro_rosso,17,+1 Lap,16,70,
3594,2019,9,russell,williams,18,+2 Laps,0,69,
3595,2019,9,kevin_magnussen,haas,19,+2 Laps,10,69,
3596,2019,9,kubica,williams,20,+3 Laps,17,68,
3597,2019,10,hamilton,mercedes,1,Finished,2,52,
3598,2019,10,bottas,mercedes,2,Finished,1,52,
3599,2019,10,leclerc,ferrari,3,Finished,3,52,
3600,2019,10,gasly,red_bull,4,Finished,5,52,
3601,2019,10,max_verstappen,red_bull,5,Finished,4,52,
3602,2019,10,sainz,mclaren,6,Finished,13,52,
3603,2019,10,ricciardo,renault,7,Finished,7,52,
3604,2019,10,raikkonen,alfa,8,Finished,12,52,
3605,2019,10,kvyat,toro_rosso,9,Finished,17,52,
3606,2019,10,hulkenberg,renault,10,Finished,10,52,
3607,2019,10,norris,mclaren,11,Finished,8,52,
3608,2019,10,albon,toro_rosso,12,Finished,9,52,
3609,2019,10,stroll,racing_point,13,Finished,18,52,
3610,2019,10,russell,williams,14,+1 Lap,19,51,
3611,2019,10,kubica,williams,15,+1 Lap,20,51,
3612,2019,10,vettel,ferrari,16,+1 Lap,6,51,
3613,2019,10,perez,racing_point,17,+1 Lap,15,51,
3614,2019,10,giovinazzi,alfa,18,Spun off,11,18,
3615,2019,10,grosjean,haas,19,Collision,14,9,
3616,2019,10,kevin_magnussen,haas,20,Collision,16,6,
3617,2019,11,max_verstappen,red_bull,1,Finished,2,64,
3618,2019,11,vettel,ferrari,2,Finished,20,64,
3619,2019,11,kvyat,toro_rosso,3,Finished,14,64,
3620,2019,11,stroll,racing_point,4,Finished,15,64,
3621,2019,11,sainz,mclaren,5,Finished,7,64,
3622,2019,11,albon,toro_rosso,6,Finished,16,64,
3623,2019,11,grosjean,haas,7,Finished,6,64,
3624,2019,11,kevin_magnussen,haas,8,Finished,12,64,
3625,2019,11,hamilton,mercedes,9,Finished,1,64,
3626,2019,11,kubica,williams,10,Finished,18,64,
3627,2019,11,russell,williams,11,Finished,17,64,
3628,2019,11,raikkonen,alfa,12,Finished,5,64,
3629,2019,11,giovinazzi,alfa,13,Finished,11,64,
3630,2019,11,gasly,red_bull,14,Collision,4,61,
3631,2019,11,bottas,mercedes,15,Accident,3,56,
3632,2019,11,hulkenberg,renault,16,Accident,9,39,
3633,2019,11,leclerc,ferrari,17,Accident,10,27,
3634,2019,11,norris,mclaren,18,Power loss,19,25,
3635,2019,11,ricciardo,renault,19,Exhaust,13,13,
3636,2019,11,perez,racing_point,20,Spun off,8,1,
3637,2019,12,hamilton,mercedes,1,Finished,3,70,
3638,2019,12,max_verstappen,red_bull,2,Finished,1,70,
3639,2019,12,vettel,ferrari,3,Finished,5,70,
3640,2019,12,leclerc,ferrari,4,Finished,4,70,
3641,2019,12,sainz,mclaren,5,+1 Lap,8,69,
3642,2019,12,gasly,red_bull,6,+1 Lap,6,69,
3643,2019,12,raikkonen,alfa,7,+1 Lap,10,69,
3644,2019,12,bottas,mercedes,8,+1 Lap,2,69,
3645,2019,12,norris,mclaren,9,+1 Lap,7,69,
3646,2019,12,albon,toro_rosso,10,+1 Lap,12,69,
3647,2019,12,perez,racing_point,11,+1 Lap,16,69,
3648,2019,12,hulkenberg,renault,12,+1 Lap,11,69,
3649,2019,12,kevin_magnussen,haas,13,+1 Lap,14,69,
3650,2019,12,ricciardo,renault,14,+1 Lap,20,69,
3651,2019,12,kvyat,toro_rosso,15,+2 Laps,13,68,
3652,2019,12,russell,williams,16,+2 Laps,15,68,
3653,2019,12,stroll,racing_point,17,+2 Laps,18,68,
3654,2019,12,giovinazzi,alfa,18,+2 Laps,17,68,
3655,2019,12,kubica,williams,19,+3 Laps,19,67,
3656,2019,12,grosjean,haas,20,Water pressure,9,49,
3657,2019,13,leclerc,ferrari,1,Finished,1,44,
3658,2019,13,hamilton,mercedes,2,Finished,3,44,
3659,2019,13,bottas,mercedes,3,Finished,4,44,
3660,2019,13,vettel,ferrari,4,Finished,2,44,
3661,2019,13,albon,red_bull,5,Finished,17,44,
3662,2019,13,perez,racing_point,6,Finished,7,44,
3663,2019,13,kvyat,toro_rosso,7,Finished,19,44,
3664,2019,13,hulkenberg,renault,8,Finished,12,44,
3665,2019,13,gasly,toro_rosso,9,Finished,13,44,
3666,2019,13,stroll,racing_point,10,Finished,16,44,
3667,2019,13,norris,mclaren,11,Engine,11,43,
3668,2019,13,kevin_magnussen,haas,12,+1 Lap,8,43,
3669,2019,13,grosjean,haas,13,+1 Lap,9,43,
3670,2019,13,ricciardo,renault,14,+1 Lap,10,43,
3671,2019,13,russell,williams,15,+1 Lap,14,43,
3672,2019,13,raikkonen,alfa,16,+1 Lap,6,43,
3673,2019,13,kubica,williams,17,+1 Lap,0,43,
3674,2019,13,giovinazzi,alfa,18,Accident,18,42,
3675,2019,13,sainz,mclaren,19,Power loss,15,1,
3676,2019,13,max_verstappen,red_bull,20,Accident,5,0,
3677,2019,14,leclerc,ferrari,1,Finished,1,53,
3678,2019,14,bottas,mercedes,2,Finished,3,53,
3679,2019,14,hamilton,mercedes,3,Finished,2,53,
3680,2019,14,ricciardo,renault,4,Finished,5,53,
3681,2019,14,hulkenberg,renault,5,Finished,6,53,
3682,2019,14,albon,red_bull,6,Finished,8,53,
3683,2019,14,perez,racing_point,7,Finished,18,53,
3684,2019,14,max_verstappen,red_bull,8,Finished,19,53,
3685,2019,14,giovinazzi,alfa,9,+1 Lap,10,52,
3686,2019,14,norris,mclaren,10,+1 Lap,16,52,
3687,2019,14,gasly,toro_rosso,11,+1 Lap,17,52,
3688,2019,14,stroll,racing_point,12,+1 Lap,9,52,
3689,2019,14,vettel,ferrari,13,+1 Lap,4,52,
3690,2019,14,russell,williams,14,+1 Lap,14,52,
3691,2019,14,raikkonen,alfa,15,+1 Lap,0,52,
3692,2019,14,grosjean,haas,16,+1 Lap,13,52,
3693,2019,14,kubica,williams,17,+2 Laps,15,51,
3694,2019,14,kevin_magnussen,haas,18,Hydraulics,11,43,
3695,2019,14,kvyat,toro_rosso,19,Engine,12,29,
3696,2019,14,sainz,mclaren,20,Wheel,7,27,
3697,2019,15,vettel,ferrari,1,Finished,3,61,
3698,2019,15,leclerc,ferrari,2,Finished,1,61,
3699,2019,15,max_verstappen,red_bull,3,Finished,4,61,
3700,2019,15,hamilton,mercedes,4,Finished,2,61,
3701,2019,15,bottas,mercedes,5,Finished,5,61,
3702,2019,15,albon,red_bull,6,Finished,6,61,
3703,2019,15,norris,mclaren,7,Finished,9,61,
3704,2019,15,gasly,toro_rosso,8,Finished,11,61,
3705,2019,15,hulkenberg,renault,9,Finished,8,61,
3706,2019,15,giovinazzi,alfa,10,Finished,10,61,
3707,2019,15,grosjean,haas,11,Finished,17,61,
3708,2019,15,sainz,mclaren,12,Finished,7,61,
3709,2019,15,stroll,racing_point,13,Finished,16,61,
3710,2019,15,ricciardo,renault,14,Finished,20,61,
3711,2019,15,kvyat,toro_rosso,15,Finished,14,61,
3712,2019,15,kubica,williams,16,Finished,19,61,
3713,2019,15,kevin_magnussen,haas,17,Finished,13,61,
3714,2019,15,raikkonen,alfa,18,Collision,12,49,
3715,2019,15,perez,racing_point,19,Engine,15,42,
3716,2019,15,russell,williams,20,Collision,18,34,
3717,2019,16,hamilton,mercedes,1,Finished,2,53,
3718,2019,16,bottas,mercedes,2,Finished,4,53,
3719,2019,16,leclerc,ferrari,3,Finished,1,53,
3720,2019,16,max_verstappen,red_bull,4,Finished,9,53,
3721,2019,16,albon,red_bull,5,Finished,0,53,
3722,2019,16,sainz,mclaren,6,Finished,5,53,
3723,2019,16,perez,racing_point,7,Finished,11,53,
3724,2019,16,norris,mclaren,8,Finished,7,53,
3725,2019,16,kevin_magnussen,haas,9,Finished,13,53,
3726,2019,16,hulkenberg,renault,10,Finished,6,53,
3727,2019,16,stroll,racing_point,11,Finished,14,53,
3728,2019,16,kvyat,toro_rosso,12,Finished,19,53,
3729,2019,16,raikkonen,alfa,13,Finished,15,53,
3730,2019,16,gasly,toro_rosso,14,Finished,16,53,
3731,2019,16,giovinazzi,alfa,15,Finished,12,53,
3732,2019,16,kubica,williams,16,Brakes,18,28,
3733,2019,16,russell,williams,17,Brakes,17,27,
3734,2019,16,vettel,ferrari,18,Power loss,3,26,
3735,2019,16,ricciardo,renault,19,Collision,10,24,
3736,2019,16,grosjean,haas,20,Collision,8,0,
3737,2019,17,bottas,mercedes,1,Finished,3,52,
3738,2019,17,vettel,ferrari,2,Finished,1,52,
3739,2019,17,hamilton,mercedes,3,Finished,4,52,
3740,2019,17,albon,red_bull,4,Finished,6,52,
3741,2019,17,sainz,mclaren,5,Finished,7,52,
3742,2019,17,leclerc,ferrari,6,+1 Lap,2,51,
3743,2019,17,gasly,toro_rosso,7,+1 Lap,9,51,
3744,2019,17,perez,racing_point,8,+1 Lap,17,51,
3745,2019,17,stroll,racing_point,9,+1 Lap,12,51,
3746,2019,17,kvyat,toro_rosso,10,+1 Lap,14,51,
3747,2019,17,norris,mclaren,11,+1 Lap,8,51,
3748,2019,17,raikkonen,alfa,12,+1 Lap,13,51,
3749,2019,17,grosjean,haas,13,+1 Lap,10,51,
3750,2019,17,giovinazzi,alfa,14,+1 Lap,11,51,
3751,2019,17,kevin_magnussen,haas,15,+1 Lap,19,51,
3752,2019,17,russell,williams,16,+2 Laps,18,50,
3753,2019,17,kubica,williams,17,+2 Laps,0,50,
3754,2019,17,max_verstappen,red_bull,18,Brakes,5,14,
3755,2019,17,ricciardo,renault,19,Disqualified,16,51,
3756,2019,17,hulkenberg,renault,20,Disqualified,15,51,
3757,2019,18,hamilton,mercedes,1,Finished,3,71,
3758,2019,18,vettel,ferrari,2,Finished,2,71,
3759,2019,18,bottas,mercedes,3,Finished,6,71,
3760,2019,18,leclerc,ferrari,4,Finished,1,71,
3761,2019,18,albon,red_bull,5,Finished,5,71,
3762,2019,18,max_verstappen,red_bull,6,Finished,4,71,
3763,2019,18,perez,racing_point,7,Finished,11,71,
3764,2019,18,ricciardo,renault,8,Finished,13,71,
3765,2019,18,gasly,toro_rosso,9,+1 Lap,10,70,
3766,2019,18,hulkenberg,renault,10,+1 Lap,12,70,
3767,2019,18,kvyat,toro_rosso,11,+1 Lap,9,70,
3768,2019,18,stroll,racing_point,12,+1 Lap,16,70,
3769,2019,18,sainz,mclaren,13,+1 Lap,7,70,
3770,2019,18,giovinazzi,alfa,14,+1 Lap,15,70,
3771,2019,18,kevin_magnussen,haas,15,+2 Laps,17,69,
3772,2019,18,russell,williams,16,+2 Laps,19,69,
3773,2019,18,grosjean,haas,17,+2 Laps,18,69,
3774,2019,18,kubica,williams,18,+2 Laps,20,69,
3775,2019,18,raikkonen,alfa,19,Overheating,14,58,
3776,2019,18,norris,mclaren,20,Withdrew,8,48,
3777,2019,19,bottas,mercedes,1,Finished,1,56,
3778,2019,19,hamilton,mercedes,2,Finished,5,56,
3779,2019,19,max_verstappen,red_bull,3,Finished,3,56,
3780,2019,19,leclerc,ferrari,4,Finished,4,56,
3781,2019,19,albon,red_bull,5,Finished,6,56,
3782,2019,19,ricciardo,renault,6,Finished,9,56,
3783,2019,19,norris,mclaren,7,Finished,8,56,
3784,2019,19,sainz,mclaren,8,+1 Lap,7,55,
3785,2019,19,hulkenberg,renault,9,+1 Lap,11,55,
3786,2019,19,perez,racing_point,10,+1 Lap,0,55,
3787,2019,19,raikkonen,alfa,11,+1 Lap,17,55,
3788,2019,19,kvyat,toro_rosso,12,+1 Lap,13,55,
3789,2019,19,stroll,racing_point,13,+1 Lap,14,55,
3790,2019,19,giovinazzi,alfa,14,+1 Lap,16,55,
3791,2019,19,grosjean,haas,15,+1 Lap,15,55,
3792,2019,19,gasly,toro_rosso,16,Suspension,10,54,
3793,2019,19,russell,williams,17,+2 Laps,18,54,
3794,2019,19,kevin_magnussen,haas,18,Brakes,12,52,
3795,2019,19,kubica,williams,19,Oil leak,19,31,
3796,2019,19,vettel,ferrari,20,Suspension,2,7,
3797,2019,20,max_verstappen,red_bull,1,Finished,1,71,
3798,2019,20,gasly,toro_rosso,2,Finished,6,71,
3799,2019,20,sainz,mclaren,3,Finished,20,71,
3800,2019,20,raikkonen,alfa,4,Finished,8,71,
3801,2019,20,giovinazzi,alfa,5,Finished,12,71,
3802,2019,20,ricciardo,renault,6,Finished,11,71,
3803,2019,20,hamilton,mercedes,7,Finished,3,71,
3804,2019,20,norris,mclaren,8,Finished,10,71,
3805,2019,20,perez,racing_point,9,Finished,15,71,
3806,2019,20,kvyat,toro_rosso,10,Finished,16,71,
3807,2019,20,kevin_magnussen,haas,11,Finished,9,71,
3808,2019,20,russell,williams,12,Finished,18,71,
3809,2019,20,grosjean,haas,13,Finished,7,71,
3810,2019,20,albon,red_bull,14,Finished,5,71,
3811,2019,20,hulkenberg,renault,15,Finished,13,71,
3812,2019,20,kubica,williams,16,+1 Lap,19,70,
3813,2019,20,vettel,ferrari,17,Collision,2,65,
3814,2019,20,leclerc,ferrari,18,Collision,14,65,
3815,2019,20,stroll,racing_point,19,Suspension,17,65,
3816,2019,20,bottas,mercedes,20,Power Unit,4,51,
3817,2019,21,hamilton,mercedes,1,Finished,1,55,
3818,2019,21,max_verstappen,red_bull,2,Finished,2,55,
3819,2019,21,leclerc,ferrari,3,Finished,3,55,
3820,2019,21,bottas,mercedes,4,Finished,20,55,
3821,2019,21,vettel,ferrari,5,Finished,4,55,
3822,2019,21,albon,red_bull,6,Finished,5,55,
3823,2019,21,perez,racing_point,7,+1 Lap,10,54,
3824,2019,21,norris,mclaren,8,+1 Lap,6,54,
3825,2019,21,kvyat,toro_rosso,9,+1 Lap,13,54,
3826,2019,21,sainz,mclaren,10,+1 Lap,8,54,
3827,2019,21,ricciardo,renault,11,+1 Lap,7,54,
3828,2019,21,hulkenberg,renault,12,+1 Lap,9,54,
3829,2019,21,raikkonen,alfa,13,+1 Lap,17,54,
3830,2019,21,kevin_magnussen,haas,14,+1 Lap,14,54,
3831,2019,21,grosjean,haas,15,+1 Lap,15,54,
3832,2019,21,giovinazzi,alfa,16,+1 Lap,16,54,
3833,2019,21,russell,williams,17,+1 Lap,18,54,
3834,2019,21,gasly,toro_rosso,18,+2 Laps,11,53,
3835,2019,21,kubica,williams,19,+2 Laps,19,53,
3836,2019,21,stroll,racing_point,20,Brakes,12,45,
3837,2020,1,bottas,mercedes,1,Finished,1,71,
3838,2020,1,leclerc,ferrari,2,Finished,7,71,
3839,2020,1,norris,mclaren,3,Finished,3,71,
3840,2020,1,hamilton,mercedes,4,Finished,5,71,
3841,2020,1,sainz,mclaren,5,Finished,8,71,
3842,2020,1,perez,racing_point,6,Finished,6,71,
3843,2020,1,gasly,alphatauri,7,Finished,12,71,
3844,2020,1,ocon,renault,8,Finished,14,71,
3845,2020,1,giovinazzi,alfa,9,Finished,18,71,
3846,2020,1,vettel,ferrari,10,Finished,11,71,
3847,2020,1,latifi,williams,11,Finished,20,71,
3848,2020,1,kvyat,alphatauri,12,Suspension,13,69,
3849,2020,1,albon,red_bull,13,Electronics,4,67,
3850,2020,1,raikkonen,alfa,14,Wheel,19,53,
3851,2020,1,russell,williams,15,Fuel pressure,17,49,
3852,2020,1,grosjean,haas,16,Brakes,15,49,
3853,2020,1,kevin_magnussen,haas,17,Brakes,16,24,
3854,2020,1,stroll,racing_point,18,Engine,9,20,
3855,2020,1,ricciardo,renault,19,Overheating,10,17,
3856,2020,1,max_verstappen,red_bull,20,Electronics,2,11,
3857,2020,2,hamilton,mercedes,1,Finished,1,71,
3858,2020,2,bottas,mercedes,2,Finished,4,71,
3859,2020,2,max_verstappen,red_bull,3,Finished,2,71,
3860,2020,2,albon,red_bull,4,Finished,6,71,
3861,2020,2,norris,mclaren,5,Finished,9,71,
3862,2020,2,perez,racing_point,6,Finished,17,71,
3863,2020,2,stroll,racing_point,7,Finished,12,71,
3864,2020,2,ricciardo,renault,8,Finished,8,71,
3865,2020,2,sainz,mclaren,9,+1 Lap,3,70,
3866,2020,2,kvyat,alphatauri,10,+1 Lap,13,70,
3867,2020,2,raikkonen,alfa,11,+1 Lap,16,70,
3868,2020,2,kevin_magnussen,haas,12,+1 Lap,15,70,
3869,2020,2,grosjean,haas,13,+1 Lap,0,70,
3870,2020,2,giovinazzi,alfa,14,+1 Lap,19,70,
3871,2020,2,gasly,alphatauri,15,+1 Lap,7,70,
3872,2020,2,russell,williams,16,+2 Laps,11,69,
3873,2020,2,latifi,williams,17,+2 Laps,18,69,
3874,2020,2,ocon,renault,18,Overheating,5,25,
3875,2020,2,leclerc,ferrari,19,Collision damage,14,4,
3876,2020,2,vettel,ferrari,20,Collision damage,10,1,
3877,2020,3,hamilton,mercedes,1,Finished,1,70,
3878,2020,3,max_verstappen,red_bull,2,Finished,7,70,
3879,2020,3,bottas,mercedes,3,Finished,2,70,
3880,2020,3,stroll,racing_point,4,Finished,3,70,
3881,2020,3,albon,red_bull,5,Finished,13,70,
3882,2020,3,vettel,ferrari,6,+1 Lap,5,69,
3883,2020,3,perez,racing_point,7,+1 Lap,4,69,
3884,2020,3,ricciardo,renault,8,+1 Lap,11,69,
3885,2020,3,sainz,mclaren,9,+1 Lap,9,69,
3886,2020,3,kevin_magnussen,haas,10,+1 Lap,0,69,
3887,2020,3,leclerc,ferrari,11,+1 Lap,6,69,
3888,2020,3,kvyat,alphatauri,12,+1 Lap,17,69,
3889,2020,3,norris,mclaren,13,+1 Lap,8,69,
3890,2020,3,ocon,renault,14,+1 Lap,14,69,
3891,2020,3,raikkonen,alfa,15,+1 Lap,20,69,
3892,2020,3,grosjean,haas,16,+1 Lap,0,69,
3893,2020,3,giovinazzi,alfa,17,+1 Lap,19,69,
3894,2020,3,russell,williams,18,+1 Lap,12,69,
3895,2020,3,latifi,williams,19,+5 Laps,15,65,
3896,2020,3,gasly,alphatauri,20,Engine,10,15,
3897,2020,4,hamilton,mercedes,1,Finished,1,52,
3898,2020,4,max_verstappen,red_bull,2,Finished,3,52,
3899,2020,4,leclerc,ferrari,3,Finished,4,52,
3900,2020,4,ricciardo,renault,4,Finished,8,52,
3901,2020,4,norris,mclaren,5,Finished,5,52,
3902,2020,4,ocon,renault,6,Finished,9,52,
3903,2020,4,gasly,alphatauri,7,Finished,11,52,
3904,2020,4,albon,red_bull,8,Finished,12,52,
3905,2020,4,stroll,racing_point,9,Finished,6,52,
3906,2020,4,vettel,ferrari,10,Finished,10,52,
3907,2020,4,bottas,mercedes,11,Finished,2,52,
3908,2020,4,russell,williams,12,Finished,20,52,
3909,2020,4,sainz,mclaren,13,Finished,7,52,
3910,2020,4,giovinazzi,alfa,14,Finished,15,52,
3911,2020,4,latifi,williams,15,Finished,18,52,
3912,2020,4,grosjean,haas,16,Finished,17,52,
3913,2020,4,raikkonen,alfa,17,+1 Lap,16,51,
3914,2020,4,kvyat,alphatauri,18,Accident,19,11,
3915,2020,4,kevin_magnussen,haas,19,Collision,14,1,
3916,2020,4,hulkenberg,racing_point,20,Power Unit,13,0,
3917,2020,5,max_verstappen,red_bull,1,Finished,4,52,
3918,2020,5,hamilton,mercedes,2,Finished,2,52,
3919,2020,5,bottas,mercedes,3,Finished,1,52,
3920,2020,5,leclerc,ferrari,4,Finished,8,52,
3921,2020,5,albon,red_bull,5,Finished,9,52,
3922,2020,5,stroll,racing_point,6,Finished,6,52,
3923,2020,5,hulkenberg,racing_point,7,Finished,3,52,
3924,2020,5,ocon,renault,8,Finished,14,52,
3925,2020,5,norris,mclaren,9,Finished,10,52,
3926,2020,5,kvyat,alphatauri,10,Finished,16,52,
3927,2020,5,gasly,alphatauri,11,Finished,7,52,
3928,2020,5,vettel,ferrari,12,Finished,11,52,
3929,2020,5,sainz,mclaren,13,Finished,12,52,
3930,2020,5,ricciardo,renault,14,+1 Lap,5,51,
3931,2020,5,raikkonen,alfa,15,+1 Lap,20,51,
3932,2020,5,grosjean,haas,16,+1 Lap,13,51,
3933,2020,5,giovinazzi,alfa,17,+1 Lap,19,51,
3934,2020,5,russell,williams,18,+1 Lap,15,51,
3935,2020,5,latifi,williams,19,+1 Lap,18,51,
3936,2020,5,kevin_magnussen,haas,20,Retired,17,43,
3937,2020,6,hamilton,mercedes,1,Finished,1,66,
3938,2020,6,max_verstappen,red_bull,2,Finished,3,66,
3939,2020,6,bottas,mercedes,3,Finished,2,66,
3940,2020,6,stroll,racing_point,4,+1 Lap,5,65,
3941,2020,6,perez,racing_point,5,+1 Lap,4,65,
3942,2020,6,sainz,mclaren,6,+1 Lap,7,65,
3943,2020,6,vettel,ferrari,7,+1 Lap,11,65,
3944,2020,6,albon,red_bull,8,+1 Lap,6,65,
3945,2020,6,gasly,alphatauri,9,+1 Lap,10,65,
3946,2020,6,norris,mclaren,10,+1 Lap,8,65,
3947,2020,6,ricciardo,renault,11,+1 Lap,13,65,
3948,2020,6,kvyat,alphatauri,12,+1 Lap,12,65,
3949,2020,6,ocon,renault,13,+1 Lap,15,65,
3950,2020,6,raikkonen,alfa,14,+1 Lap,14,65,
3951,2020,6,kevin_magnussen,haas,15,+1 Lap,16,65,
3952,2020,6,giovinazzi,alfa,16,+1 Lap,20,65,
3953,2020,6,russell,williams,17,+1 Lap,18,65,
3954,2020,6,latifi,williams,18,+2 Laps,19,64,
3955,2020,6,grosjean,haas,19,+2 Laps,17,64,
3956,2020,6,leclerc,ferrari,20,Electronics,9,38,
3957,2020,7,hamilton,mercedes,1,Finished,1,44,
3958,2020,7,bottas,mercedes,2,Finished,2,44,
3959,2020,7,max_verstappen,red_bull,3,Finished,3,44,
3960,2020,7,ricciardo,renault,4,Finished,4,44,
3961,2020,7,ocon,renault,5,Finished,6,44,
3962,2020,7,albon,red_bull,6,Finished,5,44,
3963,2020,7,norris,mclaren,7,Finished,10,44,
3964,2020,7,gasly,alphatauri,8,Finished,12,44,
3965,2020,7,stroll,racing_point,9,Finished,9,44,
3966,2020,7,perez,racing_point,10,Finished,8,44,
3967,2020,7,kvyat,alphatauri,11,Finished,11,44,
3968,2020,7,raikkonen,alfa,12,Finished,16,44,
3969,2020,7,vettel,ferrari,13,Finished,14,44,
3970,2020,7,leclerc,ferrari,14,Finished,13,44,
3971,2020,7,grosjean,haas,15,Finished,17,44,
3972,2020,7,latifi,williams,16,Finished,19,44,
3973,2020,7,kevin_magnussen,haas,17,Finished,20,44,
3974,2020,7,giovinazzi,alfa,18,Accident,18,9,
3975,2020,7,russell,williams,19,Debris,15,9,
3976,2020,7,sainz,mclaren,20,Exhaust,7,0,
3977,2020,8,gasly,alphatauri,1,Finished,10,53,
3978,2020,8,sainz,mclaren,2,Finished,3,53,
3979,2020,8,stroll,racing_point,3,Finished,8,53,
3980,2020,8,norris,mclaren,4,Finished,6,53,
3981,2020,8,bottas,mercedes,5,Finished,2,53,
3982,2020,8,ricciardo,renault,6,Finished,7,53,
3983,2020,8,hamilton,mercedes,7,Finished,1,53,
3984,2020,8,ocon,renault,8,Finished,12,53,
3985,2020,8,kvyat,alphatauri,9,Finished,11,53,
3986,2020,8,perez,racing_point,10,Finished,4,53,
3987,2020,8,latifi,williams,11,Finished,20,53,
3988,2020,8,grosjean,haas,12,Finished,16,53,
3989,2020,8,raikkonen,alfa,13,Finished,14,53,
3990,2020,8,russell,williams,14,Finished,19,53,
3991,2020,8,albon,red_bull,15,Finished,9,53,
3992,2020,8,giovinazzi,alfa,16,Finished,18,53,
3993,2020,8,max_verstappen,red_bull,17,Power Unit,5,30,
3994,2020,8,leclerc,ferrari,18,Accident,13,23,
3995,2020,8,kevin_magnussen,haas,19,Power Unit,15,17,
3996,2020,8,vettel,ferrari,20,Brakes,17,6,
3997,2020,9,hamilton,mercedes,1,Finished,1,59,
3998,2020,9,bottas,mercedes,2,Finished,2,59,
3999,2020,9,albon,red_bull,3,Finished,4,59,
4000,2020,9,ricciardo,renault,4,Finished,8,59,
4001,2020,9,perez,racing_point,5,Finished,7,59,
4002,2020,9,norris,mclaren,6,Finished,11,59,
4003,2020,9,kvyat,alphatauri,7,Finished,12,59,
4004,2020,9,leclerc,ferrari,8,Finished,5,59,
4005,2020,9,raikkonen,alfa,9,Finished,13,59,
4006,2020,9,vettel,ferrari,10,Finished,14,59,
4007,2020,9,russell,williams,11,Finished,18,59,
4008,2020,9,grosjean,haas,12,Finished,15,59,
4009,2020,9,stroll,racing_point,13,Puncture,6,42,
4010,2020,9,ocon,renault,14,Brakes,10,7,
4011,2020,9,latifi,williams,15,Collision,19,6,
4012,2020,9,kevin_magnussen,haas,16,Collision,20,5,
4013,2020,9,giovinazzi,alfa,17,Collision,17,5,
4014,2020,9,sainz,mclaren,18,Collision,9,5,
4015,2020,9,max_verstappen,red_bull,19,Collision,3,0,
4016,2020,9,gasly,alphatauri,20,Collision,16,0,
4017,2020,10,bottas,mercedes,1,Finished,3,53,
4018,2020,10,max_verstappen,red_bull,2,Finished,2,53,
4019,2020,10,hamilton,mercedes,3,Finished,1,53,
4020,2020,10,perez,racing_point,4,Finished,4,53,
4021,2020,10,ricciardo,renault,5,Finished,5,53,
4022,2020,10,leclerc,ferrari,6,Finished,10,53,
4023,2020,10,ocon,renault,7,Finished,7,53,
4024,2020,10,kvyat,alphatauri,8,Finished,11,53,
4025,2020,10,gasly,alphatauri,9,Finished,9,53,
4026,2020,10,albon,red_bull,10,Finished,15,53,
4027,2020,10,giovinazzi,alfa,11,+1 Lap,17,52,
4028,2020,10,kevin_magnussen,haas,12,+1 Lap,18,52,
4029,2020,10,vettel,ferrari,13,+1 Lap,14,52,
4030,2020,10,raikkonen,alfa,14,+1 Lap,19,52,
4031,2020,10,norris,mclaren,15,+1 Lap,8,52,
4032,2020,10,latifi,williams,16,+1 Lap,20,52,
4033,2020,10,grosjean,haas,17,+1 Lap,16,52,
4034,2020,10,russell,williams,18,+1 Lap,13,52,
4035,2020,10,sainz,mclaren,19,Accident,6,0,
4036,2020,10,stroll,racing_point,20,Collision,12,0,
4037,2020,11,hamilton,mercedes,1,Finished,2,60,
4038,2020,11,max_verstappen,red_bull,2,Finished,3,60,
4039,2020,11,ricciardo,renault,3,Finished,6,60,
4040,2020,11,perez,racing_point,4,Finished,9,60,
4041,2020,11,sainz,mclaren,5,Finished,10,60,
4042,2020,11,gasly,alphatauri,6,Finished,12,60,
4043,2020,11,leclerc,ferrari,7,Finished,4,60,
4044,2020,11,hulkenberg,racing_point,8,Finished,20,60,
4045,2020,11,grosjean,haas,9,Finished,16,60,
4046,2020,11,giovinazzi,alfa,10,Finished,14,60,
4047,2020,11,vettel,ferrari,11,Finished,11,60,
4048,2020,11,raikkonen,alfa,12,Finished,19,60,
4049,2020,11,kevin_magnussen,haas,13,Finished,15,60,
4050,2020,11,latifi,williams,14,Finished,18,60,
4051,2020,11,kvyat,alphatauri,15,Finished,13,60,
4052,2020,11,norris,mclaren,16,Power Unit,8,42,
4053,2020,11,albon,red_bull,17,Radiator,5,23,
4054,2020,11,ocon,renault,18,Gearbox,7,22,
4055,2020,11,bottas,mercedes,19,Power Unit,1,18,
4056,2020,11,russell,williams,20,Collision,17,12,
4057,2020,12,hamilton,mercedes,1,Finished,1,66,
4058,2020,12,bottas,mercedes,2,Finished,2,66,
4059,2020,12,max_verstappen,red_bull,3,Finished,3,66,
4060,2020,12,leclerc,ferrari,4,Finished,4,66,
4061,2020,12,gasly,alphatauri,5,+1 Lap,9,65,
4062,2020,12,sainz,mclaren,6,+1 Lap,7,65,
4063,2020,12,perez,racing_point,7,+1 Lap,5,65,
4064,2020,12,ocon,renault,8,+1 Lap,11,65,
4065,2020,12,ricciardo,renault,9,+1 Lap,10,65,
4066,2020,12,vettel,ferrari,10,+1 Lap,15,65,
4067,2020,12,raikkonen,alfa,11,+1 Lap,16,65,
4068,2020,12,albon,red_bull,12,+1 Lap,6,65,
4069,2020,12,norris,mclaren,13,+1 Lap,8,65,
4070,2020,12,russell,williams,14,+1 Lap,14,65,
4071,2020,12,giovinazzi,alfa,15,+1 Lap,17,65,
4072,2020,12,kevin_magnussen,haas,16,+1 Lap,19,65,
4073,2020,12,grosjean,haas,17,+1 Lap,18,65,
4074,2020,12,latifi,williams,18,+2 Laps,20,64,
4075,2020,12,kvyat,alphatauri,19,+2 Laps,13,64,
4076,2020,12,stroll,racing_point,20,Collision damage,12,51,
4077,2020,13,hamilton,mercedes,1,Finished,2,63,
4078,2020,13,bottas,mercedes,2,Finished,1,63,
4079,2020,13,ricciardo,renault,3,Finished,5,63,
4080,2020,13,kvyat,alphatauri,4,Finished,8,63,
4081,2020,13,leclerc,ferrari,5,Finished,7,63,
4082,2020,13,perez,racing_point,6,Finished,11,63,
4083,2020,13,sainz,mclaren,7,Finished,10,63,
4084,2020,13,norris,mclaren,8,Finished,9,63,
4085,2020,13,raikkonen,alfa,9,Finished,18,63,
4086,2020,13,giovinazzi,alfa,10,Finished,20,63,
4087,2020,13,latifi,williams,11,Finished,19,63,
4088,2020,13,vettel,ferrari,12,Finished,14,63,
4089,2020,13,stroll,racing_point,13,Finished,15,63,
4090,2020,13,grosjean,haas,14,Finished,16,63,
4091,2020,13,albon,red_bull,15,Finished,6,63,
4092,2020,13,russell,williams,16,Accident,13,51,
4093,2020,13,max_verstappen,red_bull,17,Puncture,3,50,
4094,2020,13,kevin_magnussen,haas,18,Illness,17,47,
4095,2020,13,ocon,renault,19,Gearbox,12,27,
4096,2020,13,gasly,alphatauri,20,Water pressure,4,8,
4097,2020,14,hamilton,mercedes,1,Finished,6,58,
4098,2020,14,perez,racing_point,2,Finished,3,58,
4099,2020,14,vettel,ferrari,3,Finished,11,58,
4100,2020,14,leclerc,ferrari,4,Finished,12,58,
4101,2020,14,sainz,mclaren,5,Finished,15,58,
4102,2020,14,max_verstappen,red_bull,6,Finished,2,58,
4103,2020,14,albon,red_bull,7,Finished,4,58,
4104,2020,14,norris,mclaren,8,Finished,14,58,
4105,2020,14,stroll,racing_point,9,Finished,1,58,
4106,2020,14,ricciardo,renault,10,Finished,5,58,
4107,2020,14,ocon,renault,11,+1 Lap,7,57,
4108,2020,14,kvyat,alphatauri,12,+1 Lap,16,57,
4109,2020,14,gasly,alphatauri,13,+1 Lap,19,57,
4110,2020,14,bottas,mercedes,14,+1 Lap,9,57,
4111,2020,14,raikkonen,alfa,15,+1 Lap,8,57,
4112,2020,14,russell,williams,16,+1 Lap,0,57,
4113,2020,14,kevin_magnussen,haas,17,Withdrew,13,55,
4114,2020,14,grosjean,haas,18,Collision damage,17,49,
4115,2020,14,latifi,williams,19,Collision damage,0,39,
4116,2020,14,giovinazzi,alfa,20,Gearbox,10,11,
4117,2020,15,hamilton,mercedes,1,Finished,1,57,
4118,2020,15,max_verstappen,red_bull,2,Finished,3,57,
4119,2020,15,albon,red_bull,3,Finished,4,57,
4120,2020,15,norris,mclaren,4,Finished,9,57,
4121,2020,15,sainz,mclaren,5,Finished,15,57,
4122,2020,15,gasly,alphatauri,6,Finished,8,57,
4123,2020,15,ricciardo,renault,7,Finished,6,57,
4124,2020,15,bottas,mercedes,8,Finished,2,57,
4125,2020,15,ocon,renault,9,Finished,7,57,
4126,2020,15,leclerc,ferrari,10,+1 Lap,12,56,
4127,2020,15,kvyat,alphatauri,11,+1 Lap,10,56,
4128,2020,15,russell,williams,12,+1 Lap,14,56,
4129,2020,15,vettel,ferrari,13,+1 Lap,11,56,
4130,2020,15,latifi,williams,14,+1 Lap,20,56,
4131,2020,15,raikkonen,alfa,15,+1 Lap,17,56,
4132,2020,15,giovinazzi,alfa,16,+1 Lap,16,56,
4133,2020,15,kevin_magnussen,haas,17,+1 Lap,18,56,
4134,2020,15,perez,racing_point,18,Engine,5,53,
4135,2020,15,stroll,racing_point,19,Collision,13,2,
4136,2020,15,grosjean,haas,20,Collision,19,0,
4137,2020,16,perez,racing_point,1,Finished,5,87,
4138,2020,16,ocon,renault,2,Finished,11,87,
4139,2020,16,stroll,racing_point,3,Finished,10,87,
4140,2020,16,sainz,mclaren,4,Finished,8,87,
4141,2020,16,ricciardo,renault,5,Finished,7,87,
4142,2020,16,albon,red_bull,6,Finished,12,87,
4143,2020,16,kvyat,alphatauri,7,Finished,6,87,
4144,2020,16,bottas,mercedes,8,Finished,1,87,
4145,2020,16,russell,mercedes,9,Finished,2,87,
4146,2020,16,norris,mclaren,10,Finished,19,87,
4147,2020,16,gasly,alphatauri,11,Finished,9,87,
4148,2020,16,vettel,ferrari,12,Finished,13,87,
4149,2020,16,giovinazzi,alfa,13,Finished,14,87,
4150,2020,16,raikkonen,alfa,14,Finished,18,87,
4151,2020,16,kevin_magnussen,haas,15,Finished,15,87,
4152,2020,16,aitken,williams,16,Finished,17,87,
4153,2020,16,pietro_fittipaldi,haas,17,Finished,20,87,
4154,2020,16,latifi,williams,18,Engine,16,52,
4155,2020,16,max_verstappen,red_bull,19,Accident,3,0,
4156,2020,16,leclerc,ferrari,20,Collision,4,0,
4157,2020,17,max_verstappen,red_bull,1,Finished,1,55,
4158,2020,17,bottas,mercedes,2,Finished,2,55,
4159,2020,17,hamilton,mercedes,3,Finished,3,55,
4160,2020,17,albon,red_bull,4,Finished,5,55,
4161,2020,17,norris,mclaren,5,Finished,4,55,
4162,2020,17,sainz,mclaren,6,Finished,6,55,
4163,2020,17,ricciardo,renault,7,Finished,11,55,
4164,2020,17,gasly,alphatauri,8,Finished,9,55,
4165,2020,17,ocon,renault,9,Finished,10,55,
4166,2020,17,stroll,racing_point,10,Finished,8,55,
4167,2020,17,kvyat,alphatauri,11,+1 Lap,7,54,
4168,2020,17,raikkonen,alfa,12,+1 Lap,15,54,
4169,2020,17,leclerc,ferrari,13,+1 Lap,12,54,
4170,2020,17,vettel,ferrari,14,+1 Lap,13,54,
4171,2020,17,russell,williams,15,+1 Lap,16,54,
4172,2020,17,giovinazzi,alfa,16,+1 Lap,14,54,
4173,2020,17,latifi,williams,17,+1 Lap,18,54,
4174,2020,17,kevin_magnussen,haas,18,+1 Lap,20,54,
4175,2020,17,pietro_fittipaldi,haas,19,+2 Laps,17,53,
4176,2020,17,perez,racing_point,20,Transmission,19,8,
4177,2021,1,hamilton,mercedes,1,Finished,2,56,
4178,2021,1,max_verstappen,red_bull,2,Finished,1,56,
4179,2021,1,bottas,mercedes,3,Finished,3,56,
4180,2021,1,norris,mclaren,4,Finished,7,56,
4181,2021,1,perez,red_bull,5,Finished,0,56,
4182,2021,1,leclerc,ferrari,6,Finished,4,56,
4183,2021,1,ricciardo,mclaren,7,Finished,6,56,
4184,2021,1,sainz,ferrari,8,Finished,8,56,
4185,2021,1,tsunoda,alphatauri,9,Finished,13,56,
4186,2021,1,stroll,aston_martin,10,Finished,10,56,
4187,2021,1,raikkonen,alfa,11,Finished,14,56,
4188,2021,1,giovinazzi,alfa,12,+1 Lap,12,55,
4189,2021,1,ocon,alpine,13,+1 Lap,16,55,
4190,2021,1,russell,williams,14,+1 Lap,15,55,
4191,2021,1,vettel,aston_martin,15,+1 Lap,20,55,
4192,2021,1,mick_schumacher,haas,16,+1 Lap,18,55,
4193,2021,1,gasly,alphatauri,17,Retired,5,52,
4194,2021,1,latifi,williams,18,Retired,17,51,
4195,2021,1,alonso,alpine,19,Brakes,9,32,
4196,2021,1,mazepin,haas,20,Accident,19,0,
4197,2021,2,max_verstappen,red_bull,1,Finished,3,63,
4198,2021,2,hamilton,mercedes,2,Finished,1,63,
4199,2021,2,norris,mclaren,3,Finished,7,63,
4200,2021,2,leclerc,ferrari,4,Finished,4,63,
4201,2021,2,sainz,ferrari,5,Finished,11,63,
4202,2021,2,ricciardo,mclaren,6,Finished,6,63,
4203,2021,2,gasly,alphatauri,7,Finished,5,63,
4204,2021,2,stroll,aston_martin,8,Finished,10,63,
4205,2021,2,ocon,alpine,9,Finished,9,63,
4206,2021,2,alonso,alpine,10,Finished,15,63,
4207,2021,2,perez,red_bull,11,Finished,2,63,
4208,2021,2,tsunoda,alphatauri,12,Finished,20,63,
4209,2021,2,raikkonen,alfa,13,Finished,16,63,
4210,2021,2,giovinazzi,alfa,14,+1 Lap,17,62,
4211,2021,2,vettel,aston_martin,15,Gearbox,0,61,
4212,2021,2,mick_schumacher,haas,16,+2 Laps,18,61,
4213,2021,2,mazepin,haas,17,+2 Laps,19,61,
4214,2021,2,bottas,mercedes,18,Collision,8,30,
4215,2021,2,russell,williams,19,Collision,12,30,
4216,2021,2,latifi,williams,20,Collision,14,0,
4217,2021,3,hamilton,mercedes,1,Finished,2,66,
4218,2021,3,max_verstappen,red_bull,2,Finished,3,66,
4219,2021,3,bottas,mercedes,3,Finished,1,66,
4220,2021,3,perez,red_bull,4,Finished,4,66,
4221,2021,3,norris,mclaren,5,Finished,7,66,
4222,2021,3,leclerc,ferrari,6,Finished,8,66,
4223,2021,3,ocon,alpine,7,Finished,6,66,
4224,2021,3,alonso,alpine,8,Finished,13,66,
4225,2021,3,ricciardo,mclaren,9,Finished,16,66,
4226,2021,3,gasly,alphatauri,10,Finished,9,66,
4227,2021,3,sainz,ferrari,11,Finished,5,66,
4228,2021,3,giovinazzi,alfa,12,+1 Lap,12,65,
4229,2021,3,vettel,aston_martin,13,+1 Lap,10,65,
4230,2021,3,stroll,aston_martin,14,+1 Lap,17,65,
4231,2021,3,tsunoda,alphatauri,15,+1 Lap,14,65,
4232,2021,3,russell,williams,16,+1 Lap,11,65,
4233,2021,3,mick_schumacher,haas,17,+2 Laps,19,64,
4234,2021,3,latifi,williams,18,+2 Laps,18,64,
4235,2021,3,mazepin,haas,19,+2 Laps,20,64,
4236,2021,3,raikkonen,alfa,20,Collision damage,15,1,
4237,2021,4,hamilton,mercedes,1,Finished,1,66,
4238,2021,4,max_verstappen,red_bull,2,Finished,2,66,
4239,2021,4,bottas,mercedes,3,Finished,3,66,
4240,2021,4,leclerc,ferrari,4,Finished,4,66,
4241,2021,4,perez,red_bull,5,Finished,8,66,
4242,2021,4,ricciardo,mclaren,6,Finished,7,66,
4243,2021,4,sainz,ferrari,7,Finished,6,66,
4244,2021,4,norris,mclaren,8,+1 Lap,9,65,
4245,2021,4,ocon,alpine,9,+1 Lap,5,65,
4246,2021,4,gasly,alphatauri,10,+1 Lap,12,65,
4247,2021,4,stroll,aston_martin,11,+1 Lap,11,65,
4248,2021,4,raikkonen,alfa,12,+1 Lap,17,65,
4249,2021,4,vettel,aston_martin,13,+1 Lap,13,65,
4250,2021,4,russell,williams,14,+1 Lap,15,65,
4251,2021,4,giovinazzi,alfa,15,+1 Lap,14,65,
4252,2021,4,latifi,williams,16,+1 Lap,19,65,
4253,2021,4,alonso,alpine,17,+1 Lap,10,65,
4254,2021,4,mick_schumacher,haas,18,+2 Laps,18,64,
4255,2021,4,mazepin,haas,19,+2 Laps,20,64,
4256,2021,4,tsunoda,alphatauri,20,Electrical,16,6,
4257,2021,5,max_verstappen,red_bull,1,Finished,2,78,
4258,2021,5,sainz,ferrari,2,Finished,4,78,
4259,2021,5,norris,mclaren,3,Finished,5,78,
4260,2021,5,perez,red_bull,4,Finished,9,78,
4261,2021,5,vettel,aston_martin,5,Finished,8,78,
4262,2021,5,gasly,alphatauri,6,Finished,6,78,
4263,2021,5,hamilton,mercedes,7,Finished,7,78,
4264,2021,5,stroll,aston_martin,8,+1 Lap,13,77,
4265,2021,5,ocon,alpine,9,+1 Lap,11,77,
4266,2021,5,giovinazzi,alfa,10,+1 Lap,10,77,
4267,2021,5,raikkonen,alfa,11,+1 Lap,14,77,
4268,2021,5,ricciardo,mclaren,12,+1 Lap,12,77,
4269,2021,5,alonso,alpine,13,+1 Lap,17,77,
4270,2021,5,russell,williams,14,+1 Lap,15,77,
4271,2021,5,latifi,williams,15,+1 Lap,18,77,
4272,2021,5,tsunoda,alphatauri,16,+1 Lap,16,77,
4273,2021,5,mazepin,haas,17,+3 Laps,19,75,
4274,2021,5,mick_schumacher,haas,18,+3 Laps,20,75,
4275,2021,5,bottas,mercedes,19,Wheel nut,3,29,
4276,2021,5,leclerc,ferrari,20,Driveshaft,1,0,
4277,2021,6,perez,red_bull,1,Finished,6,51,
4278,2021,6,vettel,aston_martin,2,Finished,11,51,
4279,2021,6,gasly,alphatauri,3,Finished,4,51,
4280,2021,6,leclerc,ferrari,4,Finished,1,51,
4281,2021,6,norris,mclaren,5,Finished,9,51,
4282,2021,6,alonso,alpine,6,Finished,8,51,
4283,2021,6,tsunoda,alphatauri,7,Finished,7,51,
4284,2021,6,sainz,ferrari,8,Finished,5,51,
4285,2021,6,ricciardo,mclaren,9,Finished,13,51,
4286,2021,6,raikkonen,alfa,10,Finished,14,51,
4287,2021,6,giovinazzi,alfa,11,Finished,20,51,
4288,2021,6,bottas,mercedes,12,Finished,10,51,
4289,2021,6,mick_schumacher,haas,13,Finished,17,51,
4290,2021,6,mazepin,haas,14,Finished,18,51,
4291,2021,6,hamilton,mercedes,15,Finished,2,51,
4292,2021,6,latifi,williams,16,Finished,16,51,
4293,2021,6,russell,williams,17,Gearbox,15,48,
4294,2021,6,max_verstappen,red_bull,18,Accident,3,45,
4295,2021,6,stroll,aston_martin,19,Accident,19,29,
4296,2021,6,ocon,alpine,20,Turbo,12,3,
4297,2021,7,max_verstappen,red_bull,1,Finished,1,53,
4298,2021,7,hamilton,mercedes,2,Finished,2,53,
4299,2021,7,perez,red_bull,3,Finished,4,53,
4300,2021,7,bottas,mercedes,4,Finished,3,53,
4301,2021,7,norris,mclaren,5,Finished,8,53,
4302,2021,7,ricciardo,mclaren,6,Finished,10,53,
4303,2021,7,gasly,alphatauri,7,Finished,6,53,
4304,2021,7,alonso,alpine,8,Finished,9,53,
4305,2021,7,vettel,aston_martin,9,Finished,12,53,
4306,2021,7,stroll,aston_martin,10,Finished,19,53,
4307,2021,7,sainz,ferrari,11,Finished,5,53,
4308,2021,7,russell,williams,12,+1 Lap,14,52,
4309,2021,7,tsunoda,alphatauri,13,+1 Lap,0,52,
4310,2021,7,ocon,alpine,14,+1 Lap,11,52,
4311,2021,7,giovinazzi,alfa,15,+1 Lap,13,52,
4312,2021,7,leclerc,ferrari,16,+1 Lap,7,52,
4313,2021,7,raikkonen,alfa,17,+1 Lap,17,52,
4314,2021,7,latifi,williams,18,+1 Lap,16,52,
4315,2021,7,mick_schumacher,haas,19,+1 Lap,15,52,
4316,2021,7,mazepin,haas,20,+1 Lap,18,52,
4317,2021,8,max_verstappen,red_bull,1,Finished,1,71,
4318,2021,8,hamilton,mercedes,2,Finished,2,71,
4319,2021,8,bottas,mercedes,3,Finished,5,71,
4320,2021,8,perez,red_bull,4,Finished,4,71,
4321,2021,8,norris,mclaren,5,+1 Lap,3,70,
4322,2021,8,sainz,ferrari,6,+1 Lap,12,70,
4323,2021,8,leclerc,ferrari,7,+1 Lap,7,70,
4324,2021,8,stroll,aston_martin,8,+1 Lap,9,70,
4325,2021,8,alonso,alpine,9,+1 Lap,8,70,
4326,2021,8,tsunoda,alphatauri,10,+1 Lap,11,70,
4327,2021,8,raikkonen,alfa,11,+1 Lap,18,70,
4328,2021,8,vettel,aston_martin,12,+1 Lap,14,70,
4329,2021,8,ricciardo,mclaren,13,+1 Lap,13,70,
4330,2021,8,ocon,alpine,14,+1 Lap,17,70,
4331,2021,8,giovinazzi,alfa,15,+1 Lap,15,70,
4332,2021,8,mick_schumacher,haas,16,+2 Laps,19,69,
4333,2021,8,latifi,williams,17,+3 Laps,16,68,
4334,2021,8,mazepin,haas,18,+3 Laps,20,68,
4335,2021,8,russell,williams,19,Engine,10,36,
4336,2021,8,gasly,alphatauri,20,Collision,6,1,
4337,2021,9,max_verstappen,red_bull,1,Finished,1,71,
4338,2021,9,bottas,mercedes,2,Finished,5,71,
4339,2021,9,norris,mclaren,3,Finished,2,71,
4340,2021,9,hamilton,mercedes,4,Finished,4,71,
4341,2021,9,sainz,ferrari,5,Finished,10,71,
4342,2021,9,perez,red_bull,6,Finished,3,71,
4343,2021,9,ricciardo,mclaren,7,Finished,13,71,
4344,2021,9,leclerc,ferrari,8,Finished,12,71,
4345,2021,9,gasly,alphatauri,9,Finished,6,71,
4346,2021,9,alonso,alpine,10,+1 Lap,14,70,
4347,2021,9,russell,williams,11,+1 Lap,8,70,
4348,2021,9,tsunoda,alphatauri,12,+1 Lap,7,70,
4349,2021,9,stroll,aston_martin,13,+1 Lap,9,70,
4350,2021,9,giovinazzi,alfa,14,+1 Lap,15,70,
4351,2021,9,raikkonen,alfa,15,+1 Lap,16,70,
4352,2021,9,latifi,williams,16,+1 Lap,18,70,
4353,2021,9,vettel,aston_martin,17,Collision,11,69,
4354,2021,9,mick_schumacher,haas,18,+2 Laps,19,69,
4355,2021,9,mazepin,haas,19,+2 Laps,20,69,
4356,2021,9,ocon,alpine,20,Collision,17,0,
4357,2021,10,hamilton,mercedes,1,Finished,2,52,
4358,2021,10,leclerc,ferrari,2,Finished,4,52,
4359,2021,10,bottas,mercedes,3,Finished,3,52,
4360,2021,10,norris,mclaren,4,Finished,5,52,
4361,2021,10,ricciardo,mclaren,5,Finished,6,52,
4362,2021,10,sainz,ferrari,6,Finished,10,52,
4363,2021,10,alonso,alpine,7,Finished,7,52,
4364,2021,10,stroll,aston_martin,8,Finished,14,52,
4365,2021,10,ocon,alpine,9,Finished,9,52,
4366,2021,10,tsunoda,alphatauri,10,Finished,16,52,
4367,2021,10,gasly,alphatauri,11,Finished,11,52,
4368,2021,10,russell,williams,12,+1 Lap,12,51,
4369,2021,10,giovinazzi,alfa,13,+1 Lap,15,51,
4370,2021,10,latifi,williams,14,+1 Lap,17,51,
4371,2021,10,raikkonen,alfa,15,+1 Lap,13,51,
4372,2021,10,perez,red_bull,16,+1 Lap,0,51,
4373,2021,10,mazepin,haas,17,+1 Lap,19,51,
4374,2021,10,mick_schumacher,haas,18,+1 Lap,18,51,
4375,2021,10,vettel,aston_martin,19,Retired,8,40,
4376,2021,10,max_verstappen,red_bull,20,Collision,1,0,
4377,2021,11,ocon,alpine,1,Finished,8,70,
4378,2021,11,hamilton,mercedes,2,Finished,1,70,
4379,2021,11,sainz,ferrari,3,Finished,15,70,
4380,2021,11,alonso,alpine,4,Finished,9,70,
4381,2021,11,gasly,alphatauri,5,Finished,5,70,
4382,2021,11,tsunoda,alphatauri,6,Finished,16,70,
4383,2021,11,latifi,williams,7,Finished,18,70,
4384,2021,11,russell,williams,8,Finished,17,70,
4385,2021,11,max_verstappen,red_bull,9,Finished,3,70,
4386,2021,11,raikkonen,alfa,10,+1 Lap,13,69,
4387,2021,11,ricciardo,mclaren,11,+1 Lap,11,69,
4388,2021,11,mick_schumacher,haas,12,+1 Lap,20,69,
4389,2021,11,giovinazzi,alfa,13,+1 Lap,0,69,
4390,2021,11,mazepin,haas,14,Collision,19,3,
4391,2021,11,norris,mclaren,15,Collision,6,2,
4392,2021,11,bottas,mercedes,16,Collision,2,0,
4393,2021,11,perez,red_bull,17,Collision,4,0,
4394,2021,11,leclerc,ferrari,18,Collision,7,0,
4395,2021,11,stroll,aston_martin,19,Collision,12,0,
4396,2021,11,vettel,aston_martin,20,Disqualified,10,70,
4397,2021,12,max_verstappen,red_bull,1,Finished,1,1,
4398,2021,12,russell,williams,2,Finished,2,1,
4399,2021,12,hamilton,mercedes,3,Finished,3,1,
4400,2021,12,ricciardo,mclaren,4,Finished,4,1,
4401,2021,12,vettel,aston_martin,5,Finished,5,1,
4402,2021,12,gasly,alphatauri,6,Finished,6,1,
4403,2021,12,ocon,alpine,7,Finished,8,1,
4404,2021,12,leclerc,ferrari,8,Finished,9,1,
4405,2021,12,latifi,williams,9,Finished,10,1,
4406,2021,12,sainz,ferrari,10,Finished,11,1,
4407,2021,12,alonso,alpine,11,Finished,12,1,
4408,2021,12,bottas,mercedes,12,Finished,13,1,
4409,2021,12,giovinazzi,alfa,13,Finished,14,1,
4410,2021,12,norris,mclaren,14,Finished,15,1,
4411,2021,12,tsunoda,alphatauri,15,Finished,16,1,
4412,2021,12,mick_schumacher,haas,16,Finished,17,1,
4413,2021,12,mazepin,haas,17,Finished,18,1,
4414,2021,12,raikkonen,alfa,18,Finished,0,1,
4415,2021,12,perez,red_bull,19,Finished,0,1,
4416,2021,12,stroll,aston_martin,20,Finished,19,1,
4417,2021,13,max_verstappen,red_bull,1,Finished,1,72,
4418,2021,13,hamilton,mercedes,2,Finished,2,72,
4419,2021,13,bottas,mercedes,3,Finished,3,72,
4420,2021,13,gasly,alphatauri,4,+1 Lap,4,71,
4421,2021,13,leclerc,ferrari,5,+1 Lap,5,71,
4422,2021,13,alonso,alpine,6,+1 Lap,9,71,
4423,2021,13,sainz,ferrari,7,+1 Lap,6,71,
4424,2021,13,perez,red_bull,8,+1 Lap,0,71,
4425,2021,13,ocon,alpine,9,+1 Lap,8,71,
4426,2021,13,norris,mclaren,10,+1 Lap,13,71,
4427,2021,13,ricciardo,mclaren,11,+1 Lap,10,71,
4428,2021,13,stroll,aston_martin,12,+2 Laps,12,70,
4429,2021,13,vettel,aston_martin,13,+2 Laps,15,70,
4430,2021,13,giovinazzi,alfa,14,+2 Laps,7,70,
4431,2021,13,kubica,alfa,15,+2 Laps,16,70,
4432,2021,13,latifi,williams,16,+2 Laps,0,70,
4433,2021,13,russell,williams,17,Gearbox,11,69,
4434,2021,13,mick_schumacher,haas,18,+3 Laps,17,69,
4435,2021,13,tsunoda,alphatauri,19,Power Unit,14,48,
4436,2021,13,mazepin,haas,20,Hydraulics,18,41,
4437,2021,14,ricciardo,mclaren,1,Finished,2,53,
4438,2021,14,norris,mclaren,2,Finished,3,53,
4439,2021,14,bottas,mercedes,3,Finished,19,53,
4440,2021,14,leclerc,ferrari,4,Finished,5,53,
4441,2021,14,perez,red_bull,5,Finished,8,53,
4442,2021,14,sainz,ferrari,6,Finished,6,53,
4443,2021,14,stroll,aston_martin,7,Finished,9,53,
4444,2021,14,alonso,alpine,8,Finished,10,53,
4445,2021,14,russell,williams,9,Finished,14,53,
4446,2021,14,ocon,alpine,10,Finished,12,53,
4447,2021,14,latifi,williams,11,Finished,13,53,
4448,2021,14,vettel,aston_martin,12,Finished,11,53,
4449,2021,14,giovinazzi,alfa,13,Finished,7,53,
4450,2021,14,kubica,alfa,14,Finished,17,53,
4451,2021,14,mick_schumacher,haas,15,Finished,18,53,
4452,2021,14,mazepin,haas,16,Power Unit,16,41,
4453,2021,14,hamilton,mercedes,17,Collision,4,25,
4454,2021,14,max_verstappen,red_bull,18,Collision,1,25,
4455,2021,14,gasly,alphatauri,19,Suspension,0,3,
4456,2021,14,tsunoda,alphatauri,20,Brakes,0,0,
4457,2021,15,hamilton,mercedes,1,Finished,4,53,
4458,2021,15,max_verstappen,red_bull,2,Finished,20,53,
4459,2021,15,sainz,ferrari,3,Finished,2,53,
4460,2021,15,ricciardo,mclaren,4,Finished,5,53,
4461,2021,15,bottas,mercedes,5,Finished,16,53,
4462,2021,15,alonso,alpine,6,Finished,6,53,
4463,2021,15,norris,mclaren,7,Finished,1,53,
4464,2021,15,raikkonen,alfa,8,Finished,13,53,
4465,2021,15,perez,red_bull,9,Finished,8,53,
4466,2021,15,russell,williams,10,Finished,3,53,
4467,2021,15,stroll,aston_martin,11,Finished,7,53,
4468,2021,15,vettel,aston_martin,12,+1 Lap,10,52,
4469,2021,15,gasly,alphatauri,13,+1 Lap,11,52,
4470,2021,15,ocon,alpine,14,+1 Lap,9,52,
4471,2021,15,leclerc,ferrari,15,+1 Lap,19,52,
4472,2021,15,giovinazzi,alfa,16,+1 Lap,17,52,
4473,2021,15,tsunoda,alphatauri,17,+1 Lap,12,52,
4474,2021,15,mazepin,haas,18,+2 Laps,15,51,
4475,2021,15,latifi,williams,19,Accident,18,47,
4476,2021,15,mick_schumacher,haas,20,Oil leak,14,32,
4477,2021,16,bottas,mercedes,1,Finished,1,58,
4478,2021,16,max_verstappen,red_bull,2,Finished,2,58,
4479,2021,16,perez,red_bull,3,Finished,6,58,
4480,2021,16,leclerc,ferrari,4,Finished,3,58,
4481,2021,16,hamilton,mercedes,5,Finished,11,58,
4482,2021,16,gasly,alphatauri,6,Finished,4,58,
4483,2021,16,norris,mclaren,7,Finished,7,58,
4484,2021,16,sainz,ferrari,8,Finished,19,58,
4485,2021,16,stroll,aston_martin,9,Finished,8,58,
4486,2021,16,ocon,alpine,10,+1 Lap,12,57,
4487,2021,16,giovinazzi,alfa,11,+1 Lap,16,57,
4488,2021,16,raikkonen,alfa,12,+1 Lap,17,57,
4489,2021,16,ricciardo,mclaren,13,+1 Lap,20,57,
4490,2021,16,tsunoda,alphatauri,14,+1 Lap,9,57,
4491,2021,16,russell,williams,15,+1 Lap,13,57,
4492,2021,16,alonso,alpine,16,+1 Lap,5,57,
4493,2021,16,latifi,williams,17,+1 Lap,15,57,
4494,2021,16,vettel,aston_martin,18,+1 Lap,10,57,
4495,2021,16,mick_schumacher,haas,19,+2 Laps,14,56,
4496,2021,16,mazepin,haas,20,+2 Laps,18,56,
4497,2021,17,max_verstappen,red_bull,1,Finished,1,56,
4498,2021,17,hamilton,mercedes,2,Finished,2,56,
4499,2021,17,perez,red_bull,3,Finished,3,56,
4500,2021,17,leclerc,ferrari,4,Finished,4,56,
4501,2021,17,ricciardo,mclaren,5,Finished,6,56,
4502,2021,17,bottas,mercedes,6,Finished,9,56,
4503,2021,17,sainz,ferrari,7,Finished,5,56,
4504,2021,17,norris,mclaren,8,Finished,7,56,
4505,2021,17,tsunoda,alphatauri,9,+1 Lap,10,55,
4506,2021,17,vettel,aston_martin,10,+1 Lap,18,55,
4507,2021,17,giovinazzi,alfa,11,+1 Lap,12,55,
4508,2021,17,stroll,aston_martin,12,+1 Lap,13,55,
4509,2021,17,raikkonen,alfa,13,+1 Lap,15,55,
4510,2021,17,russell,williams,14,+1 Lap,20,55,
4511,2021,17,latifi,williams,15,+1 Lap,14,55,
4512,2021,17,mick_schumacher,haas,16,+2 Laps,16,54,
4513,2021,17,mazepin,haas,17,+2 Laps,17,54,
4514,2021,17,alonso,alpine,18,Rear wing,19,49,
4515,2021,17,ocon,alpine,19,Mechanical,11,40,
4516,2021,17,gasly,alphatauri,20,Suspension,8,14,
4517,2021,18,max_verstappen,red_bull,1,Finished,3,71,
4518,2021,18,hamilton,mercedes,2,Finished,2,71,
4519,2021,18,perez,red_bull,3,Finished,4,71,
4520,2021,18,gasly,alphatauri,4,Finished,5,71,
4521,2021,18,leclerc,ferrari,5,Finished,8,71,
4522,2021,18,sainz,ferrari,6,+1 Lap,6,70,
4523,2021,18,vettel,aston_martin,7,+1 Lap,9,70,
4524,2021,18,raikkonen,alfa,8,+1 Lap,10,70,
4525,2021,18,alonso,alpine,9,+1 Lap,12,70,
4526,2021,18,norris,mclaren,10,+1 Lap,18,70,
4527,2021,18,giovinazzi,alfa,11,+1 Lap,11,70,
4528,2021,18,ricciardo,mclaren,12,+1 Lap,7,70,
4529,2021,18,ocon,alpine,13,+1 Lap,19,70,
4530,2021,18,stroll,aston_martin,14,+2 Laps,20,69,
4531,2021,18,bottas,mercedes,15,+2 Laps,1,69,
4532,2021,18,russell,williams,16,+2 Laps,16,69,
4533,2021,18,latifi,williams,17,+2 Laps,13,69,
4534,2021,18,mazepin,haas,18,+3 Laps,15,68,
4535,2021,18,mick_schumacher,haas,19,Collision,14,0,
4536,2021,18,tsunoda,alphatauri,20,Collision,17,0,
4537,2021,19,hamilton,mercedes,1,Finished,10,71,
4538,2021,19,max_verstappen,red_bull,2,Finished,2,71,
4539,2021,19,bottas,mercedes,3,Finished,1,71,
4540,2021,19,perez,red_bull,4,Finished,4,71,
4541,2021,19,leclerc,ferrari,5,Finished,6,71,
4542,2021,19,sainz,ferrari,6,Finished,3,71,
4543,2021,19,gasly,alphatauri,7,+1 Lap,7,70,
4544,2021,19,ocon,alpine,8,+1 Lap,8,70,
4545,2021,19,alonso,alpine,9,+1 Lap,12,70,
4546,2021,19,norris,mclaren,10,+1 Lap,5,70,
4547,2021,19,vettel,aston_martin,11,+1 Lap,9,70,
4548,2021,19,raikkonen,alfa,12,+1 Lap,0,70,
4549,2021,19,russell,williams,13,+1 Lap,17,70,
4550,2021,19,giovinazzi,alfa,14,+1 Lap,13,70,
4551,2021,19,tsunoda,alphatauri,15,+1 Lap,15,70,
4552,2021,19,latifi,williams,16,+1 Lap,16,70,
4553,2021,19,mazepin,haas,17,+2 Laps,19,69,
4554,2021,19,mick_schumacher,haas,18,+2 Laps,18,69,
4555,2021,19,ricciardo,mclaren,19,Power loss,11,49,
4556,2021,19,stroll,aston_martin,20,Collision damage,14,47,
4557,2021,20,hamilton,mercedes,1,Finished,1,57,
4558,2021,20,max_verstappen,red_bull,2,Finished,7,57,
4559,2021,20,alonso,alpine,3,Finished,3,57,
4560,2021,20,perez,red_bull,4,Finished,11,57,
4561,2021,20,ocon,alpine,5,Finished,9,57,
4562,2021,20,stroll,aston_martin,6,Finished,12,57,
4563,2021,20,sainz,ferrari,7,Finished,5,57,
4564,2021,20,leclerc,ferrari,8,Finished,13,57,
4565,2021,20,norris,mclaren,9,+1 Lap,4,56,
4566,2021,20,vettel,aston_martin,10,+1 Lap,10,56,
4567,2021,20,gasly,alphatauri,11,+1 Lap,2,56,
4568,2021,20,ricciardo,mclaren,12,+1 Lap,14,56,
4569,2021,20,tsunoda,alphatauri,13,+1 Lap,8,56,
4570,2021,20,raikkonen,alfa,14,+1 Lap,16,56,
4571,2021,20,giovinazzi,alfa,15,+1 Lap,18,56,
4572,2021,20,mick_schumacher,haas,16,+1 Lap,19,56,
4573,2021,20,russell,williams,17,+2 Laps,15,55,
4574,2021,20,mazepin,haas,18,+2 Laps,20,55,
4575,2021,20,latifi,williams,19,Puncture,17,50,
4576,2021,20,bottas,mercedes,20,Damage,6,48,
4577,2021,21,hamilton,mercedes,1,Finished,1,50,
4578,2021,21,max_verstappen,red_bull,2,Finished,3,50,
4579,2021,21,bottas,mercedes,3,Finished,2,50,
4580,2021,21,ocon,alpine,4,Finished,9,50,
4581,2021,21,ricciardo,mclaren,5,Finished,11,50,
4582,2021,21,gasly,alphatauri,6,Finished,6,50,
4583,2021,21,leclerc,ferrari,7,Finished,4,50,
4584,2021,21,sainz,ferrari,8,Finished,15,50,
4585,2021,21,giovinazzi,alfa,9,Finished,10,50,
4586,2021,21,norris,mclaren,10,Finished,7,50,
4587,2021,21,stroll,aston_martin,11,Finished,18,50,
4588,2021,21,latifi,williams,12,Finished,16,50,
4589,2021,21,alonso,alpine,13,+1 Lap,13,49,
4590,2021,21,tsunoda,alphatauri,14,+1 Lap,8,49,
4591,2021,21,raikkonen,alfa,15,+1 Lap,12,49,
4592,2021,21,vettel,aston_martin,16,Collision damage,17,44,
4593,2021,21,perez,red_bull,17,Collision,5,14,
4594,2021,21,mazepin,haas,18,Collision,20,14,
4595,2021,21,russell,williams,19,Collision,14,14,
4596,2021,21,mick_schumacher,haas,20,Accident,19,8,
4597,2021,22,max_verstappen,red_bull,1,Finished,1,58,
4598,2021,22,hamilton,mercedes,2,Finished,2,58,
4599,2021,22,sainz,ferrari,3,Finished,5,58,
4600,2021,22,tsunoda,alphatauri,4,Finished,8,58,
4601,2021,22,gasly,alphatauri,5,Finished,12,58,
4602,2021,22,bottas,mercedes,6,Finished,6,58,
4603,2021,22,norris,mclaren,7,Finished,3,58,
4604,2021,22,alonso,alpine,8,Finished,11,58,
4605,2021,22,ocon,alpine,9,Finished,9,58,
4606,2021,22,leclerc,ferrari,10,Finished,7,58,
4607,2021,22,vettel,aston_martin,11,Finished,15,58,
4608,2021,22,ricciardo,mclaren,12,+1 Lap,10,57,
4609,2021,22,stroll,aston_martin,13,+1 Lap,13,57,
4610,2021,22,mick_schumacher,haas,14,+1 Lap,19,57,
4611,2021,22,perez,red_bull,15,Engine,4,55,
4612,2021,22,latifi,williams,16,Accident,16,50,
4613,2021,22,giovinazzi,alfa,17,Gearbox,14,33,
4614,2021,22,russell,williams,18,Gearbox,17,26,
4615,2021,22,raikkonen,alfa,19,Brakes,18,25,
4616,2021,22,mazepin,haas,20,Illness,20,0,
4617,2022,1,leclerc,ferrari,1,Finished,1,57,
4618,2022,1,sainz,ferrari,2,Finished,3,57,
4619,2022,1,hamilton,mercedes,3,Finished,5,57,
4620,2022,1,russell,mercedes,4,Finished,9,57,
4621,2022,1,kevin_magnussen,haas,5,Finished,7,57,
4622,2022,1,bottas,alfa,6,Finished,6,57,
4623,2022,1,ocon,alpine,7,Finished,11,57,
4624,2022,1,tsunoda,alphatauri,8,Finished,16,57,
4625,2022,1,alonso,alpine,9,Finished,8,57,
4626,2022,1,zhou,alfa,10,Finished,15,57,
4627,2022,1,mick_schumacher,haas,11,Finished,12,57,
4628,2022,1,stroll,aston_martin,12,Finished,19,57,
4629,2022,1,albon,williams,13,Finished,14,57,
4630,2022,1,ricciardo,mclaren,14,Finished,18,57,
4631,2022,1,norris,mclaren,15,Finished,13,57,
4632,2022,1,latifi,williams,16,Finished,20,57,
4633,2022,1,hulkenberg,aston_martin,17,Finished,17,57,
4634,2022,1,perez,red_bull,18,Fuel pressure,4,56,
4635,2022,1,max_verstappen,red_bull,19,Fuel pressure,2,54,
4636,2022,1,gasly,alphatauri,20,Power Unit,10,44,
4637,2022,2,max_verstappen,red_bull,1,Finished,4,50,
4638,2022,2,leclerc,ferrari,2,Finished,2,50,
4639,2022,2,sainz,ferrari,3,Finished,3,50,
4640,2022,2,perez,red_bull,4,Finished,1,50,
4641,2022,2,russell,mercedes,5,Finished,6,50,
4642,2022,2,ocon,alpine,6,Finished,5,50,
4643,2022,2,norris,mclaren,7,Finished,11,50,
4644,2022,2,gasly,alphatauri,8,Finished,9,50,
4645,2022,2,kevin_magnussen,haas,9,Finished,10,50,
4646,2022,2,hamilton,mercedes,10,Finished,15,50,
4647,2022,2,zhou,alfa,11,Finished,12,50,
4648,2022,2,hulkenberg,aston_martin,12,Finished,17,50,
4649,2022,2,stroll,aston_martin,13,+1 Lap,13,49,
4650,2022,2,albon,williams,14,Collision damage,16,47,
4651,2022,2,bottas,alfa,15,Cooling system,8,36,
4652,2022,2,alonso,alpine,16,Water pump,7,35,
4653,2022,2,ricciardo,mclaren,17,Gearbox,14,35,
4654,2022,2,latifi,williams,18,Accident,18,14,
4655,2022,2,tsunoda,alphatauri,19,Power Unit,19,0,
4656,2022,2,mick_schumacher,haas,20,Withdrew,0,0,
4657,2022,3,leclerc,ferrari,1,Finished,1,58,
4658,2022,3,perez,red_bull,2,Finished,3,58,
4659,2022,3,russell,mercedes,3,Finished,6,58,
4660,2022,3,hamilton,mercedes,4,Finished,5,58,
4661,2022,3,norris,mclaren,5,Finished,4,58,
4662,2022,3,ricciardo,mclaren,6,Finished,7,58,
4663,2022,3,ocon,alpine,7,Finished,8,58,
4664,2022,3,bottas,alfa,8,Finished,12,58,
4665,2022,3,gasly,alphatauri,9,Finished,11,58,
4666,2022,3,albon,williams,10,Finished,20,58,
4667,2022,3,zhou,alfa,11,Finished,14,58,
4668,2022,3,stroll,aston_martin,12,Finished,19,58,
4669,2022,3,mick_schumacher,haas,13,+1 Lap,15,57,
4670,2022,3,kevin_magnussen,haas,14,+1 Lap,16,57,
4671,2022,3,tsunoda,alphatauri,15,+1 Lap,13,57,
4672,2022,3,latifi,williams,16,+1 Lap,18,57,
4673,2022,3,alonso,alpine,17,+1 Lap,10,57,
4674,2022,3,max_verstappen,red_bull,18,Fuel leak,2,38,
4675,2022,3,vettel,aston_martin,19,Accident,17,22,
4676,2022,3,sainz,ferrari,20,Spun off,9,1,
4677,2022,4,max_verstappen,red_bull,1,Finished,1,63,
4678,2022,4,perez,red_bull,2,Finished,3,63,
4679,2022,4,norris,mclaren,3,Finished,5,63,
4680,2022,4,russell,mercedes,4,Finished,11,63,
4681,2022,4,bottas,alfa,5,Finished,7,63,
4682,2022,4,leclerc,ferrari,6,Finished,2,63,
4683,2022,4,tsunoda,alphatauri,7,Finished,12,63,
4684,2022,4,vettel,aston_martin,8,Finished,13,63,
4685,2022,4,kevin_magnussen,haas,9,Finished,8,63,
4686,2022,4,stroll,aston_martin,10,+1 Lap,15,62,
4687,2022,4,albon,williams,11,+1 Lap,18,62,
4688,2022,4,gasly,alphatauri,12,+1 Lap,17,62,
4689,2022,4,hamilton,mercedes,13,+1 Lap,14,62,
4690,2022,4,ocon,alpine,14,+1 Lap,16,62,
4691,2022,4,zhou,alfa,15,+1 Lap,0,62,
4692,2022,4,latifi,williams,16,+1 Lap,19,62,
4693,2022,4,mick_schumacher,haas,17,+1 Lap,10,62,
4694,2022,4,ricciardo,mclaren,18,+1 Lap,6,62,
4695,2022,4,alonso,alpine,19,Collision damage,9,6,
4696,2022,4,sainz,ferrari,20,Collision,4,0,
4697,2022,5,max_verstappen,red_bull,1,Finished,3,57,
4698,2022,5,leclerc,ferrari,2,Finished,1,57,
4699,2022,5,sainz,ferrari,3,Finished,2,57,
4700,2022,5,perez,red_bull,4,Finished,4,57,
4701,2022,5,russell,mercedes,5,Finished,12,57,
4702,2022,5,hamilton,mercedes,6,Finished,6,57,
4703,2022,5,bottas,alfa,7,Finished,5,57,
4704,2022,5,ocon,alpine,8,Finished,20,57,
4705,2022,5,albon,williams,9,Finished,18,57,
4706,2022,5,stroll,aston_martin,10,Finished,0,57,
4707,2022,5,alonso,alpine,11,Finished,11,57,
4708,2022,5,tsunoda,alphatauri,12,Finished,9,57,
4709,2022,5,ricciardo,mclaren,13,Finished,14,57,
4710,2022,5,latifi,williams,14,Finished,19,57,
4711,2022,5,mick_schumacher,haas,15,Finished,15,57,
4712,2022,5,kevin_magnussen,haas,16,Front wing,16,56,
4713,2022,5,vettel,aston_martin,17,Collision,0,54,
4714,2022,5,gasly,alphatauri,18,Suspension,7,45,
4715,2022,5,norris,mclaren,19,Collision,8,39,
4716,2022,5,zhou,alfa,20,Water leak,17,6,
4717,2022,6,max_verstappen,red_bull,1,Finished,2,66,
4718,2022,6,perez,red_bull,2,Finished,5,66,
4719,2022,6,russell,mercedes,3,Finished,4,66,
4720,2022,6,sainz,ferrari,4,Finished,3,66,
4721,2022,6,hamilton,mercedes,5,Finished,6,66,
4722,2022,6,bottas,alfa,6,Finished,7,66,
4723,2022,6,ocon,alpine,7,Finished,12,66,
4724,2022,6,norris,mclaren,8,Finished,11,66,
4725,2022,6,alonso,alpine,9,+1 Lap,20,65,
4726,2022,6,tsunoda,alphatauri,10,+1 Lap,13,65,
4727,2022,6,vettel,aston_martin,11,+1 Lap,16,65,
4728,2022,6,ricciardo,mclaren,12,+1 Lap,9,65,
4729,2022,6,gasly,alphatauri,13,+1 Lap,14,65,
4730,2022,6,mick_schumacher,haas,14,+1 Lap,10,65,
4731,2022,6,stroll,aston_martin,15,+1 Lap,17,65,
4732,2022,6,latifi,williams,16,+2 Laps,19,64,
4733,2022,6,kevin_magnussen,haas,17,+2 Laps,8,64,
4734,2022,6,albon,williams,18,+2 Laps,18,64,
4735,2022,6,zhou,alfa,19,Power loss,15,28,
4736,2022,6,leclerc,ferrari,20,Turbo,1,27,
4737,2022,7,perez,red_bull,1,Finished,3,64,
4738,2022,7,sainz,ferrari,2,Finished,2,64,
4739,2022,7,max_verstappen,red_bull,3,Finished,4,64,
4740,2022,7,leclerc,ferrari,4,Finished,1,64,
4741,2022,7,russell,mercedes,5,Finished,6,64,
4742,2022,7,norris,mclaren,6,Finished,5,64,
4743,2022,7,alonso,alpine,7,Finished,7,64,
4744,2022,7,hamilton,mercedes,8,Finished,8,64,
4745,2022,7,bottas,alfa,9,Finished,12,64,
4746,2022,7,vettel,aston_martin,10,Finished,9,64,
4747,2022,7,gasly,alphatauri,11,Finished,17,64,
4748,2022,7,ocon,alpine,12,Finished,10,64,
4749,2022,7,ricciardo,mclaren,13,Finished,14,64,
4750,2022,7,stroll,aston_martin,14,Finished,18,64,
4751,2022,7,latifi,williams,15,+1 Lap,19,63,
4752,2022,7,zhou,alfa,16,+1 Lap,20,63,
4753,2022,7,tsunoda,alphatauri,17,+1 Lap,11,63,
4754,2022,7,albon,williams,18,Mechanical,16,48,
4755,2022,7,mick_schumacher,haas,19,Accident,15,24,
4756,2022,7,kevin_magnussen,haas,20,Water pressure,13,19,
4757,2022,8,max_verstappen,red_bull,1,Finished,3,51,
4758,2022,8,perez,red_bull,2,Finished,2,51,
4759,2022,8,russell,mercedes,3,Finished,5,51,
4760,2022,8,hamilton,mercedes,4,Finished,7,51,
4761,2022,8,gasly,alphatauri,5,Finished,6,51,
4762,2022,8,vettel,aston_martin,6,Finished,9,51,
4763,2022,8,alonso,alpine,7,Finished,10,51,
4764,2022,8,ricciardo,mclaren,8,Finished,12,51,
4765,2022,8,norris,mclaren,9,Finished,11,51,
4766,2022,8,ocon,alpine,10,Finished,13,51,
4767,2022,8,bottas,alfa,11,+1 Lap,15,50,
4768,2022,8,albon,williams,12,+1 Lap,17,50,
4769,2022,8,tsunoda,alphatauri,13,+1 Lap,8,50,
4770,2022,8,mick_schumacher,haas,14,+1 Lap,20,50,
4771,2022,8,latifi,williams,15,+1 Lap,18,50,
4772,2022,8,stroll,aston_martin,16,Vibrations,19,46,
4773,2022,8,kevin_magnussen,haas,17,Power Unit,16,31,
4774,2022,8,zhou,alfa,18,Hydraulics,14,23,
4775,2022,8,leclerc,ferrari,19,Power Unit,1,21,
4776,2022,8,sainz,ferrari,20,Hydraulics,4,8,
4777,2022,9,max_verstappen,red_bull,1,Finished,1,70,
4778,2022,9,sainz,ferrari,2,Finished,3,70,
4779,2022,9,hamilton,mercedes,3,Finished,4,70,
4780,2022,9,russell,mercedes,4,Finished,8,70,
4781,2022,9,leclerc,ferrari,5,Finished,19,70,
4782,2022,9,ocon,alpine,6,Finished,7,70,
4783,2022,9,bottas,alfa,7,Finished,11,70,
4784,2022,9,zhou,alfa,8,Finished,10,70,
4785,2022,9,alonso,alpine,9,Finished,2,70,
4786,2022,9,stroll,aston_martin,10,Finished,17,70,
4787,2022,9,ricciardo,mclaren,11,Finished,9,70,
4788,2022,9,vettel,aston_martin,12,Finished,16,70,
4789,2022,9,albon,williams,13,Finished,12,70,
4790,2022,9,gasly,alphatauri,14,Finished,15,70,
4791,2022,9,norris,mclaren,15,Finished,14,70,
4792,2022,9,latifi,williams,16,Finished,18,70,
4793,2022,9,kevin_magnussen,haas,17,Finished,5,70,
4794,2022,9,tsunoda,alphatauri,18,Accident,20,47,
4795,2022,9,mick_schumacher,haas,19,Engine,6,18,
4796,2022,9,perez,red_bull,20,Gearbox,13,7,
4797,2022,10,sainz,ferrari,1,Finished,1,52,
4798,2022,10,perez,red_bull,2,Finished,4,52,
4799,2022,10,hamilton,mercedes,3,Finished,5,52,
4800,2022,10,leclerc,ferrari,4,Finished,3,52,
4801,2022,10,alonso,alpine,5,Finished,7,52,
4802,2022,10,norris,mclaren,6,Finished,6,52,
4803,2022,10,max_verstappen,red_bull,7,Finished,2,52,
4804,2022,10,mick_schumacher,haas,8,Finished,19,52,
4805,2022,10,vettel,aston_martin,9,Finished,18,52,
4806,2022,10,kevin_magnussen,haas,10,Finished,17,52,
4807,2022,10,stroll,aston_martin,11,Finished,20,52,
4808,2022,10,latifi,williams,12,Finished,10,52,
4809,2022,10,ricciardo,mclaren,13,Finished,14,52,
4810,2022,10,tsunoda,alphatauri,14,Finished,13,52,
4811,2022,10,ocon,alpine,15,Fuel pump,15,37,
4812,2022,10,gasly,alphatauri,16,Collision damage,11,26,
4813,2022,10,bottas,alfa,17,Gearbox,12,20,
4814,2022,10,russell,mercedes,18,Collision,8,0,
4815,2022,10,zhou,alfa,19,Collision,9,0,
4816,2022,10,albon,williams,20,Collision,16,0,
4817,2022,11,leclerc,ferrari,1,Finished,2,71,
4818,2022,11,max_verstappen,red_bull,2,Finished,1,71,
4819,2022,11,hamilton,mercedes,3,Finished,8,71,
4820,2022,11,russell,mercedes,4,Finished,4,71,
4821,2022,11,ocon,alpine,5,Finished,6,71,
4822,2022,11,mick_schumacher,haas,6,+1 Lap,9,70,
4823,2022,11,norris,mclaren,7,+1 Lap,10,70,
4824,2022,11,kevin_magnussen,haas,8,+1 Lap,7,70,
4825,2022,11,ricciardo,mclaren,9,+1 Lap,11,70,
4826,2022,11,alonso,alpine,10,+1 Lap,19,70,
4827,2022,11,bottas,alfa,11,+1 Lap,0,70,
4828,2022,11,albon,williams,12,+1 Lap,15,70,
4829,2022,11,stroll,aston_martin,13,+1 Lap,12,70,
4830,2022,11,zhou,alfa,14,+1 Lap,13,70,
4831,2022,11,gasly,alphatauri,15,+1 Lap,14,70,
4832,2022,11,tsunoda,alphatauri,16,+1 Lap,16,70,
4833,2022,11,vettel,aston_martin,17,+1 Lap,18,70,
4834,2022,11,sainz,ferrari,18,Power Unit,3,56,
4835,2022,11,latifi,williams,19,Undertray,17,48,
4836,2022,11,perez,red_bull,20,Collision damage,5,24,
4837,2022,12,max_verstappen,red_bull,1,Finished,2,53,
4838,2022,12,hamilton,mercedes,2,Finished,4,53,
4839,2022,12,russell,mercedes,3,Finished,6,53,
4840,2022,12,perez,red_bull,4,Finished,3,53,
4841,2022,12,sainz,ferrari,5,Finished,19,53,
4842,2022,12,alonso,alpine,6,Finished,7,53,
4843,2022,12,norris,mclaren,7,Finished,5,53,
4844,2022,12,ocon,alpine,8,Finished,10,53,
4845,2022,12,ricciardo,mclaren,9,Finished,9,53,
4846,2022,12,stroll,aston_martin,10,Finished,15,53,
4847,2022,12,vettel,aston_martin,11,Finished,12,53,
4848,2022,12,gasly,alphatauri,12,Finished,14,53,
4849,2022,12,albon,williams,13,Finished,13,53,
4850,2022,12,bottas,alfa,14,Finished,11,53,
4851,2022,12,mick_schumacher,haas,15,Finished,17,53,
4852,2022,12,zhou,alfa,16,+6 Laps,16,47,
4853,2022,12,latifi,williams,17,Collision damage,18,40,
4854,2022,12,kevin_magnussen,haas,18,Collision damage,20,37,
4855,2022,12,leclerc,ferrari,19,Accident,1,17,
4856,2022,12,tsunoda,alphatauri,20,Undertray,8,17,
4857,2022,13,max_verstappen,red_bull,1,Finished,10,70,
4858,2022,13,hamilton,mercedes,2,Finished,7,70,
4859,2022,13,russell,mercedes,3,Finished,1,70,
4860,2022,13,sainz,ferrari,4,Finished,2,70,
4861,2022,13,perez,red_bull,5,Finished,11,70,
4862,2022,13,leclerc,ferrari,6,Finished,3,70,
4863,2022,13,norris,mclaren,7,Finished,4,70,
4864,2022,13,alonso,alpine,8,+1 Lap,6,69,
4865,2022,13,ocon,alpine,9,+1 Lap,5,69,
4866,2022,13,vettel,aston_martin,10,+1 Lap,18,69,
4867,2022,13,stroll,aston_martin,11,+1 Lap,14,69,
4868,2022,13,gasly,alphatauri,12,+1 Lap,0,69,
4869,2022,13,zhou,alfa,13,+1 Lap,12,69,
4870,2022,13,mick_schumacher,haas,14,+1 Lap,15,69,
4871,2022,13,ricciardo,mclaren,15,+1 Lap,9,69,
4872,2022,13,kevin_magnussen,haas,16,+1 Lap,13,69,
4873,2022,13,albon,williams,17,+1 Lap,17,69,
4874,2022,13,latifi,williams,18,+1 Lap,19,69,
4875,2022,13,tsunoda,alphatauri,19,+2 Laps,16,68,
4876,2022,13,bottas,alfa,20,Power Unit,8,65,
4877,2022,14,max_verstappen,red_bull,1,Finished,14,44,
4878,2022,14,perez,red_bull,2,Finished,2,44,
4879,2022,14,sainz,ferrari,3,Finished,1,44,
4880,2022,14,russell,mercedes,4,Finished,5,44,
4881,2022,14,alonso,alpine,5,Finished,3,44,
4882,2022,14,leclerc,ferrari,6,Finished,15,44,
4883,2022,14,ocon,alpine,7,Finished,16,44,
4884,2022,14,vettel,aston_martin,8,Finished,10,44,
4885,2022,14,gasly,alphatauri,9,Finished,0,44,
4886,2022,14,albon,williams,10,Finished,6,44,
4887,2022,14,stroll,aston_martin,11,Finished,9,44,
4888,2022,14,norris,mclaren,12,Finished,17,44,
4889,2022,14,tsunoda,alphatauri,13,Finished,0,44,
4890,2022,14,zhou,alfa,14,Finished,18,44,
4891,2022,14,ricciardo,mclaren,15,Finished,7,44,
4892,2022,14,kevin_magnussen,haas,16,+1 Lap,12,43,
4893,2022,14,mick_schumacher,haas,17,+1 Lap,19,43,
4894,2022,14,latifi,williams,18,+1 Lap,11,43,
4895,2022,14,bottas,alfa,19,Accident,13,1,
4896,2022,14,hamilton,mercedes,20,Collision damage,4,0,
4897,2022,15,max_verstappen,red_bull,1,Finished,1,72,
4898,2022,15,russell,mercedes,2,Finished,6,72,
4899,2022,15,leclerc,ferrari,3,Finished,2,72,
4900,2022,15,hamilton,mercedes,4,Finished,4,72,
4901,2022,15,perez,red_bull,5,Finished,5,72,
4902,2022,15,alonso,alpine,6,Finished,13,72,
4903,2022,15,norris,mclaren,7,Finished,7,72,
4904,2022,15,sainz,ferrari,8,Finished,3,72,
4905,2022,15,ocon,alpine,9,Finished,12,72,
4906,2022,15,stroll,aston_martin,10,Finished,10,72,
4907,2022,15,gasly,alphatauri,11,Finished,11,72,
4908,2022,15,albon,williams,12,Finished,15,72,
4909,2022,15,mick_schumacher,haas,13,Finished,8,72,
4910,2022,15,vettel,aston_martin,14,Finished,19,72,
4911,2022,15,kevin_magnussen,haas,15,Finished,18,72,
4912,2022,15,zhou,alfa,16,Finished,14,72,
4913,2022,15,ricciardo,mclaren,17,Finished,17,72,
4914,2022,15,latifi,williams,18,+1 Lap,20,71,
4915,2022,15,bottas,alfa,19,Engine,16,53,
4916,2022,15,tsunoda,alphatauri,20,Differential,9,43,
4917,2022,16,max_verstappen,red_bull,1,Finished,7,53,
4918,2022,16,leclerc,ferrari,2,Finished,1,53,
4919,2022,16,russell,mercedes,3,Finished,2,53,
4920,2022,16,sainz,ferrari,4,Finished,18,53,
4921,2022,16,hamilton,mercedes,5,Finished,19,53,
4922,2022,16,perez,red_bull,6,Finished,13,53,
4923,2022,16,norris,mclaren,7,Finished,3,53,
4924,2022,16,gasly,alphatauri,8,Finished,5,53,
4925,2022,16,de_vries,williams,9,Finished,8,53,
4926,2022,16,zhou,alfa,10,Finished,9,53,
4927,2022,16,ocon,alpine,11,Finished,14,53,
4928,2022,16,mick_schumacher,haas,12,Finished,17,53,
4929,2022,16,bottas,alfa,13,+1 Lap,15,52,
4930,2022,16,tsunoda,alphatauri,14,+1 Lap,20,52,
4931,2022,16,latifi,williams,15,+1 Lap,10,52,
4932,2022,16,kevin_magnussen,haas,16,+1 Lap,16,52,
4933,2022,16,ricciardo,mclaren,17,Oil leak,4,45,
4934,2022,16,stroll,aston_martin,18,Engine,12,39,
4935,2022,16,alonso,alpine,19,Water pressure,6,31,
4936,2022,16,vettel,aston_martin,20,Engine,11,10,
4937,2022,17,perez,red_bull,1,Finished,2,59,
4938,2022,17,leclerc,ferrari,2,Finished,1,59,
4939,2022,17,sainz,ferrari,3,Finished,4,59,
4940,2022,17,norris,mclaren,4,Finished,6,59,
4941,2022,17,ricciardo,mclaren,5,Finished,16,59,
4942,2022,17,stroll,aston_martin,6,Finished,11,59,
4943,2022,17,max_verstappen,red_bull,7,Finished,8,59,
4944,2022,17,vettel,aston_martin,8,Finished,13,59,
4945,2022,17,hamilton,mercedes,9,Finished,3,59,
4946,2022,17,gasly,alphatauri,10,Finished,7,59,
4947,2022,17,bottas,alfa,11,Finished,15,59,
4948,2022,17,kevin_magnussen,haas,12,Finished,9,59,
4949,2022,17,mick_schumacher,haas,13,+1 Lap,12,58,
4950,2022,17,russell,mercedes,14,+2 Laps,0,57,
4951,2022,17,tsunoda,alphatauri,15,Accident,10,34,
4952,2022,17,ocon,alpine,16,Engine,17,26,
4953,2022,17,albon,williams,17,Collision damage,18,25,
4954,2022,17,alonso,alpine,18,Engine,5,20,
4955,2022,17,latifi,williams,19,Collision damage,19,7,
4956,2022,17,zhou,alfa,20,Collision,14,6,
4957,2022,18,max_verstappen,red_bull,1,Finished,1,28,
4958,2022,18,perez,red_bull,2,Finished,4,28,
4959,2022,18,leclerc,ferrari,3,Finished,2,28,
4960,2022,18,ocon,alpine,4,Finished,5,28,
4961,2022,18,hamilton,mercedes,5,Finished,6,28,
4962,2022,18,vettel,aston_martin,6,Finished,9,28,
4963,2022,18,alonso,alpine,7,Finished,7,28,
4964,2022,18,russell,mercedes,8,Finished,8,28,
4965,2022,18,latifi,williams,9,Finished,20,28,
4966,2022,18,norris,mclaren,10,Finished,10,28,
4967,2022,18,ricciardo,mclaren,11,Finished,11,28,
4968,2022,18,stroll,aston_martin,12,Finished,19,28,
4969,2022,18,tsunoda,alphatauri,13,Finished,13,28,
4970,2022,18,kevin_magnussen,haas,14,Finished,18,28,
4971,2022,18,bottas,alfa,15,Finished,12,28,
4972,2022,18,zhou,alfa,16,Finished,14,28,
4973,2022,18,mick_schumacher,haas,17,Finished,15,28,
4974,2022,18,gasly,alphatauri,18,Finished,17,28,
4975,2022,18,sainz,ferrari,19,Accident,3,0,
4976,2022,18,albon,williams,20,Hydraulics,16,0,
4977,2022,19,max_verstappen,red_bull,1,Finished,2,56,
4978,2022,19,hamilton,mercedes,2,Finished,3,56,
4979,2022,19,leclerc,ferrari,3,Finished,12,56,
4980,2022,19,perez,red_bull,4,Finished,9,56,
4981,2022,19,russell,mercedes,5,Finished,4,56,
4982,2022,19,norris,mclaren,6,Finished,6,56,
4983,2022,19,alonso,alpine,7,Finished,14,56,
4984,2022,19,vettel,aston_martin,8,Finished,10,56,
4985,2022,19,kevin_magnussen,haas,9,Finished,13,56,
4986,2022,19,tsunoda,alphatauri,10,Finished,19,56,
4987,2022,19,ocon,alpine,11,Finished,0,56,
4988,2022,19,zhou,alfa,12,Finished,18,56,
4989,2022,19,albon,williams,13,Finished,8,56,
4990,2022,19,gasly,alphatauri,14,Finished,11,56,
4991,2022,19,mick_schumacher,haas,15,Finished,16,56,
4992,2022,19,ricciardo,mclaren,16,Finished,15,56,
4993,2022,19,latifi,williams,17,Finished,17,56,
4994,2022,19,stroll,aston_martin,18,Collision,5,21,
4995,2022,19,bottas,alfa,19,Spun off,7,16,
4996,2022,19,sainz,ferrari,20,Collision damage,1,1,
4997,2022,20,max_verstappen,red_bull,1,Finished,1,71,
4998,2022,20,hamilton,mercedes,2,Finished,3,71,
4999,2022,20,perez,red_bull,3,Finished,4,71,
5000,2022,20,russell,mercedes,4,Finished,2,71,
5001,2022,20,sainz,ferrari,5,Finished,5,71,
5002,2022,20,leclerc,ferrari,6,Finished,7,71,
5003,2022,20,ricciardo,mclaren,7,+1 Lap,11,70,
5004,2022,20,ocon,alpine,8,+1 Lap,10,70,
5005,2022,20,norris,mclaren,9,+1 Lap,8,70,
5006,2022,20,bottas,alfa,10,+1 Lap,6,70,
5007,2022,20,gasly,alphatauri,11,+1 Lap,14,70,
5008,2022,20,albon,williams,12,+1 Lap,17,70,
5009,2022,20,zhou,alfa,13,+1 Lap,12,70,
5010,2022,20,vettel,aston_martin,14,+1 Lap,16,70,
5011,2022,20,stroll,aston_martin,15,+1 Lap,20,70,
5012,2022,20,mick_schumacher,haas,16,+1 Lap,15,70,
5013,2022,20,kevin_magnussen,haas,17,+1 Lap,19,70,
5014,2022,20,latifi,williams,18,+2 Laps,18,69,
5015,2022,20,alonso,alpine,19,Engine,9,63,
5016,2022,20,tsunoda,alphatauri,20,Collision damage,13,50,
5017,2022,21,russell,mercedes,1,Finished,1,71,
5018,2022,21,hamilton,mercedes,2,Finished,2,71,
5019,2022,21,sainz,ferrari,3,Finished,7,71,
5020,2022,21,leclerc,ferrari,4,Finished,5,71,
5021,2022,21,alonso,alpine,5,Finished,17,71,
5022,2022,21,max_verstappen,red_bull,6,Finished,3,71,
5023,2022,21,perez,red_bull,7,Finished,4,71,
5024,2022,21,ocon,alpine,8,Finished,16,71,
5025,2022,21,bottas,alfa,9,Finished,14,71,
5026,2022,21,stroll,aston_martin,10,Finished,15,71,
5027,2022,21,vettel,aston_martin,11,Finished,9,71,
5028,2022,21,zhou,alfa,12,Finished,13,71,
5029,2022,21,mick_schumacher,haas,13,Finished,12,71,
5030,2022,21,gasly,alphatauri,14,Finished,10,71,
5031,2022,21,albon,williams,15,Finished,19,71,
5032,2022,21,latifi,williams,16,Finished,18,71,
5033,2022,21,tsunoda,alphatauri,17,+1 Lap,0,70,
5034,2022,21,norris,mclaren,18,Gearbox,6,50,
5035,2022,21,kevin_magnussen,haas,19,Collision,8,0,
5036,2022,21,ricciardo,mclaren,20,Collision,11,0,
5037,2022,22,max_verstappen,red_bull,1,Finished,1,58,
5038,2022,22,leclerc,ferrari,2,Finished,3,58,
5039,2022,22,perez,red_bull,3,Finished,2,58,
5040,2022,22,sainz,ferrari,4,Finished,4,58,
5041,2022,22,russell,mercedes,5,Finished,6,58,
5042,2022,22,norris,mclaren,6,Finished,7,58,
5043,2022,22,ocon,alpine,7,Finished,8,58,
5044,2022,22,stroll,aston_martin,8,Finished,14,58,
5045,2022,22,ricciardo,mclaren,9,Finished,13,58,
5046,2022,22,vettel,aston_martin,10,Finished,9,58,
5047,2022,22,tsunoda,alphatauri,11,Finished,11,58,
5048,2022,22,zhou,alfa,12,+1 Lap,15,57,
5049,2022,22,albon,williams,13,+1 Lap,19,57,
5050,2022,22,gasly,alphatauri,14,+1 Lap,17,57,
5051,2022,22,bottas,alfa,15,+1 Lap,18,57,
5052,2022,22,mick_schumacher,haas,16,+1 Lap,12,57,
5053,2022,22,kevin_magnussen,haas,17,+1 Lap,16,57,
5054,2022,22,hamilton,mercedes,18,Hydraulics,5,55,
5055,2022,22,latifi,williams,19,Collision damage,20,55,
5056,2022,22,alonso,alpine,20,Water leak,10,27,
5057,2023,1,max_verstappen,red_bull,1,Finished,1,57,
5058,2023,1,perez,red_bull,2,Finished,2,57,
5059,2023,1,alonso,aston_martin,3,Finished,5,57,
5060,2023,1,sainz,ferrari,4,Finished,4,57,
5061,2023,1,hamilton,mercedes,5,Finished,7,57,
5062,2023,1,stroll,aston_martin,6,Finished,8,57,
5063,2023,1,russell,mercedes,7,Finished,6,57,
5064,2023,1,bottas,alfa,8,Finished,12,57,
5065,2023,1,gasly,alpine,9,Finished,20,57,
5066,2023,1,albon,williams,10,Finished,15,57,
5067,2023,1,tsunoda,alphatauri,11,Finished,14,57,
5068,2023,1,sargeant,williams,12,Lapped,16,56,
5069,2023,1,kevin_magnussen,haas,13,Lapped,17,56,
5070,2023,1,de_vries,alphatauri,14,Lapped,19,56,
5071,2023,1,hulkenberg,haas,15,Lapped,10,56,
5072,2023,1,zhou,alfa,16,Lapped,13,56,
5073,2023,1,norris,mclaren,17,Lapped,11,55,
5074,2023,1,ocon,alpine,18,Retired,9,41,
5075,2023,1,leclerc,ferrari,19,Retired,3,39,
5076,2023,1,piastri,mclaren,20,Retired,18,13,
5077,2023,2,perez,red_bull,1,Finished,1,50,
5078,2023,2,max_verstappen,red_bull,2,Finished,15,50,
5079,2023,2,alonso,aston_martin,3,Finished,2,50,
5080,2023,2,russell,mercedes,4,Finished,3,50,
5081,2023,2,hamilton,mercedes,5,Finished,7,50,
5082,2023,2,sainz,ferrari,6,Finished,4,50,
5083,2023,2,leclerc,ferrari,7,Finished,12,50,
5084,2023,2,ocon,alpine,8,Finished,6,50,
5085,2023,2,gasly,alpine,9,Finished,9,50,
5086,2023,2,kevin_magnussen,haas,10,Finished,13,50,
5087,2023,2,tsunoda,alphatauri,11,Finished,16,50,
5088,2023,2,hulkenberg,haas,12,Finished,10,50,
5089,2023,2,zhou,alfa,13,Finished,11,50,
5090,2023,2,de_vries,alphatauri,14,Finished,18,50,
5091,2023,2,piastri,mclaren,15,Finished,8,50,
5092,2023,2,sargeant,williams,16,Finished,20,50,
5093,2023,2,norris,mclaren,17,Finished,19,50,
5094,2023,2,bottas,alfa,18,Lapped,14,49,
5095,2023,2,albon,williams,19,Retired,17,27,
5096,2023,2,stroll,aston_martin,20,Retired,5,16,
5097,2023,3,max_verstappen,red_bull,1,Finished,1,58,
5098,2023,3,hamilton,mercedes,2,Finished,3,58,
5099,2023,3,alonso,aston_martin,3,Finished,4,58,
5100,2023,3,stroll,aston_martin,4,Finished,6,58,
5101,2023,3,perez,red_bull,5,Finished,20,58,
5102,2023,3,norris,mclaren,6,Finished,13,58,
5103,2023,3,hulkenberg,haas,7,Finished,10,58,
5104,2023,3,piastri,mclaren,8,Finished,16,58,
5105,2023,3,zhou,alfa,9,Finished,17,58,
5106,2023,3,tsunoda,alphatauri,10,Finished,12,58,
5107,2023,3,bottas,alfa,11,Finished,19,58,
5108,2023,3,sainz,ferrari,12,Finished,5,58,
5109,2023,3,gasly,alpine,13,Retired,9,56,
5110,2023,3,ocon,alpine,14,Retired,11,56,
5111,2023,3,de_vries,alphatauri,15,Retired,15,56,
5112,2023,3,sargeant,williams,16,Retired,18,56,
5113,2023,3,kevin_magnussen,haas,17,Retired,14,52,
5114,2023,3,russell,mercedes,18,Retired,2,17,
5115,2023,3,albon,williams,19,Retired,8,6,
5116,2023,3,leclerc,ferrari,20,Retired,7,0,
5117,2023,4,perez,red_bull,1,Finished,3,51,
5118,2023,4,max_verstappen,red_bull,2,Finished,2,51,
5119,2023,4,leclerc,ferrari,3,Finished,1,51,
5120,2023,4,alonso,aston_martin,4,Finished,6,51,
5121,2023,4,sainz,ferrari,5,Finished,4,51,
5122,2023,4,hamilton,mercedes,6,Finished,5,51,
5123,2023,4,stroll,aston_martin,7,Finished,9,51,
5124,2023,4,russell,mercedes,8,Finished,11,51,
5125,2023,4,norris,mclaren,9,Finished,7,51,
5126,2023,4,tsunoda,alphatauri,10,Finished,8,51,
5127,2023,4,piastri,mclaren,11,Finished,10,51,
5128,2023,4,albon,williams,12,Finished,12,51,
5129,2023,4,kevin_magnussen,haas,13,Finished,16,51,
5130,2023,4,gasly,alpine,14,Finished,17,51,
5131,2023,4,ocon,alpine,15,Finished,19,51,
5132,2023,4,sargeant,williams,16,Finished,14,51,
5133,2023,4,hulkenberg,haas,17,Lapped,20,50,
5134,2023,4,bottas,alfa,18,Lapped,13,50,
5135,2023,4,zhou,alfa,19,Retired,15,36,
5136,2023,4,de_vries,alphatauri,20,Retired,18,9,
5137,2023,5,max_verstappen,red_bull,1,Finished,9,57,
5138,2023,5,perez,red_bull,2,Finished,1,57,
5139,2023,5,alonso,aston_martin,3,Finished,2,57,
5140,2023,5,russell,mercedes,4,Finished,6,57,
5141,2023,5,sainz,ferrari,5,Finished,3,57,
5142,2023,5,hamilton,mercedes,6,Finished,13,57,
5143,2023,5,leclerc,ferrari,7,Finished,7,57,
5144,2023,5,gasly,alpine,8,Finished,5,57,
5145,2023,5,ocon,alpine,9,Finished,8,57,
5146,2023,5,kevin_magnussen,haas,10,Finished,4,57,
5147,2023,5,tsunoda,alphatauri,11,Finished,17,57,
5148,2023,5,stroll,aston_martin,12,Finished,18,57,
5149,2023,5,bottas,alfa,13,Finished,10,57,
5150,2023,5,albon,williams,14,Finished,11,57,
5151,2023,5,hulkenberg,haas,15,Finished,12,57,
5152,2023,5,zhou,alfa,16,Finished,14,57,
5153,2023,5,norris,mclaren,17,Finished,16,57,
5154,2023,5,de_vries,alphatauri,18,Finished,15,57,
5155,2023,5,piastri,mclaren,19,Lapped,19,56,
5156,2023,5,sargeant,williams,20,Lapped,20,56,
5157,2023,6,max_verstappen,red_bull,1,Finished,1,78,
5158,2023,6,alonso,aston_martin,2,Finished,2,78,
5159,2023,6,ocon,alpine,3,Finished,3,78,
5160,2023,6,hamilton,mercedes,4,Finished,5,78,
5161,2023,6,russell,mercedes,5,Finished,8,78,
5162,2023,6,leclerc,ferrari,6,Finished,6,78,
5163,2023,6,gasly,alpine,7,Finished,7,78,
5164,2023,6,sainz,ferrari,8,Finished,4,78,
5165,2023,6,norris,mclaren,9,Lapped,10,77,
5166,2023,6,piastri,mclaren,10,Lapped,11,77,
5167,2023,6,bottas,alfa,11,Lapped,15,77,
5168,2023,6,de_vries,alphatauri,12,Lapped,12,77,
5169,2023,6,zhou,alfa,13,Lapped,19,77,
5170,2023,6,albon,williams,14,Lapped,13,77,
5171,2023,6,tsunoda,alphatauri,15,Lapped,9,76,
5172,2023,6,perez,red_bull,16,Lapped,20,76,
5173,2023,6,hulkenberg,haas,17,Lapped,18,76,
5174,2023,6,sargeant,williams,18,Lapped,16,76,
5175,2023,6,kevin_magnussen,haas,19,Retired,17,70,
5176,2023,6,stroll,aston_martin,20,Retired,14,53,
5177,2023,7,max_verstappen,red_bull,1,Finished,1,66,
5178,2023,7,hamilton,mercedes,2,Finished,4,66,
5179,2023,7,russell,mercedes,3,Finished,12,66,
5180,2023,7,perez,red_bull,4,Finished,11,66,
5181,2023,7,sainz,ferrari,5,Finished,2,66,
5182,2023,7,stroll,aston_martin,6,Finished,5,66,
5183,2023,7,alonso,aston_martin,7,Finished,8,66,
5184,2023,7,ocon,alpine,8,Finished,6,66,
5185,2023,7,zhou,alfa,9,Finished,13,66,
5186,2023,7,gasly,alpine,10,Finished,10,66,
5187,2023,7,leclerc,ferrari,11,Finished,19,66,
5188,2023,7,tsunoda,alphatauri,12,Finished,15,66,
5189,2023,7,piastri,mclaren,13,Lapped,9,65,
5190,2023,7,de_vries,alphatauri,14,Lapped,14,65,
5191,2023,7,hulkenberg,haas,15,Lapped,7,65,
5192,2023,7,albon,williams,16,Lapped,18,65,
5193,2023,7,norris,mclaren,17,Lapped,3,65,
5194,2023,7,kevin_magnussen,haas,18,Lapped,17,65,
5195,2023,7,bottas,alfa,19,Lapped,16,65,
5196,2023,7,sargeant,williams,20,Lapped,20,65,
5197,2023,8,max_verstappen,red_bull,1,Finished,1,70,
5198,2023,8,alonso,aston_martin,2,Finished,2,70,
5199,2023,8,hamilton,mercedes,3,Finished,3,70,
5200,2023,8,leclerc,ferrari,4,Finished,10,70,
5201,2023,8,sainz,ferrari,5,Finished,11,70,
5202,2023,8,perez,red_bull,6,Finished,12,70,
5203,2023,8,albon,williams,7,Finished,9,70,
5204,2023,8,ocon,alpine,8,Finished,6,70,
5205,2023,8,stroll,aston_martin,9,Finished,16,70,
5206,2023,8,bottas,alfa,10,Finished,14,70,
5207,2023,8,piastri,mclaren,11,Finished,8,70,
5208,2023,8,gasly,alpine,12,Finished,15,70,
5209,2023,8,norris,mclaren,13,Finished,7,70,
5210,2023,8,tsunoda,alphatauri,14,Finished,19,70,
5211,2023,8,hulkenberg,haas,15,Lapped,5,69,
5212,2023,8,zhou,alfa,16,Lapped,20,69,
5213,2023,8,kevin_magnussen,haas,17,Lapped,13,69,
5214,2023,8,de_vries,alphatauri,18,Lapped,17,69,
5215,2023,8,russell,mercedes,19,Retired,4,53,
5216,2023,8,sargeant,williams,20,Retired,18,6,
5217,2023,9,max_verstappen,red_bull,1,Finished,1,71,
5218,2023,9,leclerc,ferrari,2,Finished,2,71,
5219,2023,9,perez,red_bull,3,Finished,15,71,
5220,2023,9,norris,mclaren,4,Finished,4,71,
5221,2023,9,alonso,aston_martin,5,Finished,7,71,
5222,2023,9,sainz,ferrari,6,Finished,3,71,
5223,2023,9,russell,mercedes,7,Finished,11,71,
5224,2023,9,hamilton,mercedes,8,Finished,5,71,
5225,2023,9,stroll,aston_martin,9,Finished,6,71,
5226,2023,9,gasly,alpine,10,Finished,9,71,
5227,2023,9,albon,williams,11,Finished,10,71,
5228,2023,9,zhou,alfa,12,Lapped,17,70,
5229,2023,9,sargeant,williams,13,Lapped,18,70,
5230,2023,9,ocon,alpine,14,Lapped,12,70,
5231,2023,9,bottas,alfa,15,Lapped,14,70,
5232,2023,9,piastri,mclaren,16,Lapped,13,70,
5233,2023,9,de_vries,alphatauri,17,Lapped,20,70,
5234,2023,9,kevin_magnussen,haas,18,Lapped,19,70,
5235,2023,9,tsunoda,alphatauri,19,Lapped,16,70,
5236,2023,9,hulkenberg,haas,20,Retired,8,12,
5237,2023,10,max_verstappen,red_bull,1,Finished,1,52,
5238,2023,10,norris,mclaren,2,Finished,2,52,
5239,2023,10,hamilton,mercedes,3,Finished,7,52,
5240,2023,10,piastri,mclaren,4,Finished,3,52,
5241,2023,10,russell,mercedes,5,Finished,6,52,
5242,2023,10,perez,red_bull,6,Finished,15,52,
5243,2023,10,alonso,aston_martin,7,Finished,9,52,
5244,2023,10,albon,williams,8,Finished,8,52,
5245,2023,10,leclerc,ferrari,9,Finished,4,52,
5246,2023,10,sainz,ferrari,10,Finished,5,52,
5247,2023,10,sargeant,williams,11,Finished,14,52,
5248,2023,10,bottas,alfa,12,Finished,20,52,
5249,2023,10,hulkenberg,haas,13,Finished,11,52,
5250,2023,10,stroll,aston_martin,14,Finished,12,52,
5251,2023,10,zhou,alfa,15,Finished,17,52,
5252,2023,10,tsunoda,alphatauri,16,Finished,16,52,
5253,2023,10,de_vries,alphatauri,17,Finished,18,52,
5254,2023,10,gasly,alpine,18,Retired,10,46,
5255,2023,10,kevin_magnussen,haas,19,Retired,19,31,
5256,2023,10,ocon,alpine,20,Retired,13,9,
5257,2023,11,max_verstappen,red_bull,1,Finished,2,70,
5258,2023,11,norris,mclaren,2,Finished,3,70,
5259,2023,11,perez,red_bull,3,Finished,9,70,
5260,2023,11,hamilton,mercedes,4,Finished,1,70,
5261,2023,11,piastri,mclaren,5,Finished,4,70,
5262,2023,11,russell,mercedes,6,Finished,18,70,
5263,2023,11,leclerc,ferrari,7,Finished,6,70,
5264,2023,11,sainz,ferrari,8,Finished,11,70,
5265,2023,11,alonso,aston_martin,9,Finished,8,70,
5266,2023,11,stroll,aston_martin,10,Lapped,14,69,
5267,2023,11,albon,williams,11,Lapped,16,69,
5268,2023,11,bottas,alfa,12,Lapped,7,69,
5269,2023,11,ricciardo,alphatauri,13,Lapped,13,69,
5270,2023,11,hulkenberg,haas,14,Lapped,10,69,
5271,2023,11,tsunoda,alphatauri,15,Lapped,17,69,
5272,2023,11,zhou,alfa,16,Lapped,5,69,
5273,2023,11,kevin_magnussen,haas,17,Lapped,19,69,
5274,2023,11,sargeant,williams,18,Retired,20,67,
5275,2023,11,ocon,alpine,19,Retired,12,2,
5276,2023,11,gasly,alpine,20,Retired,15,1,
5277,2023,12,max_verstappen,red_bull,1,Finished,6,44,
5278,2023,12,perez,red_bull,2,Finished,2,44,
5279,2023,12,leclerc,ferrari,3,Finished,1,44,
5280,2023,12,hamilton,mercedes,4,Finished,3,44,
5281,2023,12,alonso,aston_martin,5,Finished,9,44,
5282,2023,12,russell,mercedes,6,Finished,8,44,
5283,2023,12,norris,mclaren,7,Finished,7,44,
5284,2023,12,ocon,alpine,8,Finished,14,44,
5285,2023,12,stroll,aston_martin,9,Finished,10,44,
5286,2023,12,tsunoda,alphatauri,10,Finished,11,44,
5287,2023,12,gasly,alpine,11,Finished,12,44,
5288,2023,12,bottas,alfa,12,Finished,13,44,
5289,2023,12,zhou,alfa,13,Finished,17,44,
5290,2023,12,albon,williams,14,Finished,15,44,
5291,2023,12,kevin_magnussen,haas,15,Finished,16,44,
5292,2023,12,ricciardo,alphatauri,16,Finished,19,44,
5293,2023,12,sargeant,williams,17,Finished,18,44,
5294,2023,12,hulkenberg,haas,18,Finished,20,44,
5295,2023,12,sainz,ferrari,19,Retired,4,23,
5296,2023,12,piastri,mclaren,20,Retired,5,0,
5297,2023,13,max_verstappen,red_bull,1,Finished,1,72,
5298,2023,13,alonso,aston_martin,2,Finished,5,72,
5299,2023,13,gasly,alpine,3,Finished,12,72,
5300,2023,13,perez,red_bull,4,Finished,7,72,
5301,2023,13,sainz,ferrari,5,Finished,6,72,
5302,2023,13,hamilton,mercedes,6,Finished,13,72,
5303,2023,13,norris,mclaren,7,Finished,2,72,
5304,2023,13,albon,williams,8,Finished,4,72,
5305,2023,13,piastri,mclaren,9,Finished,8,72,
5306,2023,13,ocon,alpine,10,Finished,16,72,
5307,2023,13,stroll,aston_martin,11,Finished,11,72,
5308,2023,13,hulkenberg,haas,12,Finished,14,72,
5309,2023,13,lawson,alphatauri,13,Finished,19,72,
5310,2023,13,bottas,alfa,14,Finished,18,72,
5311,2023,13,tsunoda,alphatauri,15,Finished,17,72,
5312,2023,13,kevin_magnussen,haas,16,Finished,0,72,
5313,2023,13,russell,mercedes,17,Finished,3,72,
5314,2023,13,zhou,alfa,18,Accident,15,62,
5315,2023,13,leclerc,ferrari,19,Undertray,9,41,
5316,2023,13,sargeant,williams,20,Accident,10,14,
5317,2023,14,max_verstappen,red_bull,1,Finished,2,51,
5318,2023,14,perez,red_bull,2,Finished,5,51,
5319,2023,14,sainz,ferrari,3,Finished,1,51,
5320,2023,14,leclerc,ferrari,4,Finished,3,51,
5321,2023,14,russell,mercedes,5,Finished,4,51,
5322,2023,14,hamilton,mercedes,6,Finished,8,51,
5323,2023,14,albon,williams,7,Finished,6,51,
5324,2023,14,norris,mclaren,8,Finished,9,51,
5325,2023,14,alonso,aston_martin,9,Finished,10,51,
5326,2023,14,bottas,alfa,10,Finished,14,51,
5327,2023,14,lawson,alphatauri,11,Finished,12,51,
5328,2023,14,piastri,mclaren,12,Finished,7,51,
5329,2023,14,sargeant,williams,13,Finished,15,51,
5330,2023,14,zhou,alfa,14,Finished,16,51,
5331,2023,14,gasly,alpine,15,Finished,17,51,
5332,2023,14,stroll,aston_martin,16,Finished,20,51,
5333,2023,14,hulkenberg,haas,17,Lapped,13,50,
5334,2023,14,kevin_magnussen,haas,18,Lapped,19,50,
5335,2023,14,ocon,alpine,19,Retired,18,39,
5336,2023,14,tsunoda,alphatauri,20,Did not start,11,0,
5337,2023,15,sainz,ferrari,1,Finished,1,62,
5338,2023,15,norris,mclaren,2,Finished,4,62,
5339,2023,15,hamilton,mercedes,3,Finished,5,62,
5340,2023,15,leclerc,ferrari,4,Finished,3,62,
5341,2023,15,max_verstappen,red_bull,5,Finished,11,62,
5342,2023,15,gasly,alpine,6,Finished,12,62,
5343,2023,15,piastri,mclaren,7,Finished,17,62,
5344,2023,15,perez,red_bull,8,Finished,13,62,
5345,2023,15,lawson,alphatauri,9,Finished,10,62,
5346,2023,15,kevin_magnussen,haas,10,Finished,6,62,
5347,2023,15,albon,williams,11,Finished,14,62,
5348,2023,15,zhou,alfa,12,Finished,19,62,
5349,2023,15,hulkenberg,haas,13,Finished,9,62,
5350,2023,15,sargeant,williams,14,Finished,18,62,
5351,2023,15,alonso,aston_martin,15,Finished,7,62,
5352,2023,15,russell,mercedes,16,Retired,2,61,
5353,2023,15,bottas,alfa,17,Retired,16,51,
5354,2023,15,ocon,alpine,18,Retired,8,42,
5355,2023,15,tsunoda,alphatauri,19,Retired,15,0,
5356,2023,15,stroll,aston_martin,20,Withdrew,0,0,
5357,2023,16,max_verstappen,red_bull,1,Finished,1,53,
5358,2023,16,norris,mclaren,2,Finished,3,53,
5359,2023,16,piastri,mclaren,3,Finished,2,53,
5360,2023,16,leclerc,ferrari,4,Finished,4,53,
5361,2023,16,hamilton,mercedes,5,Finished,7,53,
5362,2023,16,sainz,ferrari,6,Finished,6,53,
5363,2023,16,russell,mercedes,7,Finished,8,53,
5364,2023,16,alonso,aston_martin,8,Finished,10,53,
5365,2023,16,ocon,alpine,9,Finished,14,53,
5366,2023,16,gasly,alpine,10,Finished,12,53,
5367,2023,16,lawson,alphatauri,11,Lapped,11,52,
5368,2023,16,tsunoda,alphatauri,12,Lapped,9,52,
5369,2023,16,zhou,alfa,13,Lapped,19,52,
5370,2023,16,hulkenberg,haas,14,Lapped,18,52,
5371,2023,16,kevin_magnussen,haas,15,Lapped,15,52,
5372,2023,16,albon,williams,16,Retired,13,26,
5373,2023,16,sargeant,williams,17,Retired,20,22,
5374,2023,16,stroll,aston_martin,18,Retired,17,20,
5375,2023,16,perez,red_bull,19,Retired,5,15,
5376,2023,16,bottas,alfa,20,Retired,16,7,
5377,2023,17,max_verstappen,red_bull,1,Finished,1,57,
5378,2023,17,piastri,mclaren,2,Finished,6,57,
5379,2023,17,norris,mclaren,3,Finished,10,57,
5380,2023,17,russell,mercedes,4,Finished,2,57,
5381,2023,17,leclerc,ferrari,5,Finished,5,57,
5382,2023,17,alonso,aston_martin,6,Finished,4,57,
5383,2023,17,ocon,alpine,7,Finished,8,57,
5384,2023,17,bottas,alfa,8,Finished,9,57,
5385,2023,17,zhou,alfa,9,Finished,19,57,
5386,2023,17,perez,red_bull,10,Finished,20,57,
5387,2023,17,stroll,aston_martin,11,Finished,16,57,
5388,2023,17,gasly,alpine,12,Finished,7,57,
5389,2023,17,albon,williams,13,Finished,13,57,
5390,2023,17,kevin_magnussen,haas,14,Lapped,18,56,
5391,2023,17,tsunoda,alphatauri,15,Lapped,11,56,
5392,2023,17,hulkenberg,haas,16,Lapped,14,56,
5393,2023,17,lawson,alphatauri,17,Lapped,17,56,
5394,2023,17,sargeant,williams,18,Retired,15,40,
5395,2023,17,hamilton,mercedes,19,Retired,3,0,
5396,2023,17,sainz,ferrari,20,Did not start,12,0,
5397,2023,18,max_verstappen,red_bull,1,Finished,6,56,
5398,2023,18,norris,mclaren,2,Finished,2,56,
5399,2023,18,sainz,ferrari,3,Finished,4,56,
5400,2023,18,perez,red_bull,4,Finished,9,56,
5401,2023,18,russell,mercedes,5,Finished,5,56,
5402,2023,18,gasly,alpine,6,Finished,7,56,
5403,2023,18,stroll,aston_martin,7,Finished,20,56,
5404,2023,18,tsunoda,alphatauri,8,Finished,11,56,
5405,2023,18,albon,williams,9,Finished,15,56,
5406,2023,18,sargeant,williams,10,Finished,16,56,
5407,2023,18,hulkenberg,haas,11,Finished,18,56,
5408,2023,18,bottas,alfa,12,Finished,13,56,
5409,2023,18,zhou,alfa,13,Lapped,12,55,
5410,2023,18,kevin_magnussen,haas,14,Lapped,17,55,
5411,2023,18,ricciardo,alphatauri,15,Lapped,14,55,
5412,2023,18,alonso,aston_martin,16,Retired,19,49,
5413,2023,18,piastri,mclaren,17,Retired,10,10,
5414,2023,18,ocon,alpine,18,Retired,8,6,
5415,2023,18,hamilton,mercedes,19,Disqualified,3,56,
5416,2023,18,leclerc,ferrari,20,Disqualified,1,56,
5417,2023,19,max_verstappen,red_bull,1,Finished,3,71,
5418,2023,19,hamilton,mercedes,2,Finished,6,71,
5419,2023,19,leclerc,ferrari,3,Finished,1,71,
5420,2023,19,sainz,ferrari,4,Finished,2,71,
5421,2023,19,norris,mclaren,5,Finished,17,71,
5422,2023,19,russell,mercedes,6,Finished,8,71,
5423,2023,19,ricciardo,alphatauri,7,Finished,4,71,
5424,2023,19,piastri,mclaren,8,Finished,7,71,
5425,2023,19,albon,williams,9,Finished,14,71,
5426,2023,19,ocon,alpine,10,Finished,15,71,
5427,2023,19,gasly,alpine,11,Finished,11,71,
5428,2023,19,tsunoda,alphatauri,12,Finished,18,71,
5429,2023,19,hulkenberg,haas,13,Finished,12,71,
5430,2023,19,zhou,alfa,14,Finished,10,71,
5431,2023,19,bottas,alfa,15,Finished,9,71,
5432,2023,19,sargeant,williams,16,Retired,19,70,
5433,2023,19,stroll,aston_martin,17,Collision damage,0,66,
5434,2023,19,alonso,aston_martin,18,Withdrew,13,47,
5435,2023,19,kevin_magnussen,haas,19,Accident,16,31,
5436,2023,19,perez,red_bull,20,Collision damage,5,1,
5437,2023,20,max_verstappen,red_bull,1,Finished,1,71,
5438,2023,20,norris,mclaren,2,Finished,6,71,
5439,2023,20,alonso,aston_martin,3,Finished,4,71,
5440,2023,20,perez,red_bull,4,Finished,9,71,
5441,2023,20,stroll,aston_martin,5,Finished,3,71,
5442,2023,20,sainz,ferrari,6,Finished,7,71,
5443,2023,20,gasly,alpine,7,Finished,15,71,
5444,2023,20,hamilton,mercedes,8,Finished,5,71,
5445,2023,20,tsunoda,alphatauri,9,Finished,16,71,
5446,2023,20,ocon,alpine,10,Lapped,14,70,
5447,2023,20,sargeant,williams,11,Lapped,19,70,
5448,2023,20,hulkenberg,haas,12,Lapped,11,70,
5449,2023,20,ricciardo,alphatauri,13,Lapped,17,70,
5450,2023,20,piastri,mclaren,14,Lapped,10,69,
5451,2023,20,russell,mercedes,15,Retired,8,57,
5452,2023,20,bottas,alfa,16,Retired,18,39,
5453,2023,20,zhou,alfa,17,Retired,20,22,
5454,2023,20,kevin_magnussen,haas,18,Retired,12,0,
5455,2023,20,albon,williams,19,Retired,13,0,
5456,2023,20,leclerc,ferrari,20,Did not start,2,0,
5457,2023,21,max_verstappen,red_bull,1,Finished,2,50,
5458,2023,21,leclerc,ferrari,2,Finished,1,50,
5459,2023,21,perez,red_bull,3,Finished,11,50,
5460,2023,21,ocon,alpine,4,Finished,16,50,
5461,2023,21,stroll,aston_martin,5,Finished,19,50,
5462,2023,21,sainz,ferrari,6,Finished,12,50,
5463,2023,21,hamilton,mercedes,7,Finished,10,50,
5464,2023,21,russell,mercedes,8,Finished,3,50,
5465,2023,21,alonso,aston_martin,9,Finished,9,50,
5466,2023,21,piastri,mclaren,10,Finished,18,50,
5467,2023,21,gasly,alpine,11,Finished,4,50,
5468,2023,21,albon,williams,12,Finished,5,50,
5469,2023,21,kevin_magnussen,haas,13,Finished,8,50,
5470,2023,21,ricciardo,alphatauri,14,Finished,14,50,
5471,2023,21,zhou,alfa,15,Finished,17,50,
5472,2023,21,sargeant,williams,16,Finished,6,50,
5473,2023,21,bottas,alfa,17,Finished,7,50,
5474,2023,21,tsunoda,alphatauri,18,Retired,20,46,
5475,2023,21,hulkenberg,haas,19,Retired,13,45,
5476,2023,21,norris,mclaren,20,Retired,15,2,
5477,2023,22,max_verstappen,red_bull,1,Finished,1,58,
5478,2023,22,leclerc,ferrari,2,Finished,2,58,
5479,2023,22,russell,mercedes,3,Finished,4,58,
5480,2023,22,perez,red_bull,4,Finished,9,58,
5481,2023,22,norris,mclaren,5,Finished,5,58,
5482,2023,22,piastri,mclaren,6,Finished,3,58,
5483,2023,22,alonso,aston_martin,7,Finished,7,58,
5484,2023,22,tsunoda,alphatauri,8,Finished,6,58,
5485,2023,22,hamilton,mercedes,9,Finished,11,58,
5486,2023,22,stroll,aston_martin,10,Finished,13,58,
5487,2023,22,ricciardo,alphatauri,11,Finished,15,58,
5488,2023,22,ocon,alpine,12,Finished,12,58,
5489,2023,22,gasly,alpine,13,Finished,10,58,
5490,2023,22,albon,williams,14,Finished,14,58,
5491,2023,22,hulkenberg,haas,15,Finished,8,58,
5492,2023,22,sargeant,williams,16,Finished,20,58,
5493,2023,22,zhou,alfa,17,Finished,19,58,
5494,2023,22,sainz,ferrari,18,Retired,16,57,
5495,2023,22,bottas,alfa,19,Lapped,18,57,
5496,2023,22,kevin_magnussen,haas,20,Lapped,17,57,
5497,2024,1,max_verstappen,red_bull,1,Finished,1,57,
5498,2024,1,perez,red_bull,2,Finished,5,57,
5499,2024,1,sainz,ferrari,3,Finished,4,57,
5500,2024,1,leclerc,ferrari,4,Finished,2,57,
5501,2024,1,russell,mercedes,5,Finished,3,57,
5502,2024,1,norris,mclaren,6,Finished,7,57,
5503,2024,1,hamilton,mercedes,7,Finished,9,57,
5504,2024,1,piastri,mclaren,8,Finished,8,57,
5505,2024,1,alonso,aston_martin,9,Finished,6,57,
5506,2024,1,stroll,aston_martin,10,Finished,12,57,
5507,2024,1,zhou,sauber,11,Lapped,17,56,
5508,2024,1,kevin_magnussen,haas,12,Lapped,15,56,
5509,2024,1,ricciardo,rb,13,Lapped,14,56,
5510,2024,1,tsunoda,rb,14,Lapped,11,56,
5511,2024,1,albon,williams,15,Lapped,13,56,
5512,2024,1,hulkenberg,haas,16,Lapped,10,56,
5513,2024,1,ocon,alpine,17,Lapped,19,56,
5514,2024,1,gasly,alpine,18,Lapped,20,56,
5515,2024,1,bottas,sauber,19,Lapped,16,56,
5516,2024,1,sargeant,williams,20,Lapped,18,55,
5517,2024,2,max_verstappen,red_bull,1,Finished,1,50,
5518,2024,2,perez,red_bull,2,Finished,3,50,
5519,2024,2,leclerc,ferrari,3,Finished,2,50,
5520,2024,2,piastri,mclaren,4,Finished,5,50,
5521,2024,2,alonso,aston_martin,5,Finished,4,50,
5522,2024,2,russell,mercedes,6,Finished,7,50,
5523,2024,2,bearman,ferrari,7,Finished,11,50,
5524,2024,2,norris,mclaren,8,Finished,6,50,
5525,2024,2,hamilton,mercedes,9,Finished,8,50,
5526,2024,2,hulkenberg,haas,10,Finished,15,50,
5527,2024,2,albon,williams,11,Finished,12,50,
5528,2024,2,kevin_magnussen,haas,12,Finished,13,50,
5529,2024,2,ocon,alpine,13,Lapped,17,49,
5530,2024,2,sargeant,williams,14,Lapped,19,49,
5531,2024,2,tsunoda,rb,15,Lapped,9,49,
5532,2024,2,ricciardo,rb,16,Lapped,14,49,
5533,2024,2,bottas,sauber,17,Lapped,16,49,
5534,2024,2,zhou,sauber,18,Lapped,20,49,
5535,2024,2,stroll,aston_martin,19,Retired,10,5,
5536,2024,2,gasly,alpine,20,Retired,18,1,
5537,2024,3,sainz,ferrari,1,Finished,2,58,
5538,2024,3,leclerc,ferrari,2,Finished,4,58,
5539,2024,3,norris,mclaren,3,Finished,3,58,
5540,2024,3,piastri,mclaren,4,Finished,5,58,
5541,2024,3,perez,red_bull,5,Finished,6,58,
5542,2024,3,stroll,aston_martin,6,Finished,9,58,
5543,2024,3,tsunoda,rb,7,Finished,8,58,
5544,2024,3,alonso,aston_martin,8,Finished,10,58,
5545,2024,3,hulkenberg,haas,9,Finished,16,58,
5546,2024,3,kevin_magnussen,haas,10,Lapped,14,57,
5547,2024,3,albon,williams,11,Lapped,12,57,
5548,2024,3,ricciardo,rb,12,Lapped,18,57,
5549,2024,3,gasly,alpine,13,Lapped,17,57,
5550,2024,3,bottas,sauber,14,Lapped,13,57,
5551,2024,3,zhou,sauber,15,Lapped,19,57,
5552,2024,3,ocon,alpine,16,Lapped,15,57,
5553,2024,3,russell,mercedes,17,Retired,7,56,
5554,2024,3,hamilton,mercedes,18,Retired,11,15,
5555,2024,3,max_verstappen,red_bull,19,Retired,1,3,
5556,2024,4,max_verstappen,red_bull,1,Finished,1,53,
5557,2024,4,perez,red_bull,2,Finished,2,53,
5558,2024,4,sainz,ferrari,3,Finished,4,53,
5559,2024,4,leclerc,ferrari,4,Finished,8,53,
5560,2024,4,norris,mclaren,5,Finished,3,53,
5561,2024,4,alonso,aston_martin,6,Finished,5,53,
5562,2024,4,russell,mercedes,7,Finished,9,53,
5563,2024,4,piastri,mclaren,8,Finished,6,53,
5564,2024,4,hamilton,mercedes,9,Finished,7,53,
5565,2024,4,tsunoda,rb,10,Lapped,10,52,
5566,2024,4,hulkenberg,haas,11,Lapped,12,52,
5567,2024,4,stroll,aston_martin,12,Lapped,16,52,
5568,2024,4,kevin_magnussen,haas,13,Lapped,18,52,
5569,2024,4,bottas,sauber,14,Lapped,13,52,
5570,2024,4,ocon,alpine,15,Lapped,15,52,
5571,2024,4,gasly,alpine,16,Lapped,17,52,
5572,2024,4,sargeant,williams,17,Lapped,19,52,
5573,2024,4,zhou,sauber,18,Retired,20,12,
5574,2024,4,ricciardo,rb,19,Retired,11,0,
5575,2024,4,albon,williams,20,Retired,14,0,
5576,2024,5,max_verstappen,red_bull,1,Finished,1,56,
5577,2024,5,norris,mclaren,2,Finished,4,56,
5578,2024,5,perez,red_bull,3,Finished,2,56,
5579,2024,5,leclerc,ferrari,4,Finished,6,56,
5580,2024,5,sainz,ferrari,5,Finished,7,56,
5581,2024,5,russell,mercedes,6,Finished,8,56,
5582,2024,5,alonso,aston_martin,7,Finished,3,56,
5583,2024,5,piastri,mclaren,8,Finished,5,56,
5584,2024,5,hamilton,mercedes,9,Finished,18,56,
5585,2024,5,hulkenberg,haas,10,Finished,9,56,
5586,2024,5,ocon,alpine,11,Finished,13,56,
5587,2024,5,albon,williams,12,Finished,14,56,
5588,2024,5,gasly,alpine,13,Finished,15,56,
5589,2024,5,zhou,sauber,14,Finished,16,56,
5590,2024,5,stroll,aston_martin,15,Finished,11,56,
5591,2024,5,kevin_magnussen,haas,16,Finished,17,56,
5592,2024,5,sargeant,williams,17,Finished,20,56,
5593,2024,5,ricciardo,rb,18,Retired,12,33,
5594,2024,5,tsunoda,rb,19,Retired,19,26,
5595,2024,5,bottas,sauber,20,Retired,10,19,
5596,2024,6,norris,mclaren,1,Finished,5,57,
5597,2024,6,max_verstappen,red_bull,2,Finished,1,57,
5598,2024,6,leclerc,ferrari,3,Finished,2,57,
5599,2024,6,perez,red_bull,4,Finished,4,57,
5600,2024,6,sainz,ferrari,5,Finished,3,57,
5601,2024,6,hamilton,mercedes,6,Finished,8,57,
5602,2024,6,tsunoda,rb,7,Finished,10,57,
5603,2024,6,russell,mercedes,8,Finished,7,57,
5604,2024,6,alonso,aston_martin,9,Finished,15,57,
5605,2024,6,ocon,alpine,10,Finished,13,57,
5606,2024,6,hulkenberg,haas,11,Finished,9,57,
5607,2024,6,gasly,alpine,12,Finished,12,57,
5608,2024,6,piastri,mclaren,13,Finished,6,57,
5609,2024,6,zhou,sauber,14,Finished,19,57,
5610,2024,6,ricciardo,rb,15,Finished,20,57,
5611,2024,6,bottas,sauber,16,Finished,16,57,
5612,2024,6,stroll,aston_martin,17,Finished,11,57,
5613,2024,6,albon,williams,18,Finished,14,57,
5614,2024,6,kevin_magnussen,haas,19,Finished,18,57,
5615,2024,6,sargeant,williams,20,Retired,17,27,
5616,2024,7,max_verstappen,red_bull,1,Finished,1,63,
5617,2024,7,norris,mclaren,2,Finished,2,63,
5618,2024,7,leclerc,ferrari,3,Finished,3,63,
5619,2024,7,piastri,mclaren,4,Finished,5,63,
5620,2024,7,sainz,ferrari,5,Finished,4,63,
5621,2024,7,hamilton,mercedes,6,Finished,8,63,
5622,2024,7,russell,mercedes,7,Finished,6,63,
5623,2024,7,perez,red_bull,8,Finished,11,63,
5624,2024,7,stroll,aston_martin,9,Finished,13,63,
5625,2024,7,tsunoda,rb,10,Lapped,7,62,
5626,2024,7,hulkenberg,haas,11,Lapped,10,62,
5627,2024,7,kevin_magnussen,haas,12,Lapped,18,62,
5628,2024,7,ricciardo,rb,13,Lapped,9,62,
5629,2024,7,ocon,alpine,14,Lapped,12,62,
5630,2024,7,zhou,sauber,15,Lapped,17,62,
5631,2024,7,gasly,alpine,16,Lapped,15,62,
5632,2024,7,sargeant,williams,17,Lapped,19,62,
5633,2024,7,bottas,sauber,18,Lapped,16,62,
5634,2024,7,alonso,aston_martin,19,Lapped,20,62,
5635,2024,7,albon,williams,20,Retired,14,51,
5636,2024,8,leclerc,ferrari,1,Finished,1,78,
5637,2024,8,piastri,mclaren,2,Finished,2,78,
5638,2024,8,sainz,ferrari,3,Finished,3,78,
5639,2024,8,norris,mclaren,4,Finished,4,78,
5640,2024,8,russell,mercedes,5,Finished,5,78,
5641,2024,8,max_verstappen,red_bull,6,Finished,6,78,
5642,2024,8,hamilton,mercedes,7,Finished,7,78,
5643,2024,8,tsunoda,rb,8,Lapped,8,77,
5644,2024,8,albon,williams,9,Lapped,9,77,
5645,2024,8,gasly,alpine,10,Lapped,10,77,
5646,2024,8,alonso,aston_martin,11,Lapped,14,76,
5647,2024,8,ricciardo,rb,12,Lapped,12,76,
5648,2024,8,bottas,sauber,13,Lapped,17,76,
5649,2024,8,stroll,aston_martin,14,Lapped,13,76,
5650,2024,8,sargeant,williams,15,Lapped,15,76,
5651,2024,8,zhou,sauber,16,Lapped,18,76,
5652,2024,8,ocon,alpine,17,Retired,11,0,
5653,2024,8,perez,red_bull,18,Retired,16,0,
5654,2024,8,hulkenberg,haas,19,Retired,19,0,
5655,2024,8,kevin_magnussen,haas,20,Retired,20,0,
5656,2024,9,max_verstappen,red_bull,1,Finished,2,70,
5657,2024,9,norris,mclaren,2,Finished,3,70,
5658,2024,9,russell,mercedes,3,Finished,1,70,
5659,2024,9,hamilton,mercedes,4,Finished,7,70,
5660,2024,9,piastri,mclaren,5,Finished,4,70,
5661,2024,9,alonso,aston_martin,6,Finished,6,70,
5662,2024,9,stroll,aston_martin,7,Finished,9,70,
5663,2024,9,ricciardo,rb,8,Finished,5,70,
5664,2024,9,gasly,alpine,9,Finished,15,70,
5665,2024,9,ocon,alpine,10,Finished,18,70,
5666,2024,9,hulkenberg,haas,11,Finished,17,70,
5667,2024,9,kevin_magnussen,haas,12,Finished,14,70,
5668,2024,9,bottas,sauber,13,Finished,19,70,
5669,2024,9,tsunoda,rb,14,Finished,8,70,
5670,2024,9,zhou,sauber,15,Lapped,20,69,
5671,2024,9,sainz,ferrari,16,Retired,12,52,
5672,2024,9,albon,williams,17,Retired,10,52,
5673,2024,9,perez,red_bull,18,Retired,16,51,
5674,2024,9,leclerc,ferrari,19,Retired,11,40,
5675,2024,9,sargeant,williams,20,Retired,13,23,
5676,2024,10,max_verstappen,red_bull,1,Finished,2,66,
5677,2024,10,norris,mclaren,2,Finished,1,66,
5678,2024,10,hamilton,mercedes,3,Finished,3,66,
5679,2024,10,russell,mercedes,4,Finished,4,66,
5680,2024,10,leclerc,ferrari,5,Finished,5,66,
5681,2024,10,sainz,ferrari,6,Finished,6,66,
5682,2024,10,piastri,mclaren,7,Finished,9,66,
5683,2024,10,perez,red_bull,8,Finished,11,66,
5684,2024,10,gasly,alpine,9,Finished,7,66,
5685,2024,10,ocon,alpine,10,Finished,8,66,
5686,2024,10,hulkenberg,haas,11,Finished,13,66,
5687,2024,10,alonso,aston_martin,12,Lapped,10,65,
5688,2024,10,zhou,sauber,13,Lapped,15,65,
5689,2024,10,stroll,aston_martin,14,Lapped,14,65,
5690,2024,10,ricciardo,rb,15,Lapped,18,65,
5691,2024,10,bottas,sauber,16,Lapped,12,65,
5692,2024,10,kevin_magnussen,haas,17,Lapped,16,65,
5693,2024,10,albon,williams,18,Lapped,20,65,
5694,2024,10,tsunoda,rb,19,Lapped,17,65,
5695,2024,10,sargeant,williams,20,Lapped,19,64,
5696,2024,11,russell,mercedes,1,Finished,3,71,
5697,2024,11,piastri,mclaren,2,Finished,7,71,
5698,2024,11,sainz,ferrari,3,Finished,4,71,
5699,2024,11,hamilton,mercedes,4,Finished,5,71,
5700,2024,11,max_verstappen,red_bull,5,Finished,1,71,
5701,2024,11,hulkenberg,haas,6,Finished,9,71,
5702,2024,11,perez,red_bull,7,Finished,8,71,
5703,2024,11,kevin_magnussen,haas,8,Finished,12,71,
5704,2024,11,ricciardo,rb,9,Finished,11,71,
5705,2024,11,gasly,alpine,10,Finished,13,71,
5706,2024,11,leclerc,ferrari,11,Finished,6,71,
5707,2024,11,ocon,alpine,12,Finished,10,71,
5708,2024,11,stroll,aston_martin,13,Lapped,17,70,
5709,2024,11,tsunoda,rb,14,Lapped,14,70,
5710,2024,11,albon,williams,15,Lapped,16,70,
5711,2024,11,bottas,sauber,16,Lapped,18,70,
5712,2024,11,zhou,sauber,17,Lapped,20,70,
5713,2024,11,alonso,aston_martin,18,Lapped,15,70,
5714,2024,11,sargeant,williams,19,Lapped,19,69,
5715,2024,11,norris,mclaren,20,Lapped,2,64,
5716,2024,12,hamilton,mercedes,1,Finished,2,52,
5717,2024,12,max_verstappen,red_bull,2,Finished,4,52,
5718,2024,12,norris,mclaren,3,Finished,3,52,
5719,2024,12,piastri,mclaren,4,Finished,5,52,
5720,2024,12,sainz,ferrari,5,Finished,7,52,
5721,2024,12,hulkenberg,haas,6,Finished,6,52,
5722,2024,12,stroll,aston_martin,7,Finished,8,52,
5723,2024,12,alonso,aston_martin,8,Finished,10,52,
5724,2024,12,albon,williams,9,Finished,9,52,
5725,2024,12,tsunoda,rb,10,Finished,13,52,
5726,2024,12,sargeant,williams,11,Finished,12,52,
5727,2024,12,kevin_magnussen,haas,12,Finished,17,52,
5728,2024,12,ricciardo,rb,13,Lapped,15,51,
5729,2024,12,leclerc,ferrari,14,Lapped,11,51,
5730,2024,12,bottas,sauber,15,Lapped,16,51,
5731,2024,12,ocon,alpine,16,Lapped,18,50,
5732,2024,12,perez,red_bull,17,Lapped,20,50,
5733,2024,12,zhou,sauber,18,Lapped,14,50,
5734,2024,12,russell,mercedes,19,Retired,1,33,
5735,2024,12,gasly,alpine,20,Did not start,19,0,
5736,2024,13,piastri,mclaren,1,Finished,2,70,
5737,2024,13,norris,mclaren,2,Finished,1,70,
5738,2024,13,hamilton,mercedes,3,Finished,5,70,
5739,2024,13,leclerc,ferrari,4,Finished,6,70,
5740,2024,13,max_verstappen,red_bull,5,Finished,3,70,
5741,2024,13,sainz,ferrari,6,Finished,4,70,
5742,2024,13,perez,red_bull,7,Finished,16,70,
5743,2024,13,russell,mercedes,8,Finished,17,70,
5744,2024,13,tsunoda,rb,9,Finished,10,70,
5745,2024,13,stroll,aston_martin,10,Finished,8,70,
5746,2024,13,alonso,aston_martin,11,Finished,7,70,
5747,2024,13,ricciardo,rb,12,Lapped,9,69,
5748,2024,13,hulkenberg,haas,13,Lapped,11,69,
5749,2024,13,albon,williams,14,Lapped,13,69,
5750,2024,13,kevin_magnussen,haas,15,Lapped,15,69,
5751,2024,13,bottas,sauber,16,Lapped,12,69,
5752,2024,13,sargeant,williams,17,Lapped,14,69,
5753,2024,13,ocon,alpine,18,Lapped,19,69,
5754,2024,13,zhou,sauber,19,Lapped,18,69,
5755,2024,13,gasly,alpine,20,Retired,20,33,
5756,2024,14,hamilton,mercedes,1,Finished,3,44,
5757,2024,14,piastri,mclaren,2,Finished,5,44,
5758,2024,14,leclerc,ferrari,3,Finished,1,44,
5759,2024,14,max_verstappen,red_bull,4,Finished,11,44,
5760,2024,14,norris,mclaren,5,Finished,4,44,
5761,2024,14,sainz,ferrari,6,Finished,7,44,
5762,2024,14,perez,red_bull,7,Finished,2,44,
5763,2024,14,alonso,aston_martin,8,Finished,8,44,
5764,2024,14,ocon,alpine,9,Finished,9,44,
5765,2024,14,ricciardo,rb,10,Finished,13,44,
5766,2024,14,stroll,aston_martin,11,Finished,15,44,
5767,2024,14,albon,williams,12,Finished,10,44,
5768,2024,14,gasly,alpine,13,Finished,12,44,
5769,2024,14,kevin_magnussen,haas,14,Finished,17,44,
5770,2024,14,bottas,sauber,15,Finished,14,44,
5771,2024,14,tsunoda,rb,16,Finished,20,44,
5772,2024,14,sargeant,williams,17,Finished,18,44,
5773,2024,14,hulkenberg,haas,18,Finished,16,44,
5774,2024,14,zhou,sauber,19,Retired,19,5,
5775,2024,14,russell,mercedes,20,Disqualified,6,44,
5776,2024,15,norris,mclaren,1,Finished,1,72,
5777,2024,15,max_verstappen,red_bull,2,Finished,2,72,
5778,2024,15,leclerc,ferrari,3,Finished,6,72,
5779,2024,15,piastri,mclaren,4,Finished,3,72,
5780,2024,15,sainz,ferrari,5,Finished,10,72,
5781,2024,15,perez,red_bull,6,Finished,5,72,
5782,2024,15,russell,mercedes,7,Finished,4,72,
5783,2024,15,hamilton,mercedes,8,Finished,14,72,
5784,2024,15,gasly,alpine,9,Lapped,9,71,
5785,2024,15,alonso,aston_martin,10,Lapped,7,71,
5786,2024,15,hulkenberg,haas,11,Lapped,12,71,
5787,2024,15,ricciardo,rb,12,Lapped,13,71,
5788,2024,15,stroll,aston_martin,13,Lapped,8,71,
5789,2024,15,albon,williams,14,Lapped,19,71,
5790,2024,15,ocon,alpine,15,Lapped,15,71,
5791,2024,15,sargeant,williams,16,Lapped,18,71,
5792,2024,15,tsunoda,rb,17,Lapped,11,71,
5793,2024,15,kevin_magnussen,haas,18,Lapped,20,71,
5794,2024,15,bottas,sauber,19,Lapped,16,70,
5795,2024,15,zhou,sauber,20,Lapped,17,70,
5796,2024,16,leclerc,ferrari,1,Finished,4,53,
5797,2024,16,piastri,mclaren,2,Finished,2,53,
5798,2024,16,norris,mclaren,3,Finished,1,53,
5799,2024,16,sainz,ferrari,4,Finished,5,53,
5800,2024,16,hamilton,mercedes,5,Finished,6,53,
5801,2024,16,max_verstappen,red_bull,6,Finished,7,53,
5802,2024,16,russell,mercedes,7,Finished,3,53,
5803,2024,16,perez,red_bull,8,Finished,8,53,
5804,2024,16,albon,williams,9,Finished,9,53,
5805,2024,16,kevin_magnussen,haas,10,Finished,13,53,
5806,2024,16,alonso,aston_martin,11,Finished,11,53,
5807,2024,16,colapinto,williams,12,Finished,18,53,
5808,2024,16,ricciardo,rb,13,Finished,12,53,
5809,2024,16,ocon,alpine,14,Lapped,15,52,
5810,2024,16,gasly,alpine,15,Lapped,14,52,
5811,2024,16,bottas,sauber,16,Lapped,19,52,
5812,2024,16,hulkenberg,haas,17,Lapped,10,52,
5813,2024,16,zhou,sauber,18,Lapped,20,52,
5814,2024,16,stroll,aston_martin,19,Lapped,17,52,
5815,2024,16,tsunoda,rb,20,Retired,16,7,
5816,2024,17,piastri,mclaren,1,Finished,2,51,
5817,2024,17,leclerc,ferrari,2,Finished,1,51,
5818,2024,17,russell,mercedes,3,Finished,5,51,
5819,2024,17,norris,mclaren,4,Finished,15,51,
5820,2024,17,max_verstappen,red_bull,5,Finished,6,51,
5821,2024,17,alonso,aston_martin,6,Finished,7,51,
5822,2024,17,albon,williams,7,Finished,9,51,
5823,2024,17,colapinto,williams,8,Finished,8,51,
5824,2024,17,hamilton,mercedes,9,Finished,19,51,
5825,2024,17,bearman,haas,10,Finished,10,51,
5826,2024,17,hulkenberg,haas,11,Finished,12,51,
5827,2024,17,gasly,alpine,12,Finished,18,51,
5828,2024,17,ricciardo,rb,13,Finished,14,51,
5829,2024,17,zhou,sauber,14,Finished,17,51,
5830,2024,17,ocon,alpine,15,Lapped,20,50,
5831,2024,17,bottas,sauber,16,Lapped,16,50,
5832,2024,17,perez,red_bull,17,Retired,4,49,
5833,2024,17,sainz,ferrari,18,Retired,3,49,
5834,2024,17,stroll,aston_martin,19,Retired,13,45,
5835,2024,17,tsunoda,rb,20,Retired,11,14,
5836,2024,18,norris,mclaren,1,Finished,1,62,
5837,2024,18,max_verstappen,red_bull,2,Finished,2,62,
5838,2024,18,piastri,mclaren,3,Finished,5,62,
5839,2024,18,russell,mercedes,4,Finished,4,62,
5840,2024,18,leclerc,ferrari,5,Finished,9,62,
5841,2024,18,hamilton,mercedes,6,Finished,3,62,
5842,2024,18,sainz,ferrari,7,Finished,10,62,
5843,2024,18,alonso,aston_martin,8,Lapped,7,61,
5844,2024,18,hulkenberg,haas,9,Lapped,6,61,
5845,2024,18,perez,red_bull,10,Lapped,13,61,
5846,2024,18,colapinto,williams,11,Lapped,12,61,
5847,2024,18,tsunoda,rb,12,Lapped,8,61,
5848,2024,18,ocon,alpine,13,Lapped,15,61,
5849,2024,18,stroll,aston_martin,14,Lapped,17,61,
5850,2024,18,zhou,sauber,15,Lapped,20,61,
5851,2024,18,bottas,sauber,16,Lapped,19,61,
5852,2024,18,gasly,alpine,17,Lapped,18,61,
5853,2024,18,ricciardo,rb,18,Lapped,16,61,
5854,2024,18,kevin_magnussen,haas,19,Retired,14,57,
5855,2024,18,albon,williams,20,Retired,11,15,
5856,2024,19,leclerc,ferrari,1,Finished,4,56,
5857,2024,19,sainz,ferrari,2,Finished,3,56,
5858,2024,19,max_verstappen,red_bull,3,Finished,2,56,
5859,2024,19,norris,mclaren,4,Finished,1,56,
5860,2024,19,piastri,mclaren,5,Finished,5,56,
5861,2024,19,russell,mercedes,6,Finished,20,56,
5862,2024,19,perez,red_bull,7,Finished,9,56,
5863,2024,19,hulkenberg,haas,8,Finished,11,56,
5864,2024,19,lawson,rb,9,Finished,19,56,
5865,2024,19,colapinto,williams,10,Finished,15,56,
5866,2024,19,kevin_magnussen,haas,11,Finished,8,56,
5867,2024,19,gasly,alpine,12,Finished,6,56,
5868,2024,19,alonso,aston_martin,13,Lapped,7,55,
5869,2024,19,tsunoda,rb,14,Lapped,10,55,
5870,2024,19,stroll,aston_martin,15,Lapped,13,55,
5871,2024,19,albon,williams,16,Lapped,14,55,
5872,2024,19,bottas,sauber,17,Lapped,16,55,
5873,2024,19,ocon,alpine,18,Lapped,12,55,
5874,2024,19,zhou,sauber,19,Lapped,18,55,
5875,2024,19,hamilton,mercedes,20,Retired,17,1,
5876,2024,20,sainz,ferrari,1,Finished,1,71,
5877,2024,20,norris,mclaren,2,Finished,3,71,
5878,2024,20,leclerc,ferrari,3,Finished,4,71,
5879,2024,20,hamilton,mercedes,4,Finished,6,71,
5880,2024,20,russell,mercedes,5,Finished,5,71,
5881,2024,20,max_verstappen,red_bull,6,Finished,2,71,
5882,2024,20,kevin_magnussen,haas,7,Finished,7,71,
5883,2024,20,piastri,mclaren,8,Finished,17,71,
5884,2024,20,hulkenberg,haas,9,Lapped,10,70,
5885,2024,20,gasly,alpine,10,Lapped,8,70,
5886,2024,20,stroll,aston_martin,11,Lapped,14,70,
5887,2024,20,colapinto,williams,12,Lapped,16,70,
5888,2024,20,ocon,alpine,13,Lapped,0,70,
5889,2024,20,bottas,sauber,14,Lapped,15,70,
5890,2024,20,zhou,sauber,15,Lapped,19,70,
5891,2024,20,lawson,rb,16,Lapped,12,70,
5892,2024,20,perez,red_bull,17,Lapped,18,70,
5893,2024,20,alonso,aston_martin,18,Retired,13,15,
5894,2024,20,albon,williams,19,Retired,9,0,
5895,2024,20,tsunoda,rb,20,Retired,11,0,
5896,2024,21,max_verstappen,red_bull,1,Finished,17,69,
5897,2024,21,ocon,alpine,2,Finished,4,69,
5898,2024,21,gasly,alpine,3,Finished,13,69,
5899,2024,21,russell,mercedes,4,Finished,2,69,
5900,2024,21,leclerc,ferrari,5,Finished,6,69,
5901,2024,21,norris,mclaren,6,Finished,1,69,
5902,2024,21,tsunoda,rb,7,Finished,3,69,
5903,2024,21,piastri,mclaren,8,Finished,8,69,
5904,2024,21,lawson,rb,9,Finished,5,69,
5905,2024,21,hamilton,mercedes,10,Finished,14,69,
5906,2024,21,perez,red_bull,11,Finished,12,69,
5907,2024,21,bearman,haas,12,Finished,15,69,
5908,2024,21,bottas,sauber,13,Finished,11,69,
5909,2024,21,alonso,aston_martin,14,Finished,9,69,
5910,2024,21,zhou,sauber,15,Finished,19,69,
5911,2024,21,sainz,ferrari,16,Retired,20,38,
5912,2024,21,colapinto,williams,17,Retired,16,30,
5913,2024,21,albon,williams,18,Did not start,7,0,
5914,2024,21,stroll,aston_martin,19,Did not start,10,0,
5915,2024,21,hulkenberg,haas,20,Disqualified,18,0,
5916,2024,22,russell,mercedes,1,Finished,1,50,
5917,2024,22,hamilton,mercedes,2,Finished,10,50,
5918,2024,22,sainz,ferrari,3,Finished,2,50,
5919,2024,22,leclerc,ferrari,4,Finished,4,50,
5920,2024,22,max_verstappen,red_bull,5,Finished,5,50,
5921,2024,22,norris,mclaren,6,Finished,6,50,
5922,2024,22,piastri,mclaren,7,Finished,8,50,
5923,2024,22,hulkenberg,haas,8,Finished,9,50,
5924,2024,22,tsunoda,rb,9,Finished,7,50,
5925,2024,22,perez,red_bull,10,Finished,15,50,
5926,2024,22,alonso,aston_martin,11,Finished,16,50,
5927,2024,22,kevin_magnussen,haas,12,Finished,12,50,
5928,2024,22,zhou,sauber,13,Finished,13,50,
5929,2024,22,colapinto,williams,14,Finished,20,50,
5930,2024,22,stroll,aston_martin,15,Finished,18,50,
5931,2024,22,lawson,rb,16,Finished,14,50,
5932,2024,22,ocon,alpine,17,Lapped,11,49,
5933,2024,22,bottas,sauber,18,Lapped,19,49,
5934,2024,22,albon,williams,19,Retired,17,25,
5935,2024,22,gasly,alpine,20,Retired,3,15,
5936,2024,23,max_verstappen,red_bull,1,Finished,2,57,
5937,2024,23,leclerc,ferrari,2,Finished,5,57,
5938,2024,23,piastri,mclaren,3,Finished,4,57,
5939,2024,23,russell,mercedes,4,Finished,1,57,
5940,2024,23,gasly,alpine,5,Finished,11,57,
5941,2024,23,sainz,ferrari,6,Finished,7,57,
5942,2024,23,alonso,aston_martin,7,Finished,8,57,
5943,2024,23,zhou,sauber,8,Finished,12,57,
5944,2024,23,kevin_magnussen,haas,9,Finished,10,57,
5945,2024,23,norris,mclaren,10,Finished,3,57,
5946,2024,23,bottas,sauber,11,Finished,13,57,
5947,2024,23,hamilton,mercedes,12,Finished,6,57,
5948,2024,23,tsunoda,rb,13,Finished,14,57,
5949,2024,23,lawson,rb,14,Finished,17,57,
5950,2024,23,albon,williams,15,Lapped,16,56,
5951,2024,23,hulkenberg,haas,16,Retired,18,39,
5952,2024,23,perez,red_bull,17,Retired,9,38,
5953,2024,23,stroll,aston_martin,18,Retired,15,8,
5954,2024,23,colapinto,williams,19,Retired,19,0,
5955,2024,23,ocon,alpine,20,Retired,20,0,
5956,2024,24,norris,mclaren,1,Finished,1,58,
5957,2024,24,sainz,ferrari,2,Finished,3,58,
5958,2024,24,leclerc,ferrari,3,Finished,19,58,
5959,2024,24,hamilton,mercedes,4,Finished,16,58,
5960,2024,24,russell,mercedes,5,Finished,6,58,
5961,2024,24,max_verstappen,red_bull,6,Finished,4,58,
5962,2024,24,gasly,alpine,7,Finished,5,58,
5963,2024,24,hulkenberg,haas,8,Finished,7,58,
5964,2024,24,alonso,aston_martin,9,Finished,8,58,
5965,2024,24,piastri,mclaren,10,Finished,2,58,
5966,2024,24,albon,williams,11,Lapped,18,57,
5967,2024,24,tsunoda,rb,12,Lapped,11,57,
5968,2024,24,zhou,sauber,13,Lapped,15,57,
5969,2024,24,stroll,aston_martin,14,Lapped,13,57,
5970,2024,24,doohan,alpine,15,Lapped,17,57,
5971,2024,24,kevin_magnussen,haas,16,Lapped,14,57,
5972,2024,24,lawson,rb,17,Retired,12,55,
5973,2024,24,bottas,sauber,18,Retired,9,30,
5974,2024,24,colapinto,williams,19,Retired,20,26,
5975,2024,24,perez,red_bull,20,Retired,10,0,
5976,2025,1,norris,mclaren,1,Finished,1,57,
5977,2025,1,max_verstappen,red_bull,2,Finished,3,57,
5978,2025,1,russell,mercedes,3,Finished,4,57,
5979,2025,1,antonelli,mercedes,4,Finished,16,57,
5980,2025,1,albon,williams,5,Finished,6,57,
5981,2025,1,stroll,aston_martin,6,Finished,13,57,
5982,2025,1,hulkenberg,sauber,7,Finished,17,57,
5983,2025,1,leclerc,ferrari,8,Finished,7,57,
5984,2025,1,piastri,mclaren,9,Finished,2,57,
5985,2025,1,hamilton,ferrari,10,Finished,8,57,
5986,2025,1,gasly,alpine,11,Finished,9,57,
5987,2025,1,tsunoda,rb,12,Finished,5,57,
5988,2025,1,ocon,haas,13,Finished,19,57,
5989,2025,1,bearman,haas,14,Finished,20,57,
5990,2025,1,lawson,red_bull,15,Retired,18,46,
5991,2025,1,bortoleto,sauber,16,Retired,15,45,
5992,2025,1,alonso,aston_martin,17,Retired,12,32,
5993,2025,1,sainz,williams,18,Retired,10,0,
5994,2025,1,doohan,alpine,19,Retired,14,0,
5995,2025,1,hadjar,rb,20,Retired,11,0,
5996,2025,2,piastri,mclaren,1,Finished,1,56,
5997,2025,2,norris,mclaren,2,Finished,3,56,
5998,2025,2,russell,mercedes,3,Finished,2,56,
5999,2025,2,max_verstappen,red_bull,4,Finished,4,56,
6000,2025,2,ocon,haas,5,Finished,11,56,
6001,2025,2,antonelli,mercedes,6,Finished,8,56,
6002,2025,2,albon,williams,7,Finished,10,56,
6003,2025,2,bearman,haas,8,Finished,17,56,
6004,2025,2,stroll,aston_martin,9,Finished,14,56,
6005,2025,2,sainz,williams,10,Finished,15,56,
6006,2025,2,hadjar,rb,11,Finished,7,56,
6007,2025,2,lawson,red_bull,12,Finished,20,56,
6008,2025,2,doohan,alpine,13,Finished,18,56,
6009,2025,2,bortoleto,sauber,14,Lapped,19,55,
6010,2025,2,hulkenberg,sauber,15,Lapped,12,55,
6011,2025,2,tsunoda,rb,16,Lapped,9,55,
6012,2025,2,alonso,aston_martin,17,Retired,13,4,
6013,2025,2,leclerc,ferrari,18,Disqualified,6,0,
6014,2025,2,hamilton,ferrari,19,Disqualified,5,0,
6015,2025,2,gasly,alpine,20,Disqualified,16,0,
6016,2025,3,max_verstappen,red_bull,1,Finished,1,53,
6017,2025,3,norris,mclaren,2,Finished,2,53,
6018,2025,3,piastri,mclaren,3,Finished,3,53,
6019,2025,3,leclerc,ferrari,4,Finished,4,53,
6020,2025,3,russell,mercedes,5,Finished,5,53,
6021,2025,3,antonelli,mercedes,6,Finished,6,53,
6022,2025,3,hamilton,ferrari,7,Finished,8,53,
6023,2025,3,hadjar,rb,8,Finished,7,53,
6024,2025,3,albon,williams,9,Finished,9,53,
6025,2025,3,bearman,haas,10,Finished,10,53,
6026,2025,3,alonso,aston_martin,11,Finished,12,53,
6027,2025,3,tsunoda,red_bull,12,Finished,14,53,
6028,2025,3,gasly,alpine,13,Finished,11,53,
6029,2025,3,sainz,williams,14,Finished,15,53,
6030,2025,3,doohan,alpine,15,Finished,19,53,
6031,2025,3,hulkenberg,sauber,16,Finished,16,53,
6032,2025,3,lawson,rb,17,Finished,13,53,
6033,2025,3,ocon,haas,18,Finished,18,53,
6034,2025,3,bortoleto,sauber,19,Finished,17,53,
6035,2025,3,stroll,aston_martin,20,Lapped,20,52,
6036,2025,4,piastri,mclaren,1,Finished,1,57,
6037,2025,4,russell,mercedes,2,Finished,3,57,
6038,2025,4,norris,mclaren,3,Finished,6,57,
6039,2025,4,leclerc,ferrari,4,Finished,2,57,
6040,2025,4,hamilton,ferrari,5,Finished,9,57,
6041,2025,4,max_verstappen,red_bull,6,Finished,7,57,
6042,2025,4,gasly,alpine,7,Finished,4,57,
6043,2025,4,ocon,haas,8,Finished,14,57,
6044,2025,4,tsunoda,red_bull,9,Finished,10,57,
6045,2025,4,bearman,haas,10,Finished,20,57,
6046,2025,4,antonelli,mercedes,11,Finished,5,57,
6047,2025,4,albon,williams,12,Finished,15,57,
6048,2025,4,hadjar,rb,13,Finished,12,57,
6049,2025,4,doohan,alpine,14,Finished,11,57,
6050,2025,4,alonso,aston_martin,15,Finished,13,57,
6051,2025,4,lawson,rb,16,Finished,17,57,
6052,2025,4,stroll,aston_martin,17,Finished,19,57,
6053,2025,4,bortoleto,sauber,18,Finished,18,57,
6054,2025,4,sainz,williams,19,Retired,8,45,
6055,2025,4,hulkenberg,sauber,20,Disqualified,16,0,
6056,2025,5,piastri,mclaren,1,Finished,2,50,
6057,2025,5,max_verstappen,red_bull,2,Finished,1,50,
6058,2025,5,leclerc,ferrari,3,Finished,4,50,
6059,2025,5,norris,mclaren,4,Finished,10,50,
6060,2025,5,russell,mercedes,5,Finished,3,50,
6061,2025,5,antonelli,mercedes,6,Finished,5,50,
6062,2025,5,hamilton,ferrari,7,Finished,7,50,
6063,2025,5,sainz,williams,8,Finished,6,50,
6064,2025,5,albon,williams,9,Finished,11,50,
6065,2025,5,hadjar,rb,10,Finished,14,50,
6066,2025,5,alonso,aston_martin,11,Finished,13,50,
6067,2025,5,lawson,rb,12,Finished,12,50,
6068,2025,5,bearman,haas,13,Finished,15,50,
6069,2025,5,ocon,haas,14,Finished,19,50,
6070,2025,5,hulkenberg,sauber,15,Lapped,18,49,
6071,2025,5,stroll,aston_martin,16,Lapped,16,49,
6072,2025,5,doohan,alpine,17,Lapped,17,49,
6073,2025,5,bortoleto,sauber,18,Lapped,20,49,
6074,2025,5,tsunoda,red_bull,19,Retired,8,1,
6075,2025,5,gasly,alpine,20,Retired,9,0,
6076,2025,6,piastri,mclaren,1,Finished,4,57,
6077,2025,6,norris,mclaren,2,Finished,2,57,
6078,2025,6,russell,mercedes,3,Finished,5,57,
6079,2025,6,max_verstappen,red_bull,4,Finished,1,57,
6080,2025,6,albon,williams,5,Finished,7,57,
6081,2025,6,antonelli,mercedes,6,Finished,3,57,
6082,2025,6,leclerc,ferrari,7,Finished,8,57,
6083,2025,6,hamilton,ferrari,8,Finished,12,57,
6084,2025,6,sainz,williams,9,Finished,6,57,
6085,2025,6,tsunoda,red_bull,10,Finished,10,57,
6086,2025,6,hadjar,rb,11,Finished,11,57,
6087,2025,6,ocon,haas,12,Finished,9,57,
6088,2025,6,gasly,alpine,13,Finished,20,57,
6089,2025,6,hulkenberg,sauber,14,Lapped,16,56,
6090,2025,6,alonso,aston_martin,15,Lapped,17,56,
6091,2025,6,stroll,aston_martin,16,Lapped,18,56,
6092,2025,6,lawson,rb,17,Retired,15,36,
6093,2025,6,bortoleto,sauber,18,Retired,13,30,
6094,2025,6,bearman,haas,19,Retired,19,27,
6095,2025,6,doohan,alpine,20,Retired,14,0,
6096,2025,7,max_verstappen,red_bull,1,Finished,2,63,
6097,2025,7,norris,mclaren,2,Finished,4,63,
6098,2025,7,piastri,mclaren,3,Finished,1,63,
6099,2025,7,hamilton,ferrari,4,Finished,12,63,
6100,2025,7,albon,williams,5,Finished,7,63,
6101,2025,7,leclerc,ferrari,6,Finished,11,63,
6102,2025,7,russell,mercedes,7,Finished,3,63,
6103,2025,7,sainz,williams,8,Finished,6,63,
6104,2025,7,hadjar,rb,9,Finished,9,63,
6105,2025,7,tsunoda,red_bull,10,Finished,20,63,
6106,2025,7,alonso,aston_martin,11,Finished,5,63,
6107,2025,7,hulkenberg,sauber,12,Finished,17,63,
6108,2025,7,gasly,alpine,13,Finished,10,63,
6109,2025,7,lawson,rb,14,Finished,15,63,
6110,2025,7,stroll,aston_martin,15,Finished,8,63,
6111,2025,7,colapinto,alpine,16,Finished,16,63,
6112,2025,7,bearman,haas,17,Finished,19,63,
6113,2025,7,bortoleto,sauber,18,Finished,14,63,
6114,2025,7,antonelli,mercedes,19,Retired,13,44,
6115,2025,7,ocon,haas,20,Retired,18,27,
6116,2025,8,norris,mclaren,1,Finished,1,78,
6117,2025,8,leclerc,ferrari,2,Finished,2,78,
6118,2025,8,piastri,mclaren,3,Finished,3,78,
6119,2025,8,max_verstappen,red_bull,4,Finished,4,78,
6120,2025,8,hamilton,ferrari,5,Finished,7,78,
6121,2025,8,hadjar,rb,6,Lapped,5,77,
6122,2025,8,ocon,haas,7,Lapped,8,77,
6123,2025,8,lawson,rb,8,Lapped,9,77,
6124,2025,8,albon,williams,9,Lapped,10,76,
6125,2025,8,sainz,williams,10,Lapped,11,76,
6126,2025,8,russell,mercedes,11,Lapped,14,76,
6127,2025,8,bearman,haas,12,Lapped,20,76,
6128,2025,8,colapinto,alpine,13,Lapped,18,76,
6129,2025,8,bortoleto,sauber,14,Lapped,16,76,
6130,2025,8,stroll,aston_martin,15,Lapped,19,76,
6131,2025,8,hulkenberg,sauber,16,Lapped,13,76,
6132,2025,8,tsunoda,red_bull,17,Lapped,12,76,
6133,2025,8,antonelli,mercedes,18,Lapped,15,75,
6134,2025,8,alonso,aston_martin,19,Retired,6,36,
6135,2025,8,gasly,alpine,20,Retired,17,7,
6136,2025,9,piastri,mclaren,1,Finished,1,66,
6137,2025,9,norris,mclaren,2,Finished,2,66,
6138,2025,9,leclerc,ferrari,3,Finished,7,66,
6139,2025,9,russell,mercedes,4,Finished,4,66,
6140,2025,9,hulkenberg,sauber,5,Finished,15,66,
6141,2025,9,hamilton,ferrari,6,Finished,5,66,
6142,2025,9,hadjar,rb,7,Finished,9,66,
6143,2025,9,gasly,alpine,8,Finished,8,66,
6144,2025,9,alonso,aston_martin,9,Finished,10,66,
6145,2025,9,max_verstappen,red_bull,10,Finished,3,66,
6146,2025,9,lawson,rb,11,Finished,13,66,
6147,2025,9,bortoleto,sauber,12,Finished,12,66,
6148,2025,9,tsunoda,red_bull,13,Finished,19,66,
6149,2025,9,sainz,williams,14,Finished,17,66,
6150,2025,9,colapinto,alpine,15,Finished,18,66,
6151,2025,9,ocon,haas,16,Finished,16,66,
6152,2025,9,bearman,haas,17,Finished,14,66,
6153,2025,9,antonelli,mercedes,18,Retired,6,53,
6154,2025,9,albon,williams,19,Retired,11,27,
6155,2025,10,russell,mercedes,1,Finished,1,70,
6156,2025,10,max_verstappen,red_bull,2,Finished,2,70,
6157,2025,10,antonelli,mercedes,3,Finished,4,70,
6158,2025,10,piastri,mclaren,4,Finished,3,70,
6159,2025,10,leclerc,ferrari,5,Finished,8,70,
6160,2025,10,hamilton,ferrari,6,Finished,5,70,
6161,2025,10,alonso,aston_martin,7,Finished,6,70,
6162,2025,10,hulkenberg,sauber,8,Finished,11,70,
6163,2025,10,ocon,haas,9,Lapped,14,69,
6164,2025,10,sainz,williams,10,Lapped,16,69,
6165,2025,10,bearman,haas,11,Lapped,13,69,
6166,2025,10,tsunoda,red_bull,12,Lapped,18,69,
6167,2025,10,colapinto,alpine,13,Lapped,10,69,
6168,2025,10,bortoleto,sauber,14,Lapped,15,69,
6169,2025,10,gasly,alpine,15,Lapped,20,69,
6170,2025,10,hadjar,rb,16,Lapped,12,69,
6171,2025,10,stroll,aston_martin,17,Lapped,17,69,
6172,2025,10,norris,mclaren,18,Retired,7,66,
6173,2025,10,lawson,rb,19,Retired,19,53,
6174,2025,10,albon,williams,20,Retired,9,46,
6175,2025,11,norris,mclaren,1,Finished,1,70,
6176,2025,11,piastri,mclaren,2,Finished,3,70,
6177,2025,11,leclerc,ferrari,3,Finished,2,70,
6178,2025,11,hamilton,ferrari,4,Finished,4,70,
6179,2025,11,russell,mercedes,5,Finished,5,70,
6180,2025,11,lawson,rb,6,Finished,6,70,
6181,2025,11,alonso,aston_martin,7,Lapped,11,69,
6182,2025,11,bortoleto,sauber,8,Lapped,8,69,
6183,2025,11,hulkenberg,sauber,9,Lapped,20,69,
6184,2025,11,ocon,haas,10,Lapped,17,69,
6185,2025,11,bearman,haas,11,Lapped,15,69,
6186,2025,11,hadjar,rb,12,Lapped,13,69,
6187,2025,11,gasly,alpine,13,Lapped,10,69,
6188,2025,11,stroll,aston_martin,14,Lapped,16,69,
6189,2025,11,colapinto,alpine,15,Lapped,14,69,
6190,2025,11,tsunoda,red_bull,16,Lapped,18,68,
6191,2025,11,albon,williams,17,Retired,12,15,
6192,2025,11,max_verstappen,red_bull,18,Retired,7,0,
6193,2025,11,antonelli,mercedes,19,Retired,9,0,
6194,2025,11,sainz,williams,20,Did not start,19,0,
6195,2025,12,norris,mclaren,1,Finished,3,52,
6196,2025,12,piastri,mclaren,2,Finished,2,52,
6197,2025,12,hulkenberg,sauber,3,Finished,19,52,
6198,2025,12,hamilton,ferrari,4,Finished,5,52,
6199,2025,12,max_verstappen,red_bull,5,Finished,1,52,
6200,2025,12,gasly,alpine,6,Finished,8,52,
6201,2025,12,stroll,aston_martin,7,Finished,17,52,
6202,2025,12,albon,williams,8,Finished,13,52,
6203,2025,12,alonso,aston_martin,9,Finished,7,52,
6204,2025,12,russell,mercedes,10,Finished,4,52,
6205,2025,12,bearman,haas,11,Finished,18,52,
6206,2025,12,sainz,williams,12,Finished,9,52,
6207,2025,12,ocon,haas,13,Finished,14,52,
6208,2025,12,leclerc,ferrari,14,Finished,6,52,
6209,2025,12,tsunoda,red_bull,15,Lapped,11,51,
6210,2025,12,antonelli,mercedes,16,Retired,10,23,
6211,2025,12,hadjar,rb,17,Retired,12,17,
6212,2025,12,bortoleto,sauber,18,Retired,16,3,
6213,2025,12,lawson,rb,19,Retired,15,0,
6214,2025,12,colapinto,alpine,20,Did not start,20,0,
6215,2025,13,piastri,mclaren,1,Finished,2,44,
6216,2025,13,norris,mclaren,2,Finished,1,44,
6217,2025,13,leclerc,ferrari,3,Finished,3,44,
6218,2025,13,max_verstappen,red_bull,4,Finished,4,44,
6219,2025,13,russell,mercedes,5,Finished,6,44,
6220,2025,13,albon,williams,6,Finished,5,44,
6221,2025,13,hamilton,ferrari,7,Finished,18,44,
6222,2025,13,lawson,rb,8,Finished,9,44,
6223,2025,13,bortoleto,sauber,9,Finished,10,44,
6224,2025,13,gasly,alpine,10,Finished,13,44,
6225,2025,13,bearman,haas,11,Finished,12,44,
6226,2025,13,hulkenberg,sauber,12,Finished,14,44,
6227,2025,13,tsunoda,red_bull,13,Finished,7,44,
6228,2025,13,stroll,aston_martin,14,Finished,16,44,
6229,2025,13,ocon,haas,15,Finished,11,44,
6230,2025,13,antonelli,mercedes,16,Finished,19,44,
6231,2025,13,alonso,aston_martin,17,Finished,20,44,
6232,2025,13,sainz,williams,18,Finished,17,44,
6233,2025,13,colapinto,alpine,19,Finished,15,44,
6234,2025,13,hadjar,rb,20,Lapped,8,43,
6235,2025,14,norris,mclaren,1,Finished,3,70,
6236,2025,14,piastri,mclaren,2,Finished,2,70,
6237,2025,14,russell,mercedes,3,Finished,4,70,
6238,2025,14,leclerc,ferrari,4,Finished,1,70,
6239,2025,14,alonso,aston_martin,5,Finished,5,70,
6240,2025,14,bortoleto,sauber,6,Finished,7,70,
6241,2025,14,stroll,aston_martin,7,Finished,6,70,
6242,2025,14,lawson,rb,8,Finished,9,70,
6243,2025,14,max_verstappen,red_bull,9,Finished,8,70,
6244,2025,14,antonelli,mercedes,10,Lapped,15,69,
6245,2025,14,hadjar,rb,11,Lapped,10,69,
6246,2025,14,hamilton,ferrari,12,Lapped,12,69,
6247,2025,14,hulkenberg,sauber,13,Lapped,18,69,
6248,2025,14,sainz,williams,14,Lapped,13,69,
6249,2025,14,albon,williams,15,Lapped,19,69,
6250,2025,14,ocon,haas,16,Lapped,17,69,
6251,2025,14,tsunoda,red_bull,17,Lapped,20,69,
6252,2025,14,colapinto,alpine,18,Lapped,14,69,
6253,2025,14,gasly,alpine,19,Lapped,16,69,
6254,2025,14,bearman,haas,20,Retired,11,48,
6255,2025,15,piastri,mclaren,1,Finished,1,72,
6256,2025,15,max_verstappen,red_bull,2,Finished,3,72,
6257,2025,15,hadjar,rb,3,Finished,4,72,
6258,2025,15,russell,mercedes,4,Finished,5,72,
6259,2025,15,albon,williams,5,Finished,15,72,
6260,2025,15,bearman,haas,6,Finished,20,72,
6261,2025,15,stroll,aston_martin,7,Finished,19,72,
6262,2025,15,alonso,aston_martin,8,Finished,10,72,
6263,2025,15,tsunoda,red_bull,9,Finished,12,72,
6264,2025,15,ocon,haas,10,Finished,18,72,
6265,2025,15,colapinto,alpine,11,Finished,16,72,
6266,2025,15,lawson,rb,12,Finished,8,72,
6267,2025,15,sainz,williams,13,Finished,9,72,
6268,2025,15,hulkenberg,sauber,14,Finished,17,72,
6269,2025,15,bortoleto,sauber,15,Finished,13,72,
6270,2025,15,antonelli,mercedes,16,Finished,11,72,
6271,2025,15,gasly,alpine,17,Finished,14,72,
6272,2025,15,norris,mclaren,18,Retired,2,64,
6273,2025,15,leclerc,ferrari,19,Retired,6,52,
6274,2025,15,hamilton,ferrari,20,Retired,7,22,
6275,2025,16,max_verstappen,red_bull,1,Finished,1,53,
6276,2025,16,norris,mclaren,2,Finished,2,53,
6277,2025,16,piastri,mclaren,3,Finished,3,53,
6278,2025,16,leclerc,ferrari,4,Finished,4,53,
6279,2025,16,russell,mercedes,5,Finished,5,53,
6280,2025,16,hamilton,ferrari,6,Finished,10,53,
6281,2025,16,albon,williams,7,Finished,14,53,
6282,2025,16,bortoleto,sauber,8,Finished,7,53,
6283,2025,16,antonelli,mercedes,9,Finished,6,53,
6284,2025,16,hadjar,rb,10,Finished,19,53,
6285,2025,16,sainz,williams,11,Finished,13,53,
6286,2025,16,bearman,haas,12,Finished,11,53,
6287,2025,16,tsunoda,red_bull,13,Finished,9,53,
6288,2025,16,lawson,rb,14,Finished,18,53,
6289,2025,16,ocon,haas,15,Lapped,15,52,
6290,2025,16,gasly,alpine,16,Lapped,20,52,
6291,2025,16,colapinto,alpine,17,Lapped,17,52,
6292,2025,16,stroll,aston_martin,18,Lapped,16,52,
6293,2025,16,alonso,aston_martin,19,Retired,8,24,
6294,2025,16,hulkenberg,sauber,20,Did not start,12,0,
6295,2025,17,max_verstappen,red_bull,1,Finished,1,51,
6296,2025,17,russell,mercedes,2,Finished,5,51,
6297,2025,17,sainz,williams,3,Finished,2,51,
6298,2025,17,antonelli,mercedes,4,Finished,4,51,
6299,2025,17,lawson,rb,5,Finished,3,51,
6300,2025,17,tsunoda,red_bull,6,Finished,6,51,
6301,2025,17,norris,mclaren,7,Finished,7,51,
6302,2025,17,hamilton,ferrari,8,Finished,12,51,
6303,2025,17,leclerc,ferrari,9,Finished,10,51,
6304,2025,17,hadjar,rb,10,Finished,8,51,
6305,2025,17,bortoleto,sauber,11,Finished,13,51,
6306,2025,17,bearman,haas,12,Finished,15,51,
6307,2025,17,albon,williams,13,Finished,19,51,
6308,2025,17,ocon,haas,14,Finished,20,51,
6309,2025,17,alonso,aston_martin,15,Finished,11,51,
6310,2025,17,hulkenberg,sauber,16,Finished,17,51,
6311,2025,17,stroll,aston_martin,17,Finished,14,51,
6312,2025,17,gasly,alpine,18,Lapped,18,50,
6313,2025,17,colapinto,alpine,19,Lapped,16,50,
6314,2025,17,piastri,mclaren,20,Retired,9,0,
6315,2025,18,russell,mercedes,1,Finished,1,62,
6316,2025,18,max_verstappen,red_bull,2,Finished,2,62,
6317,2025,18,norris,mclaren,3,Finished,5,62,
6318,2025,18,piastri,mclaren,4,Finished,3,62,
6319,2025,18,antonelli,mercedes,5,Finished,4,62,
6320,2025,18,leclerc,ferrari,6,Finished,7,62,
6321,2025,18,alonso,aston_martin,7,Finished,10,62,
6322,2025,18,hamilton,ferrari,8,Finished,6,62,
6323,2025,18,bearman,haas,9,Finished,9,62,
6324,2025,18,sainz,williams,10,Lapped,18,61,
6325,2025,18,hadjar,rb,11,Lapped,8,61,
6326,2025,18,tsunoda,red_bull,12,Lapped,13,61,
6327,2025,18,stroll,aston_martin,13,Lapped,15,61,
6328,2025,18,albon,williams,14,Lapped,20,61,
6329,2025,18,lawson,rb,15,Lapped,12,61,
6330,2025,18,colapinto,alpine,16,Lapped,16,61,
6331,2025,18,bortoleto,sauber,17,Lapped,14,61,
6332,2025,18,ocon,haas,18,Lapped,17,61,
6333,2025,18,gasly,alpine,19,Lapped,19,61,
6334,2025,18,hulkenberg,sauber,20,Lapped,11,61,
6335,2025,19,max_verstappen,red_bull,1,Finished,1,56,
6336,2025,19,norris,mclaren,2,Finished,2,56,
6337,2025,19,leclerc,ferrari,3,Finished,3,56,
6338,2025,19,hamilton,ferrari,4,Finished,5,56,
6339,2025,19,piastri,mclaren,5,Finished,6,56,
6340,2025,19,russell,mercedes,6,Finished,4,56,
6341,2025,19,tsunoda,red_bull,7,Finished,13,56,
6342,2025,19,hulkenberg,sauber,8,Finished,11,56,
6343,2025,19,bearman,haas,9,Finished,8,56,
6344,2025,19,alonso,aston_martin,10,Finished,10,56,
6345,2025,19,lawson,rb,11,Finished,12,56,
6346,2025,19,stroll,aston_martin,12,Finished,19,56,
6347,2025,19,antonelli,mercedes,13,Finished,7,56,
6348,2025,19,albon,williams,14,Finished,18,56,
6349,2025,19,ocon,haas,15,Finished,17,56,
6350,2025,19,hadjar,rb,16,Finished,20,56,
6351,2025,19,colapinto,alpine,17,Lapped,15,55,
6352,2025,19,bortoleto,sauber,18,Lapped,16,55,
6353,2025,19,gasly,alpine,19,Lapped,14,55,
6354,2025,19,sainz,williams,20,Retired,9,5,
6355,2025,20,norris,mclaren,1,Finished,1,71,
6356,2025,20,leclerc,ferrari,2,Finished,2,71,
6357,2025,20,max_verstappen,red_bull,3,Finished,5,71,
6358,2025,20,bearman,haas,4,Finished,9,71,
6359,2025,20,piastri,mclaren,5,Finished,7,71,
6360,2025,20,antonelli,mercedes,6,Finished,6,71,
6361,2025,20,russell,mercedes,7,Finished,4,71,
6362,2025,20,hamilton,ferrari,8,Finished,3,71,
6363,2025,20,ocon,haas,9,Finished,11,71,
6364,2025,20,bortoleto,sauber,10,Finished,16,71,
6365,2025,20,tsunoda,red_bull,11,Finished,10,71,
6366,2025,20,albon,williams,12,Lapped,17,70,
6367,2025,20,hadjar,rb,13,Lapped,8,70,
6368,2025,20,stroll,aston_martin,14,Lapped,19,70,
6369,2025,20,gasly,alpine,15,Lapped,18,70,
6370,2025,20,colapinto,alpine,16,Lapped,20,70,
6371,2025,20,sainz,williams,17,Retired,12,67,
6372,2025,20,alonso,aston_martin,18,Retired,14,34,
6373,2025,20,hulkenberg,sauber,19,Retired,13,25,
6374,2025,20,lawson,rb,20,Retired,15,5,
6375,2025,21,norris,mclaren,1,Finished,1,71,
6376,2025,21,antonelli,mercedes,2,Finished,2,71,
6377,2025,21,max_verstappen,red_bull,3,Finished,19,71,
6378,2025,21,russell,mercedes,4,Finished,6,71,
6379,2025,21,piastri,mclaren,5,Finished,4,71,
6380,2025,21,bearman,haas,6,Finished,8,71,
6381,2025,21,lawson,rb,7,Finished,7,71,
6382,2025,21,hadjar,rb,8,Finished,5,71,
6383,2025,21,hulkenberg,sauber,9,Finished,10,71,
6384,2025,21,gasly,alpine,10,Finished,9,71,
6385,2025,21,albon,williams,11,Finished,12,71,
6386,2025,21,ocon,haas,12,Finished,20,71,
6387,2025,21,sainz,williams,13,Finished,15,71,
6388,2025,21,alonso,aston_martin,14,Finished,11,71,
6389,2025,21,colapinto,alpine,15,Finished,16,71,
6390,2025,21,stroll,aston_martin,16,Finished,14,71,
6391,2025,21,tsunoda,red_bull,17,Finished,17,71,
6392,2025,21,hamilton,ferrari,18,Retired,13,37,
6393,2025,21,leclerc,ferrari,19,Retired,3,5,
6394,2025,21,bortoleto,sauber,20,Retired,18,0,
6395,2025,22,max_verstappen,red_bull,1,Finished,2,50,
6396,2025,22,russell,mercedes,2,Finished,4,50,
6397,2025,22,antonelli,mercedes,3,Finished,17,50,
6398,2025,22,leclerc,ferrari,4,Finished,9,50,
6399,2025,22,sainz,williams,5,Finished,3,50,
6400,2025,22,hadjar,rb,6,Finished,8,50,
6401,2025,22,hulkenberg,sauber,7,Finished,11,50,
6402,2025,22,hamilton,ferrari,8,Finished,19,50,
6403,2025,22,ocon,haas,9,Finished,13,50,
6404,2025,22,bearman,haas,10,Finished,14,50,
6405,2025,22,alonso,aston_martin,11,Finished,7,50,
6406,2025,22,tsunoda,red_bull,12,Finished,20,50,
6407,2025,22,gasly,alpine,13,Finished,10,50,
6408,2025,22,lawson,rb,14,Lapped,6,49,
6409,2025,22,colapinto,alpine,15,Lapped,15,49,
6410,2025,22,albon,williams,16,Retired,16,35,
6411,2025,22,bortoleto,sauber,17,Retired,18,2,
6412,2025,22,stroll,aston_martin,18,Retired,12,0,
6413,2025,22,norris,mclaren,19,Disqualified,1,50,
6414,2025,22,piastri,mclaren,20,Disqualified,5,50,
6415,2025,23,max_verstappen,red_bull,1,Finished,3,57,
6416,2025,23,piastri,mclaren,2,Finished,1,57,
6417,2025,23,sainz,williams,3,Finished,7,57,
6418,2025,23,norris,mclaren,4,Finished,2,57,
6419,2025,23,antonelli,mercedes,5,Finished,5,57,
6420,2025,23,russell,mercedes,6,Finished,4,57,
6421,2025,23,alonso,aston_martin,7,Finished,8,57,
6422,2025,23,leclerc,ferrari,8,Finished,10,57,
6423,2025,23,lawson,rb,9,Finished,12,57,
6424,2025,23,tsunoda,red_bull,10,Finished,15,57,
6425,2025,23,albon,williams,11,Finished,14,57,
6426,2025,23,hamilton,ferrari,12,Finished,17,57,
6427,2025,23,bortoleto,sauber,13,Finished,19,57,
6428,2025,23,colapinto,alpine,14,Lapped,20,56,
6429,2025,23,ocon,haas,15,Lapped,16,56,
6430,2025,23,gasly,alpine,16,Lapped,9,56,
6431,2025,23,stroll,aston_martin,17,Retired,18,55,
6432,2025,23,hadjar,rb,18,Retired,6,55,
6433,2025,23,bearman,haas,19,Retired,13,41,
6434,2025,23,hulkenberg,sauber,20,Retired,11,6,
6435,2025,24,max_verstappen,red_bull,1,Finished,1,58,
6436,2025,24,piastri,mclaren,2,Finished,3,58,
6437,2025,24,norris,mclaren,3,Finished,2,58,
6438,2025,24,leclerc,ferrari,4,Finished,5,58,
6439,2025,24,russell,mercedes,5,Finished,4,58,
6440,2025,24,alonso,aston_martin,6,Finished,6,58,
6441,2025,24,ocon,haas,7,Finished,8,58,
6442,2025,24,hamilton,ferrari,8,Finished,16,58,
6443,2025,24,hulkenberg,sauber,9,Finished,18,58,
6444,2025,24,stroll,aston_martin,10,Finished,15,58,
6445,2025,24,bortoleto,sauber,11,Finished,7,58,
6446,2025,24,bearman,haas,12,Finished,11,58,
6447,2025,24,sainz,williams,13,Finished,12,58,
6448,2025,24,tsunoda,red_bull,14,Finished,10,58,
6449,2025,24,antonelli,mercedes,15,Finished,14,58,
6450,2025,24,albon,williams,16,Finished,17,58,
6451,2025,24,hadjar,rb,17,Lapped,9,57,
6452,2025,24,lawson,rb,18,Lapped,13,57,
6453,2025,24,gasly,alpine,19,Lapped,19,57,
6454,2025,24,colapinto,alpine,20,Lapped,20,57,
